Collision Id,	Report Number,	Report Version,	Is Preliminary,	NCIC Code,Crash Date Time,	Crash Time Description,	Beat,City Id,	City Code,	City Name,County Code,	City Is Active,	City Is Incorporated,	Collision Type Code,Collision Type Description,	Collision Type Other Desc,	Day Of Week,	DispatchNotified,	HasPhotographs,	HitRun,	IsAttachmentsMailed,	IsDeleted,	IsHighwayRelated,	IsTowAway,	JudicialDistrict,	MotorVehicleInvolvedWithCode,	MotorVehicleInvolvedWithDesc,MotorVehicleInvolvedWithOtherDesc,	NumberInjured,	NumberKilled,Weather 1, Weather 2, Road Condition 1, Road Condition 2, Special Condition,LightingCode, LightingDescription,Latitude,Longitude,MilepostDirection,MilepostDistance,MilepostMarker,MilepostUnitOfMeasure,	PedestrianActionCode,PedestrianActionDesc,PreparedDate,	Primary Collision Factor Code,Primary Collision Factor Violation,PrimaryCollisionFactorIsCited,	PrimaryCollisionPartyNumber,	PrimaryRoad,	ReportingDistrict,	ReportingDistrictCode,ReviewedDate,	RoadwaySurfaceCode,SecondaryDirection,	SecondaryDistance,	SecondaryRoad,	SecondaryUnitOfMeasure,	SketchDesc,	TrafficControlDeviceCode,CreatedDate,	ModifiedDate,IsCountyRoad,IsFreeway,CHP555Version,	IsAdditonalObjectStruck,NotificationDate,	NotificationTimeDescription,	HasDigitalMediaFiles,	EvidenceNumber,	IsLocationReferToNarrative,	IsAOIOneSameAsLocation
1971878,9340-2023-00133,1,False,9340,1/11/2023 9:30:00 AM,930.0,281,1368.0,4313.0,San Jose,43.0,True,True,B,SIDE SWIPE,,Wednesday,NotApplicable,False,,,False,True,False,SANTA CLARA SUPERIOR COURT HALL OF JUSTICE,C,OTHER MOTOR VEHICLE,,0.0,0.0,CLEAR,, NO UNUSUAL CONDITIONS,, ,A,DAYLIGHT,37.322663,-121.895732,,,,,A,NO PEDESTRIANS INVOLVED,1/11/2023 9:30:00 AM,A,VC 21658(A),False,1.0,I-280 S/B TO SR-87,,,1/19/2023 10:09:39 AM,B,N,1040.0,SR-87,F,,D,1/19/2023 10:09:45 AM,1/19/2023 10:09:45 AM,False,True,4,,1/11/2023 9:45:00 AM,0945,False,,,True
1971765,9340-2023-00059,1,False,9340,1/6/2023 5:00:00 AM,500.0,087,1368.0,4313.0,San Jose,43.0,True,True,B,SIDE SWIPE,,Friday,NotApplicable,False,M,,False,True,False,SANTA CLARA SUPERIOR COURT HALL OF JUSTICE,C,OTHER MOTOR VEHICLE,,0.0,0.0,CLEAR,, NO UNUSUAL CONDITIONS,, ,C,DARK-STREET LIGHTS,37.316951,-121.888961,,,,,A,NO PEDESTRIANS INVOLVED,1/6/2023 5:00:00 AM,A,VC 22350,False,2.0,SR-87 S/B,,,1/19/2023 8:54:15 AM,A,S,1090.0,I-280,F,,D,1/19/2023 8:54:19 AM,1/19/2023 8:54:19 AM,False,True,4,,1/6/2023 5:20:00 AM,0520,False,,,True
1971687,9340-2023-00273,1,False,9340,1/18/2023 6:45:00 PM,1845.0,087,1368.0,4313.0,San Jose,43.0,True,True,C,REAR END,,Wednesday,NotApplicable,False,,,False,True,False,SANTA CLARA SUPERIOR COURT HALL OF JUSTICE,C,OTHER MOTOR VEHICLE,,0.0,0.0,CLOUDY,, NO UNUSUAL CONDITIONS,, ,C,DARK-STREET LIGHTS,37.316826,-121.888862,,,,,A,NO PEDESTRIANS INVOLVED,1/18/2023 6:45:00 PM,A,VC 23152(A),True,1.0,SR-87 N/B,,,1/19/2023 7:35:07 AM,A,S,2669.0,I-280 TRANSITION,F,,D,1/19/2023 7:35:10 AM,1/19/2023 7:35:10 AM,False,True,4,,1/18/2023 6:50:00 PM,1850,False,,True,False
1971262,9340-2023-00127,1,False,9340,1/10/2023 7:35:00 PM,1935.0,110,1368.0,4313.0,San Jose,43.0,True,True,D,BROADSIDE,,Tuesday,NotApplicable,False,,,False,True,True,SANTA CLARA SUPERIOR COURT HALL OF JUSTICE,C,OTHER MOTOR VEHICLE,,1.0,0.0,RAINING,, NO UNUSUAL CONDITIONS,, ,C,DARK-STREET LIGHTS,37.331282,-121.843708,,,,,A,NO PEDESTRIANS INVOLVED,1/10/2023 7:35:00 PM,A,VC 22350,False,1.0,US-101 N/B,,,1/18/2023 4:45:15 PM,B,S,2110.0,STORY RD,F,,D,1/18/2023 4:45:17 PM,1/18/2023 4:45:17 PM,False,True,4,True,1/10/2023 7:38:00 PM,1938,False,,True,False
1971078,9340-2023-00103,1,False,9340,1/9/2023 6:10:00 AM,610.0,087,1368.0,4313.0,San Jose,43.0,True,True,C,REAR END,,Monday,Yes,False,,,False,True,True,SANTA CLARA SUPERIOR COURT HALL OF JUSTICE,C,OTHER MOTOR VEHICLE,,1.0,0.0,RAINING,, FLOODED*,, ,C,DARK-STREET LIGHTS,37.26677,-121.85949,,,,,A,NO PEDESTRIANS INVOLVED,1/9/2023 6:10:00 AM,A,VC 22350,False,1.0,SR-87 S/B,,,1/18/2023 2:15:31 PM,B,N,150.0,BRANHAM LN,F,,D,1/18/2023 2:15:34 PM,1/18/2023 2:15:34 PM,False,True,4,,1/9/2023 6:11:00 AM,0611,False,,False,True
1970933,9340-2023-00129,1,False,9340,1/10/2023 2:45:00 PM,1445.0,089,1368.0,4313.0,San Jose,43.0,True,True,C,REAR END,,Tuesday,NotApplicable,False,,,False,True,False,SANTA CLARA SUPERIOR COURT HALL OF JUSTICE,C,OTHER MOTOR VEHICLE,,0.0,0.0,CLOUDY,, NO UNUSUAL CONDITIONS,, ,A,DAYLIGHT,37.365879,-121.901462,,,,,A,NO PEDESTRIANS INVOLVED,1/10/2023 2:45:00 PM,A,VC 22350,False,1.0,I-880 S/B,,,1/18/2023 12:23:34 PM,A,N,500.0,US-101,F,,D,1/18/2023 12:23:37 PM,1/18/2023 12:23:37 PM,False,True,4,,1/10/2023 3:15:00 PM,1515,False,,,True
1970922,9340-2023-00121,1,False,9340,1/9/2023 7:44:00 PM,1944.0,087,1368.0,4313.0,San Jose,43.0,True,True,E,HIT OBJECT,POTHOLE,Monday,NotApplicable,False,,,False,True,False,SANTA CLARA SUPERIOR COURT HALL OF JUSTICE,A,NON-COLLISION,POTHOLE,0.0,0.0,CLOUDY,, HOLES- DEEPRUT*,, ,C,DARK-STREET LIGHTS,37.333864,-121.897191,,,,,A,NO PEDESTRIANS INVOLVED,1/9/2023 7:44:00 PM,A,VC 22350,False,1.0,SR-87 S/B,,,1/18/2023 12:10:00 PM,A,N,240.0,SANTA CLARA ST,F,,D,1/18/2023 12:10:02 PM,1/18/2023 12:10:02 PM,False,True,4,,1/9/2023 7:48:00 PM,1948,False,,,True
1970859,9340-2023-00115,1,False,9340,1/9/2023 12:20:00 PM,1220.0,088,1368.0,4313.0,San Jose,43.0,True,True,E,HIT OBJECT,,Monday,NotApplicable,False,,,False,True,False,SANTA CLARA SUPERIOR COURT HALL OF JUSTICE,I,FIXED OBJECT,CHAIN-LINK FENCE,0.0,0.0,CLOUDY,, NO UNUSUAL CONDITIONS,, ,A,DAYLIGHT,37.356615,-121.907815,,,,,A,NO PEDESTRIANS INVOLVED,1/9/2023 12:20:00 PM,A,VC 22350,False,1.0,I-880 N/B TO FIRST ST,,,1/18/2023 11:11:41 AM,B,S,480.0,FIRST ST,F,,A,1/18/2023 11:11:43 AM,1/18/2023 11:11:43 AM,False,True,4,,1/9/2023 1:10:00 PM,1310,False,,,True
1970855,9340-2023-00105,1,False,9340,1/9/2023 8:39:00 AM,839.0,282,1368.0,4313.0,San Jose,43.0,True,True,E,HIT OBJECT,,Monday,NotApplicable,False,,,False,True,True,SANTA CLARA SUPERIOR COURT HALL OF JUSTICE,I,FIXED OBJECT,CONCRETE BARRIER,2.0,0.0,RAINING,, NO UNUSUAL CONDITIONS,, ,A,DAYLIGHT,37.317861,-121.977192,,,,,A,NO PEDESTRIANS INVOLVED,1/9/2023 8:39:00 AM,A,22350,False,1.0,I-280 N/B,,,1/18/2023 11:07:52 AM,B,N,200.0,SARATOGA AVE,F,,D,1/18/2023 11:07:53 AM,1/18/2023 11:07:53 AM,False,True,4,,1/9/2023 8:40:00 AM,0840,False,,True,
1970835,9340-2023-00101,1,False,9340,1/9/2023 4:50:00 AM,450.0,085,1368.0,4313.0,San Jose,43.0,True,True,E,HIT OBJECT,,Monday,Yes,False,,,False,True,True,SANTA CLARA SUPERIOR COURT HALL OF JUSTICE,I,FIXED OBJECT,CONCRETE WALL,1.0,0.0,RAINING,, NO UNUSUAL CONDITIONS,, ,C,DARK-STREET LIGHTS,37.258843,-121.964097,,,,,A,NO PEDESTRIANS INVOLVED,1/9/2023 4:50:00 AM,A,VC 22107,False,1.0,SR-85 N/B,,,1/18/2023 10:56:54 AM,B,N,40.0,WINCHESTER BLVD,F,,D,1/18/2023 10:56:57 AM,1/18/2023 10:56:57 AM,False,True,4,,1/9/2023 4:51:00 AM,0451,False,,,True
1970824,9340-2023-00099,1,False,9340,1/9/2023 4:00:00 AM,400.0,816,1368.0,4313.0,San Jose,43.0,True,True,E,HIT OBJECT,,Monday,NotApplicable,False,,,False,True,False,,I,FIXED OBJECT,CONCRETE BARRIER,0.0,0.0,RAINING,, NO UNUSUAL CONDITIONS,, ,D,DARK-NO STREET LIGHTS,37.381041,-121.859283,,,,,A,NO PEDESTRIANS INVOLVED,1/9/2023 4:00:00 AM,A,VC 22350,False,1.0,I-680 N/B,,,1/18/2023 10:43:49 AM,B,S,1060.0,BERRYESSA RD,F,,D,1/18/2023 10:43:51 AM,1/18/2023 10:43:51 AM,False,True,4,,1/9/2023 4:05:00 AM,0405,False,,False,True
1970815,9340-2023-00088,1,False,9340,1/8/2023 9:25:00 AM,925.0,087,1368.0,4313.0,San Jose,43.0,True,True,B,SIDE SWIPE,,Sunday,Yes,False,,,False,True,True,SANTA CLARA SUPERIOR COURT HALL OF JUSTICE,C,OTHER MOTOR VEHICLE,,1.0,0.0,CLEAR,, NO UNUSUAL CONDITIONS,, ,A,DAYLIGHT,37.32069,-121.88997,,,,,A,NO PEDESTRIANS INVOLVED,1/8/2023 9:25:00 AM,A,VC 22107,False,1.0,SR-87 N/B TO I-280,,,1/18/2023 10:39:11 AM,A,N,450.0,WEST VIRGINIA ST,F,,D,1/18/2023 10:39:14 AM,1/18/2023 10:39:14 AM,False,True,4,,1/8/2023 9:50:00 AM,0950,False,,,True
1970795,9340-2023-00081,1,False,9340,1/8/2023 1:45:00 AM,145.0,087,1368.0,4313.0,San Jose,43.0,True,True,E,HIT OBJECT,,Sunday,Yes,False,,,False,True,True,SANTA CLARA SUPERIOR COURT HALL OF JUSTICE,I,FIXED OBJECT,CONCRETE BARRIER,3.0,0.0,RAINING,, NO UNUSUAL CONDITIONS,, ,C,DARK-STREET LIGHTS,37.374958,-121.931079,,,,,A,NO PEDESTRIANS INVOLVED,1/8/2023 1:45:00 AM,A,VC 23152(a),True,1.0,SR-87 N/B TO US-101 N/B,,,1/18/2023 10:25:56 AM,B,S,3080.0,TRIMBLE RD,F,,D,1/18/2023 10:25:58 AM,1/18/2023 10:25:58 AM,False,True,4,,1/8/2023 1:52:00 AM,0152,True,20230008,,True
1970671,9340-2023-00108,1,False,9340,1/9/2023 7:15:00 AM,715.0,681,1368.0,4313.0,San Jose,43.0,True,True,E,HIT OBJECT,,Monday,NotApplicable,False,,,False,True,True,SANTA CLARA SUPERIOR COURT HALL OF JUSTICE,I,FIXED OBJECT,COCNRETE BARRIER,1.0,0.0,RAINING,, NO UNUSUAL CONDITIONS,, ,B,DUSK-DAWN,37.352975,-121.837865,,,,,A,NO PEDESTRIANS INVOLVED,1/9/2023 7:15:00 AM,A,VC 22350,False,1.0,I-680 N/B,,,1/18/2023 8:57:25 AM,B,N,60.0,JACKSON AVE,F,,D,1/18/2023 8:57:28 AM,1/18/2023 8:57:28 AM,False,True,4,,1/9/2023 7:18:00 AM,0718,False,,,True
1970468,9340-2023-00065,1,False,9340,1/6/2023 7:10:00 PM,1910.0,089,1368.0,4313.0,San Jose,43.0,True,True,C,REAR END,,Friday,NotApplicable,False,,,False,True,False,SANTA CLARA SUPERIOR COURT HALL OF JUSTICE,C,OTHER MOTOR VEHICLE,,0.0,0.0,CLOUDY,, NO UNUSUAL CONDITIONS,, ,D,DARK-NO STREET LIGHTS,37.36681,-121.90139,,,,,A,NO PEDESTRIANS INVOLVED,1/6/2023 7:10:00 PM,A,VC 22107,False,1.0,I-880 S/B,,,1/18/2023 5:47:30 AM,B,S,265.0,OLD BAYSHORE HWY,F,,D,1/18/2023 5:47:33 AM,1/18/2023 5:47:33 AM,False,True,4,,1/6/2023 7:15:00 PM,1915,False,,,True
1970466,9340-2023-00075,1,False,9340,1/6/2023 2:30:00 PM,1430.0,089,1368.0,4313.0,San Jose,43.0,True,True,C,REAR END,,Friday,NotApplicable,False,M,,False,True,False,SANTA CLARA SUPERIOR COURT HALL OF JUSTICE,C,OTHER MOTOR VEHICLE,,0.0,0.0,CLOUDY,, NO UNUSUAL CONDITIONS,, ,A,DAYLIGHT,37.333002,-121.938164,,,,,A,NO PEDESTRIANS INVOLVED,1/6/2023 2:30:00 PM,A,VC 22350,False,1.0,I-880 N/B,,,1/18/2023 5:46:47 AM,A,S,710.0,BASCOM AVENUE,F,,D,1/18/2023 5:46:50 AM,1/18/2023 5:46:50 AM,False,True,4,,1/6/2023 3:36:00 PM,1536,False,,,True
1970227,9340-2023-00109,1,False,9340,1/9/2023 8:15:00 AM,815.0,240,1368.0,4313.0,San Jose,43.0,True,True,E,HIT OBJECT,,Monday,NotApplicable,False,,,False,True,True,SANTA CLARA SUPERIOR COURT HALL OF JUSTICE,I,FIXED OBJECT,CONCRETE BARRIER,0.0,0.0,RAINING,, FLOODED*,, ,A,DAYLIGHT,37.421405,-121.935005,,,,,A,NO PEDESTRIANS INVOLVED,1/9/2023 8:15:00 AM,A,VC 22350,False,1.0,SR-237 W/B,,,1/17/2023 4:41:42 PM,B,E,1250.0,ZANKER RD,F,,D,1/17/2023 4:41:45 PM,1/17/2023 4:41:45 PM,False,True,4,True,1/9/2023 8:19:00 AM,0819,False,,,True
1970078,9340-2023-00111,1,False,9340,1/9/2023 6:15:00 AM,615.0,281,1368.0,4313.0,San Jose,43.0,True,True,E,HIT OBJECT,,Monday,NotApplicable,False,,,False,True,True,SANTA CLARA SUPERIOR COURT HALL OF JUSTICE,I,FIXED OBJECT,CONCRETE BARRIER,1.0,0.0,RAINING,, NO UNUSUAL CONDITIONS,, ,D,DARK-NO STREET LIGHTS,37.328909,-121.869945,,,,,A,NO PEDESTRIANS INVOLVED,1/9/2023 6:15:00 AM,A,VC 22350,False,1.0,I-280 S/B,,,1/17/2023 2:33:14 PM,B,S,360.0,11TH ST,F,,A,1/17/2023 2:33:16 PM,1/17/2023 2:33:16 PM,False,True,4,True,1/9/2023 6:30:00 AM,0630,False,,,True
1970063,9340-2023-00107,1,False,9340,1/9/2023 5:50:00 AM,550.0,240,1368.0,4313.0,San Jose,43.0,True,True,B,SIDE SWIPE,,Monday,Yes,False,,,False,True,True,SANTA CLARA SUPERIOR COURT HALL OF JUSTICE,C,OTHER MOTOR VEHICLE,,2.0,0.0,RAINING,, FLOODED*,, ,D,DARK-NO STREET LIGHTS,37.421395,-121.935345,,,,,A,NO PEDESTRIANS INVOLVED,1/9/2023 5:50:00 AM,A,VC 22350,False,1.0,SR-237 W/B,,,1/17/2023 2:17:38 PM,B,E,1300.0,ZANKER RD,F,,D,1/17/2023 2:17:41 PM,1/17/2023 2:17:41 PM,False,True,4,True,1/9/2023 5:55:00 AM,0555,False,,,True
1970028,9340-2023-00100,1,False,9340,1/9/2023 5:05:00 AM,505.0,281,1368.0,4313.0,San Jose,43.0,True,True,E,HIT OBJECT,,Monday,NotApplicable,False,,,False,True,False,SANTA CLARA SUPERIOR COURT HALL OF JUSTICE,I,FIXED OBJECT,CONCRETE DIVIDER,0.0,0.0,RAINING,, NO UNUSUAL CONDITIONS,, ,D,DARK-NO STREET LIGHTS,37.317416,-121.93518,,,,,A,NO PEDESTRIANS INVOLVED,1/9/2023 5:05:00 AM,A,VC 22350,False,1.0,I-280 N/B,,,1/17/2023 1:49:05 PM,B,N,200.0,MACARTHUR AVE.,F,,D,1/17/2023 1:49:08 PM,1/17/2023 1:49:08 PM,False,True,4,,1/9/2023 5:06:00 AM,0506,False,,,True
1969175,9340-2023-00080,1,False,9340,1/7/2023 9:30:00 PM,2130.0,681,1368.0,4313.0,San Jose,43.0,True,True,E,HIT OBJECT,,Saturday,Yes,False,,,False,True,False,SANTA CLARA SUPERIOR COURT HALL OF JUSTICE,I,FIXED OBJECT,LIGHTPOLE,0.0,0.0,RAINING,, NO UNUSUAL CONDITIONS,, ,C,DARK-STREET LIGHTS,37.360372,-121.841855,,,,,A,NO PEDESTRIANS INVOLVED,1/7/2023 9:30:00 PM,A,VC 23152(a),True,1.0,I-680 S/B,,,1/16/2023 4:28:58 PM,B,N,282.0,ALUM ROCK AVE,F,,D,1/16/2023 4:28:59 PM,1/16/2023 4:28:59 PM,False,True,4,,1/7/2023 9:37:00 PM,2137,False,,,True
1969170,9340-2023-00066,1,False,9340,1/6/2023 6:25:00 PM,1825.0,681,1368.0,4313.0,San Jose,43.0,True,True,C,REAR END,,Friday,NotApplicable,False,,,False,True,False,SANTA CLARA SUPERIOR COURT HALL OF JUSTICE,C,OTHER MOTOR VEHICLE,,0.0,0.0,CLEAR,, NO UNUSUAL CONDITIONS,, ,B,DUSK-DAWN,37.367678,-121.84623,,,,,A,NO PEDESTRIANS INVOLVED,1/6/2023 6:25:00 PM,A,VC 22350,False,1.0,I-680 S/B,,,1/16/2023 4:01:00 PM,A,S,85.0,MCKEE RD,F,,D,1/16/2023 4:01:03 PM,1/16/2023 4:01:03 PM,False,True,4,,1/6/2023 6:35:00 PM,1835,False,,,True
1969167,9340-2023-00063,1,False,9340,1/6/2023 1:35:00 PM,1335.0,110,1368.0,4313.0,San Jose,43.0,True,True,B,SIDE SWIPE,,Friday,Yes,False,,,False,True,True,SANTA CLARA SUPERIOR COURT HALL OF JUSTICE,C,OTHER MOTOR VEHICLE,,1.0,0.0,CLEAR,, NO UNUSUAL CONDITIONS,, ,A,DAYLIGHT,37.353517,-121.865089,,,,,A,NO PEDESTRIANS INVOLVED,1/6/2023 1:35:00 PM,A,VC 22350,False,1.0,US-101 N/B,,,1/16/2023 3:52:08 PM,A,S,365.0,E. JULIAN ST,F,,D,1/16/2023 3:52:12 PM,1/16/2023 3:52:12 PM,False,True,4,,1/6/2023 1:36:00 PM,1336,True,EMBEDDED,True,False
1969162,9340-2023-00073,1,False,9340,1/6/2023 6:45:00 PM,1845.0,087,1368.0,4313.0,San Jose,43.0,True,True,C,REAR END,,Friday,NotApplicable,False,M,,False,True,False,SANTA CLARA SUPERIOR COURT HALL OF JUSTICE,C,OTHER MOTOR VEHICLE,,0.0,0.0,CLEAR,, NO UNUSUAL CONDITIONS,, ,D,DARK-NO STREET LIGHTS,37.323733,-121.89004,,,,,A,NO PEDESTRIANS INVOLVED,1/6/2023 6:45:00 PM,A,VC 22350,False,1.0,SR-87 S/B TO I-280 S/B,,,1/16/2023 3:19:42 PM,B,N,700.0,VINE ST,F,,D,1/16/2023 3:19:45 PM,1/16/2023 3:19:45 PM,False,True,4,,1/6/2023 6:57:00 PM,1857,False,,,True
1968915,9725-2023-00022,1,False,9725,1/5/2023 1:05:00 PM,1305.0,015,1368.0,4313.0,San Jose,43.0,True,True,E,HIT OBJECT,,Thursday,NotApplicable,False,,,False,True,False,SANTA CLARA SUPERIOR COURT DOWNTOWN SUPERIOR COURT,I,FIXED OBJECT,WOOD/METAL GUARDRAIL,1.0,0.0,RAINING,, NO UNUSUAL CONDITIONS,, ,A,DAYLIGHT,37.243309,-121.771138,,,,,A,NO PEDESTRIANS INVOLVED,1/5/2023 1:05:00 PM,A,VC 22350,False,1.0,US-101 N/B ,,,1/16/2023 7:23:03 AM,B,S,500.0,BERNAL RD,F,,D,1/16/2023 7:23:08 AM,1/16/2023 7:23:08 AM,False,True,4,,1/5/2023 1:15:00 PM,1315,False,,,True
1968570,9340-2023-00083,1,False,9340,1/8/2023 1:10:00 AM,110.0,282,1368.0,4313.0,San Jose,43.0,True,True,E,HIT OBJECT,,Sunday,NotApplicable,False,,,False,True,True,SANTA CLARA SUPERIOR COURT HALL OF JUSTICE,I,FIXED OBJECT,CONCRETE BARRIER,1.0,0.0,RAINING,, NO UNUSUAL CONDITIONS,, ,C,DARK-STREET LIGHTS,37.316456,-121.965231,,,,,A,NO PEDESTRIANS INVOLVED,1/8/2023 1:10:00 AM,A,VC 22350,False,1.0,I-280 S/B,,,1/14/2023 4:11:14 PM,B,N,250.0,SAN TOMAS EXPY.,F,,D,1/14/2023 4:11:16 PM,1/14/2023 4:11:16 PM,False,True,4,,1/8/2023 1:13:00 AM,0113,False,,,True
1968564,9340-2023-00077,1,False,9340,1/7/2023 5:08:00 PM,1708.0,282,1368.0,4313.0,San Jose,43.0,True,True,B,SIDE SWIPE,,Saturday,NotApplicable,False,,,False,True,True,SANTA CLARA SUPERIOR COURT HALL OF JUSTICE,C,OTHER MOTOR VEHICLE,,0.0,0.0,RAINING,, NO UNUSUAL CONDITIONS,, ,B,DUSK-DAWN,37.317905,-121.977033,,,,,A,NO PEDESTRIANS INVOLVED,1/7/2023 5:08:00 PM,A,VC 22350,False,1.0,I-280 N/B,,,1/14/2023 3:28:12 PM,B,N,600.0,SARATOGA AVE,F,,D,1/14/2023 3:28:14 PM,1/14/2023 3:28:14 PM,False,True,4,True,1/7/2023 5:13:00 PM,1713,False,,,True
1968560,9340-2023-00076,1,False,9340,1/7/2023 5:05:00 PM,1705.0,282,1368.0,4313.0,San Jose,43.0,True,True,B,SIDE SWIPE,,Saturday,NotApplicable,False,,,False,True,True,SANTA CLARA SUPERIOR COURT HALL OF JUSTICE,C,OTHER MOTOR VEHICLE,,1.0,0.0,RAINING,, NO UNUSUAL CONDITIONS,, ,B,DUSK-DAWN,37.316923,-121.952222,,,,,A,NO PEDESTRIANS INVOLVED,1/7/2023 5:05:00 PM,A,VC 22350,False,1.0,I-280 N/B,,,1/14/2023 3:21:46 PM,B,N,550.0,WINCHESTER BLVD,F,,D,1/14/2023 3:21:48 PM,1/14/2023 3:21:48 PM,False,True,4,,1/7/2023 5:20:00 PM,1720,False,,,True
1968559,9340-2023-00062,1,False,9340,1/6/2023 8:00:00 AM,800.0,087,1368.0,4313.0,San Jose,43.0,True,True,E,HIT OBJECT,,Friday,NotApplicable,False,,,False,True,False,SANTA CLARA SUPERIOR COURT HALL OF JUSTICE,I,FIXED OBJECT,METERING LIGHT,0.0,0.0,CLEAR,, NO UNUSUAL CONDITIONS,, ,A,DAYLIGHT,37.29203,-121.872265,,,,,A,NO PEDESTRIANS INVOLVED,1/6/2023 8:00:00 AM,C,,,,SR-87 SB FROM CURTNER AVE.,,,1/14/2023 3:06:29 PM,A,S,670.0,CURTNER AVE,F,,A,1/14/2023 3:06:33 PM,1/14/2023 3:06:33 PM,False,True,4,,1/6/2023 8:05:00 AM,0805,True,EMBEDDED,,True
1968552,9340-2023-00040,1,False,9340,1/4/2023 8:00:00 PM,2000.0,281,1368.0,4313.0,San Jose,43.0,True,True,B,SIDE SWIPE,,Wednesday,Yes,False,M,,False,True,False,SANTA CLARA SUPERIOR COURT HALL OF JUSTICE,C,OTHER MOTOR VEHICLE,,0.0,0.0,RAINING,, NO UNUSUAL CONDITIONS,, ,C,DARK-STREET LIGHTS,37.333623,-121.861645,,,,,A,NO PEDESTRIANS INVOLVED,1/4/2023 8:00:00 PM,A,VC 22350,False,1.0,I-280 S/B,,,1/14/2023 2:10:27 PM,B,N,1500.0,MCLAUGHLIN AVE,F,,D,1/14/2023 2:10:35 PM,1/14/2023 2:10:35 PM,False,True,4,,1/4/2023 8:30:00 PM,2030,False,,,True
1968548,9340-2023-00041,1,False,9340,1/4/2023 9:50:00 PM,2150.0,110,1368.0,4313.0,San Jose,43.0,True,True,E,HIT OBJECT,,Wednesday,Yes,False,,,False,True,True,SANTA CLARA SUPERIOR COURT HALL OF JUSTICE,I,FIXED OBJECT,CHAIN LINK FENCE,1.0,0.0,RAINING,, NO UNUSUAL CONDITIONS,, ,C,DARK-STREET LIGHTS,37.340768,-121.852487,,,,,A,NO PEDESTRIANS INVOLVED,1/4/2023 9:50:00 PM,A,VC 22350,False,1.0,US-101 N/B,,,1/14/2023 1:02:55 PM,B,N,326.0,I-280,F,,D,1/14/2023 1:03:00 PM,1/14/2023 1:03:00 PM,False,True,4,,1/4/2023 9:55:00 PM,2155,False,,,False
1968536,9340-2023-00160,1,False,9340,1/1/2023 2:05:00 AM,205.0,110,1368.0,4313.0,San Jose,43.0,True,True,C,REAR END,,Sunday,NotApplicable,False,M,,False,True,False,SANTA CLARA SUPERIOR COURT HALL OF JUSTICE,C,OTHER MOTOR VEHICLE,,0.0,0.0,CLEAR,, NO UNUSUAL CONDITIONS,, Late-Reported,C,DARK-STREET LIGHTS,37.294766,-121.810475,,,,,A,NO PEDESTRIANS INVOLVED,1/1/2023 2:05:00 AM,A,VC 22350,False,1.0,US-101 S/B TO YERBA BUENA,,,1/14/2023 11:45:12 AM,B,N,50.0,YERBA BUENA RD,F,,A,1/14/2023 11:45:15 AM,1/14/2023 11:45:15 AM,False,True,4,,1/4/2023 9:00:00 PM,2100,False,,,True
1968006,9340-2023-00070,1,False,9340,1/6/2023 11:10:00 PM,2310.0,087,1368.0,4313.0,San Jose,43.0,True,True,E,HIT OBJECT,,Friday,NotApplicable,False,,,False,True,True,SANTA CLARA SUPERIOR COURT HALL OF JUSTICE,I,FIXED OBJECT,CONCRETE BARRIER,0.0,0.0,CLEAR,, NO UNUSUAL CONDITIONS,, ,C,DARK-STREET LIGHTS,37.327961,-121.894533,,,,,A,NO PEDESTRIANS INVOLVED,1/6/2023 11:10:00 PM,A,VC 22107,False,1.0,SR-87 N/B,,,1/13/2023 12:21:47 PM,A,N,30.0,SAN CARLOS,F,,D,1/13/2023 12:21:50 PM,1/13/2023 12:21:50 PM,False,True,4,,1/6/2023 11:15:00 PM,2315,False,,False,True
1967966,9340-2023-00061,1,False,9340,1/6/2023 6:22:00 AM,622.0,089,1368.0,4313.0,San Jose,43.0,True,True,B,SIDE SWIPE,,Friday,NotApplicable,False,,,False,True,False,SANTA CLARA SUPERIOR COURT HALL OF JUSTICE,C,OTHER MOTOR VEHICLE,,0.0,0.0,CLOUDY,, NO UNUSUAL CONDITIONS,, ,C,DARK-STREET LIGHTS,37.373175,-121.902235,,,,,A,NO PEDESTRIANS INVOLVED,1/6/2023 6:22:00 AM,A,VC 22350,False,1.0,I-880 N/B,,,1/13/2023 11:17:07 AM,A,N,2000.0,OLD BAYSHORE HWY,F,,D,1/13/2023 11:17:09 AM,1/13/2023 11:17:09 AM,False,True,4,,1/6/2023 6:30:00 AM,0630,False,,,True
1967952,9340-2023-00030,1,False,9340,1/3/2023 3:10:00 PM,1510.0,088,1368.0,4313.0,San Jose,43.0,True,True,C,REAR END,,Tuesday,Yes,False,,,False,True,False,SANTA CLARA SUPERIOR COURT HALL OF JUSTICE,C,OTHER MOTOR VEHICLE,,1.0,0.0,CLOUDY,, NO UNUSUAL CONDITIONS,, ,A,DAYLIGHT,37.318459,-121.940554,,,,,A,NO PEDESTRIANS INVOLVED,1/3/2023 3:10:00 PM,A,VC 22350,False,1.0,SR-17 S/B FROM STEVENS CREEK BLVD,,,1/13/2023 11:02:06 AM,A,N,360.0,I-280,F,,A,1/13/2023 11:03:36 AM,1/13/2023 11:03:36 AM,False,True,4,False,1/3/2023 3:20:00 PM,1520,False,,False,True