Collision Id,	Report Number,	Report Version,	Is Preliminary,	NCIC Code,Crash Date Time,	Crash Time Description,	Beat,City Id,	City Code,	City Name,County Code,	City Is Active,	City Is Incorporated,	Collision Type Code,Collision Type Description,	Collision Type Other Desc,	Day Of Week,	DispatchNotified,	HasPhotographs,	HitRun,	IsAttachmentsMailed,	IsDeleted,	IsHighwayRelated,	IsTowAway,	JudicialDistrict,	MotorVehicleInvolvedWithCode,	MotorVehicleInvolvedWithDesc,MotorVehicleInvolvedWithOtherDesc,	NumberInjured,	NumberKilled,Weather 1, Weather 2, Road Condition 1, Road Condition 2, Special Condition,LightingCode, LightingDescription,Latitude,Longitude,MilepostDirection,MilepostDistance,MilepostMarker,MilepostUnitOfMeasure,	PedestrianActionCode,PedestrianActionDesc,PreparedDate,	Primary Collision Factor Code,Primary Collision Factor Violation,PrimaryCollisionFactorIsCited,	PrimaryCollisionPartyNumber,	PrimaryRoad,	ReportingDistrict,	ReportingDistrictCode,ReviewedDate,	RoadwaySurfaceCode,SecondaryDirection,	SecondaryDistance,	SecondaryRoad,	SecondaryUnitOfMeasure,	SketchDesc,	TrafficControlDeviceCode,CreatedDate,	ModifiedDate,IsCountyRoad,IsFreeway,CHP555Version,	IsAdditonalObjectStruck,NotificationDate,	NotificationTimeDescription,	HasDigitalMediaFiles,	EvidenceNumber,	IsLocationReferToNarrative,	IsAOIOneSameAsLocation
1967944,9340-2023-00029,1,False,9340,1/3/2023 5:30:00 PM,1730.0,120,1368.0,4313.0,San Jose,43.0,True,True,B,SIDE SWIPE,,Tuesday,NotApplicable,False,,,False,True,False,SANTA CLARA SUPERIOR COURT HALL OF JUSTICE,C,OTHER MOTOR VEHICLE,,0.0,0.0,CLOUDY,, NO UNUSUAL CONDITIONS,, ,C,DARK-STREET LIGHTS,37.364527,-121.903356,,,,,A,NO PEDESTRIANS INVOLVED,1/3/2023 5:30:00 PM,A,VC 21658(A),False,1.0,US 101 S/B ,,,1/13/2023 10:56:46 AM,A,N,377.0,I-880,F,,D,1/13/2023 10:58:23 AM,1/13/2023 10:58:23 AM,False,True,4,,1/3/2023 5:35:00 PM,1735,False,,False,True
1967940,9340-2023-00060,1,False,9340,1/6/2023 6:17:00 AM,617.0,089,1368.0,4313.0,San Jose,43.0,True,True,E,HIT OBJECT,,Friday,NotApplicable,False,,,False,True,True,SANTA CLARA SUPERIOR COURT HALL OF JUSTICE,I,FIXED OBJECT,CONCRETE BARRIER,0.0,0.0,CLOUDY,, NO UNUSUAL CONDITIONS,, ,C,DARK-STREET LIGHTS,37.373045,-121.902245,,,,,A,NO PEDESTRIANS INVOLVED,1/6/2023 6:17:00 AM,A,VC 22350,False,1.0,I-880 N/B,,,1/13/2023 10:53:24 AM,A,N,1950.0,OLD BAYSHORE HWY,F,,D,1/13/2023 10:53:27 AM,1/13/2023 10:53:27 AM,False,True,4,,1/6/2023 6:30:00 AM,0630,False,,,True
1967925,9340-2023-00053,1,False,9340,1/5/2023 3:40:00 PM,1540.0,110,1368.0,4313.0,San Jose,43.0,True,True,C,REAR END,,Thursday,NotApplicable,False,,,False,True,False,SANTA CLARA SUPERIOR COURT HALL OF JUSTICE,C,OTHER MOTOR VEHICLE,,0.0,0.0,CLOUDY,, NO UNUSUAL CONDITIONS,, ,A,DAYLIGHT,37.320276,-121.833814,,,,,A,NO PEDESTRIANS INVOLVED,1/5/2023 3:40:00 PM,A,VC 22350,False,1.0,US-101 S/B TO TULLY ROAD,,,1/13/2023 10:41:23 AM,B,N,1100.0,TULLY ROAD,F,,D,1/13/2023 10:41:28 AM,1/13/2023 10:41:28 AM,False,True,4,,1/5/2023 3:50:00 PM,1550,False,,,True
1967923,9340-2022-05326,1,False,9340,1/2/2023 3:20:00 PM,1520.0,083,1368.0,4313.0,San Jose,43.0,True,True,C,REAR END,,Monday,Yes,False,,,False,True,True,SANTA CLARA SUPERIOR COURT HALL OF JUSTICE,C,OTHER MOTOR VEHICLE,,1.0,0.0,RAINING,, NO UNUSUAL CONDITIONS,, ,A,DAYLIGHT,37.252443,-121.88582,,,,,A,NO PEDESTRIANS INVOLVED,1/2/2023 3:20:00 PM,A,VC 22350,False,1.0,SR-85 S/B,,,1/13/2023 10:39:20 AM,B,N,3000.0,ALMADEN EXPY,F,,D,1/13/2023 10:40:20 AM,1/13/2023 10:40:20 AM,False,True,4,,1/2/2023 3:30:00 PM,1530,False,,True,
1967892,9340-2023-00023,1,False,9340,1/3/2023 8:45:00 AM,845.0,087,1368.0,4313.0,San Jose,43.0,True,True,C,REAR END,,Tuesday,NotApplicable,False,,,False,True,False,SANTA CLARA SUPERIOR COURT HALL OF JUSTICE,C,OTHER MOTOR VEHICLE,,0.0,0.0,CLEAR,, NO UNUSUAL CONDITIONS,, ,A,DAYLIGHT,37.291127,-121.871405,,,,,A,NO PEDESTRIANS INVOLVED,1/3/2023 8:45:00 AM,A,VC 22350,False,1.0,SR-87 N/B,,,1/13/2023 10:06:03 AM,A,S,191.0,MILL POND DR,F,,D,1/13/2023 10:06:12 AM,1/13/2023 10:06:12 AM,False,True,4,,1/3/2023 8:55:00 AM,0855,False,,,True
1967880,9340-2023-00039,1,False,9340,1/4/2023 7:05:00 PM,1905.0,087,1368.0,4313.0,San Jose,43.0,True,True,E,HIT OBJECT,,Wednesday,Yes,False,,,False,True,True,SANTA CLARA SUPERIOR COURT HALL OF JUSTICE,I,FIXED OBJECT,METAL GUARDRAIL,0.0,0.0,RAINING,, NO UNUSUAL CONDITIONS,, ,D,DARK-NO STREET LIGHTS,37.291367,-121.871408,,,,,A,NO PEDESTRIANS INVOLVED,1/4/2023 7:05:00 PM,A,VC 23152(a),True,1.0,SR-87 N/B,,,1/13/2023 9:56:08 AM,B,S,1240.0,CURTNER AVE,F,,D,1/13/2023 9:56:13 AM,1/13/2023 9:56:13 AM,False,True,4,,1/4/2023 7:10:00 PM,1910,False,,,True
1967863,9340-2023-00020,1,False,9340,1/2/2023 10:48:00 PM,2248.0,120,1368.0,4313.0,San Jose,43.0,True,True,F,OVERTURNED,,Monday,Yes,False,,,False,True,True,SANTA CLARA SUPERIOR COURT HALL OF JUSTICE,A,NON-COLLISION,,0.0,0.0,CLOUDY,, NO UNUSUAL CONDITIONS,, ,C,DARK-STREET LIGHTS,37.382101,-121.962226,,,,,A,NO PEDESTRIANS INVOLVED,1/2/2023 10:48:00 PM,A,VC 22350,False,1.0,US-101 N/B TO MONTAGUE EXPWY.,,,1/13/2023 9:50:20 AM,B,S,335.0,MONTAGUE EXPWY.,F,,D,1/13/2023 9:50:22 AM,1/13/2023 9:50:22 AM,False,True,4,,1/2/2023 10:55:00 PM,2255,False,,,False
1967821,9340-2023-00011,1,False,9340,1/2/2023 9:10:00 AM,910.0,681,1368.0,4313.0,San Jose,43.0,True,True,B,SIDE SWIPE,,Monday,NotApplicable,False,M,,False,True,False,SANTA CLARA SUPERIOR COURT HALL OF JUSTICE,C,OTHER MOTOR VEHICLE,,0.0,0.0,CLOUDY,, NO UNUSUAL CONDITIONS,, ,A,DAYLIGHT,37.394334,-121.873553,,,,,A,NO PEDESTRIANS INVOLVED,1/2/2023 9:10:00 AM,A,VC 22107,False,1.0,I-680 S/B,,,1/13/2023 9:21:56 AM,A,S,260.0,HOSTETTER RD,F,,D,1/13/2023 9:21:59 AM,1/13/2023 9:21:59 AM,False,True,4,,1/2/2023 9:15:00 AM,0915,False,,,True
1967820,9340-2023-00003,1,False,9340,1/1/2023 9:40:00 AM,940.0,281,1368.0,4313.0,San Jose,43.0,True,True,C,REAR END,,Sunday,NotApplicable,False,,,False,True,False,SANTA CLARA SUPERIOR COURT HALL OF JUSTICE,C,OTHER MOTOR VEHICLE,,0.0,0.0,CLEAR,, FLOODED*,, ,A,DAYLIGHT,37.321842,-121.898629,,,,,A,NO PEDESTRIANS INVOLVED,1/1/2023 9:40:00 AM,A,VC 22350,False,1.0,I-280 S/B TO SR-87,,,1/13/2023 9:20:28 AM,B,S,300.0,BIRD AVENUE,F,,D,1/13/2023 9:20:30 AM,1/13/2023 9:20:30 AM,False,True,4,,1/1/2023 9:45:00 AM,0945,False,,,True
1967126,9340-2023-00031,1,False,9340,1/3/2023 5:30:00 PM,1730.0,088,1368.0,4313.0,San Jose,43.0,True,True,C,REAR END,,Tuesday,NotApplicable,False,,,False,True,False,SANTA CLARA SUPERIOR COURT HALL OF JUSTICE,C,OTHER MOTOR VEHICLE,,0.0,0.0,CLOUDY,, NO UNUSUAL CONDITIONS,, ,D,DARK-NO STREET LIGHTS,37.35379,-121.91164,,,,,A,NO PEDESTRIANS INVOLVED,1/3/2023 5:30:00 PM,A,VC 22350,False,1.0,I-880 N/B,,,1/12/2023 3:10:32 PM,A,S,170.0,SR-87,F,,D,1/12/2023 3:10:34 PM,1/12/2023 3:10:34 PM,False,True,4,,1/3/2023 5:31:00 PM,1731,False,,,True
1966957,9340-2023-00050,1,False,9340,1/5/2023 2:50:00 PM,1450.0,172,1368.0,4313.0,San Jose,43.0,True,True,E,HIT OBJECT,,Thursday,NotApplicable,False,,,False,True,False,SANTA CLARA SUPERIOR COURT HALL OF JUSTICE,J,OTHER OBJECT,METAL DEBRIS ,0.0,0.0,CLEAR,, OBSTRUCTION ON ROADWAY*,, ,A,DAYLIGHT,37.306986,-121.940739,,,,,A,NO PEDESTRIANS INVOLVED,1/5/2023 2:50:00 PM,A,VC 22350,False,1.0,SR-17 S/B,,,1/12/2023 12:49:40 PM,A,N,4599.0,HAMILTON AVE,F,,D,1/12/2023 12:49:43 PM,1/12/2023 12:49:43 PM,False,True,4,,1/5/2023 3:00:00 PM,1500,False,,,True
1966956,9340-2023-00049,1,False,9340,1/5/2023 10:55:00 AM,1055.0,172,1368.0,4313.0,San Jose,43.0,True,True,E,HIT OBJECT,,Thursday,NotApplicable,False,,,False,True,False,SANTA CLARA SUPERIOR COURT HALL OF JUSTICE,J,OTHER OBJECT,TREE,0.0,0.0,RAINING,, NO UNUSUAL CONDITIONS,, ,A,DAYLIGHT,37.312681,-121.940789,,,,,A,NO PEDESTRIANS INVOLVED,1/5/2023 10:55:00 AM,C,,,,SR-17 S/B,,,1/12/2023 12:49:38 PM,B,S,1209.0,MOORPARK AVE,F,,D,1/12/2023 12:49:42 PM,1/12/2023 12:49:42 PM,False,True,4,,1/5/2023 10:55:00 AM,1055,False,,,True
1966923,9340-2023-00046,1,False,9340,1/5/2023 6:18:00 AM,618.0,088,1368.0,4313.0,San Jose,43.0,True,True,B,SIDE SWIPE,,Thursday,NotApplicable,False,,,False,True,False,SANTA CLARA SUPERIOR COURT HALL OF JUSTICE,C,OTHER MOTOR VEHICLE,,0.0,0.0,CLOUDY,, NO UNUSUAL CONDITIONS,, On-Duty Emergency Vehicle,C,DARK-STREET LIGHTS,37.334515,-121.936095,,,,,A,NO PEDESTRIANS INVOLVED,1/5/2023 6:18:00 AM,A,VC 21658(A),False,1.0,I-880 N/B,,,1/12/2023 12:32:02 PM,B,N,70.0,BASCOM AVE,F,,A,1/12/2023 12:32:06 PM,1/12/2023 12:32:06 PM,False,True,4,,1/5/2023 6:26:00 AM,0626,False,,,True
1966880,9340-2023-00043,1,False,9340,1/4/2023 11:40:00 PM,2340.0,087,1368.0,4313.0,San Jose,43.0,True,True,E,HIT OBJECT,,Wednesday,NotApplicable,False,M,,False,True,True,SANTA CLARA SUPERIOR COURT HALL OF JUSTICE,I,FIXED OBJECT,CONCRETE BARRIER,0.0,0.0,RAINING,, NO UNUSUAL CONDITIONS,, ,C,DARK-STREET LIGHTS,37.296082,-121.873685,,,,,A,NO PEDESTRIANS INVOLVED,1/4/2023 11:40:00 PM,A,VC 22107,False,1.0,SR-87 S/B,,,1/12/2023 11:55:38 AM,B,N,591.0,CURTNER AVE.,F,,D,1/12/2023 11:55:40 AM,1/12/2023 11:55:40 AM,False,True,4,,1/4/2023 11:49:00 PM,2349,False,,,True
1966747,9340-2023-00004,2,False,9340,1/1/2023 11:59:00 AM,1159.0,070,1368.0,4313.0,San Jose,43.0,True,True,D,BROADSIDE,,Sunday,NotApplicable,False,,,False,False,False,SANTA CLARA SUPERIOR COURT HALL OF JUSTICE,C,OTHER MOTOR VEHICLE,,0.0,0.0,CLEAR,, NO UNUSUAL CONDITIONS,, On-Duty Emergency Vehicle,A,DAYLIGHT,37.319873,-121.931932,,,,,A,NO PEDESTRIANS INVOLVED,1/1/2023 11:59:00 AM,A,VC 21806(A),False,2.0,BASCOM AVENUE,,,2/20/2023 12:05:33 PM,A,,,SCOTT STREET,,,A,1/12/2023 10:15:47 AM,2/20/2023 12:05:37 PM,True,False,4,,1/1/2023 12:05:00 PM,1205,False,,,True
1966653,9340-2023-00002,1,False,9340,1/1/2023 2:40:00 AM,240.0,088,1368.0,4313.0,San Jose,43.0,True,True,E,HIT OBJECT,,Sunday,Yes,False,F,,False,True,True,SANTA CLARA SUPERIOR COURT HALL OF JUSTICE,I,FIXED OBJECT,CONCRETE WALL,1.0,0.0,CLOUDY,, NO UNUSUAL CONDITIONS,, ,C,DARK-STREET LIGHTS,37.335385,-121.935971,,,,,A,NO PEDESTRIANS INVOLVED,1/1/2023 2:40:00 AM,A,VC 23152(a),True,1.0,I-880 S/B TO BASCOM AVE.,,,1/12/2023 9:12:51 AM,B,N,190.0,BASCOM AVE,F,,A,1/12/2023 9:12:54 AM,1/12/2023 9:12:54 AM,False,True,4,True,1/1/2023 2:41:00 AM,0241,False,,,True
1966634,9340-2023-00010,1,False,9340,1/1/2023 10:55:00 PM,2255.0,282,1368.0,4313.0,San Jose,43.0,True,True,C,REAR END,,Sunday,NotApplicable,False,F,,False,True,True,SANTA CLARA SUPERIOR COURT HALL OF JUSTICE,C,OTHER MOTOR VEHICLE,,1.0,0.0,CLEAR,, NO UNUSUAL CONDITIONS,, ,C,DARK-STREET LIGHTS,37.316408,-121.951568,,,,,A,NO PEDESTRIANS INVOLVED,1/1/2023 10:55:00 PM,A,VC 22350,False,1.0,I-280 S/B TO WINCHESTER BLVD,,,1/12/2023 8:57:59 AM,A,N,76.0,MOORPARK AVE,F,,D,1/12/2023 8:59:48 AM,1/12/2023 8:59:48 AM,False,True,4,True,1/1/2023 11:01:00 PM,2301,False,,,True
1966022,9340-2023-00025,1,False,9340,1/3/2023 4:15:00 PM,1615.0,281,1368.0,4313.0,San Jose,43.0,True,True,C,REAR END,,Tuesday,NotApplicable,False,M,,False,True,False,SANTA CLARA SUPERIOR COURT HALL OF JUSTICE,C,OTHER MOTOR VEHICLE,,0.0,0.0,CLOUDY,, NO UNUSUAL CONDITIONS,, ,A,DAYLIGHT,37.32489,-121.88916,,,,,A,NO PEDESTRIANS INVOLVED,1/3/2023 4:15:00 PM,A,VC 22350,False,1.0,I-280 N/B TO SR-87 S/B,,,1/11/2023 2:49:47 PM,A,N,320.0,VINE ST,F,,D,1/11/2023 2:49:50 PM,1/11/2023 2:49:50 PM,False,True,4,,1/3/2023 4:30:00 PM,1630,False,,,True
1965992,9340-2023-00032,1,False,9340,1/3/2023 9:50:00 PM,2150.0,120,1368.0,4313.0,San Jose,43.0,True,True,C,REAR END,,Tuesday,NotApplicable,False,,,False,True,True,SANTA CLARA SUPERIOR COURT HALL OF JUSTICE,C,OTHER MOTOR VEHICLE,,2.0,0.0,CLEAR,, NO UNUSUAL CONDITIONS,, ,C,DARK-STREET LIGHTS,37.366557,-121.906277,,,,,A,NO PEDESTRIANS INVOLVED,1/3/2023 9:50:00 PM,A,VC 22350,False,1.0,US-101 S/B,,,1/11/2023 2:30:46 PM,A,N,1480.0,I-880,F,,D,1/11/2023 2:30:50 PM,1/11/2023 2:30:50 PM,False,True,4,,1/3/2023 9:55:00 PM,2155,False,,,True
1965912,9340-2023-00033,1,False,9340,1/3/2023 2:30:00 PM,1430.0,087,1368.0,4313.0,San Jose,43.0,True,True,C,REAR END,,Tuesday,NotApplicable,False,M,,False,True,False,SANTA CLARA SUPERIOR COURT HALL OF JUSTICE,C,OTHER MOTOR VEHICLE,,0.0,0.0,CLEAR,, NO UNUSUAL CONDITIONS,, ,A,DAYLIGHT,37.32982,-121.89631,,,,,A,NO PEDESTRIANS INVOLVED,1/3/2023 2:30:00 PM,A,VC 22350,False,1.0,SR-87 S/B,,,1/11/2023 1:14:55 PM,A,N,262.0,PARK AVE,F,,D,1/11/2023 1:14:58 PM,1/11/2023 1:14:58 PM,False,True,4,,1/3/2023 3:18:00 PM,1518,False,,,True
1965827,9340-2023-00009,1,False,9340,1/1/2023 3:45:00 PM,1545.0,110,1368.0,4313.0,San Jose,43.0,True,True,C,REAR END,,Sunday,NotApplicable,False,M,,False,True,False,SANTA CLARA SUPERIOR COURT HALL OF JUSTICE,C,OTHER MOTOR VEHICLE,,0.0,0.0,CLOUDY,, NO UNUSUAL CONDITIONS,, ,A,DAYLIGHT,37.355727,-121.868085,,,,,A,NO PEDESTRIANS INVOLVED,1/1/2023 3:45:00 PM,A,VC 22350,False,1.0,US-101 S/B,,,1/11/2023 12:01:54 PM,B,N,950.0,MCKEE RD,F,,D,1/11/2023 12:02:01 PM,1/11/2023 12:02:01 PM,False,True,4,,1/1/2023 3:58:00 PM,1558,False,,,True
1965706,9340-2023-00005,1,False,9340,1/1/2023 12:50:00 PM,1250.0,281,1368.0,4313.0,San Jose,43.0,True,True,C,REAR END,,Sunday,Yes,False,,,False,True,False,SANTA CLARA SUPERIOR COURT HALL OF JUSTICE,C,OTHER MOTOR VEHICLE,,3.0,0.0,CLEAR,, NO UNUSUAL CONDITIONS,, ,A,DAYLIGHT,37.319728,-121.901151,,,,,A,NO PEDESTRIANS INVOLVED,1/1/2023 12:50:00 PM,A,VC 21658(A),False,1.0,I-280 S/B,,,1/11/2023 10:42:30 AM,A,N,1160.0,BIRD AVE,F,,D,1/11/2023 10:42:33 AM,1/11/2023 10:42:33 AM,False,True,4,,1/1/2023 12:51:00 PM,1251,False,,,True
1965698,9340-2023-00001,1,False,9340,1/1/2023 2:10:00 AM,210.0,681,1368.0,4313.0,San Jose,43.0,True,True,E,HIT OBJECT,,Sunday,NotApplicable,False,M,,False,True,False,SANTA CLARA SUPERIOR COURT HALL OF JUSTICE,I,FIXED OBJECT,TREE STUMP,0.0,0.0,CLEAR,, NO UNUSUAL CONDITIONS,, ,D,DARK-NO STREET LIGHTS,37.393684,-121.873637,,,,,A,NO PEDESTRIANS INVOLVED,1/1/2023 2:10:00 AM,A,VC 22107,False,1.0,I-680 S/B FROM HOSTETTER RD,,,1/11/2023 10:38:55 AM,B,S,420.0,HOSTETTER RD,F,,D,1/11/2023 10:38:57 AM,1/11/2023 10:38:57 AM,False,True,4,,1/1/2023 2:25:00 AM,0225,False,,,True
1964934,9340-2023-00008,1,False,9340,1/1/2023 7:20:00 PM,1920.0,088,1368.0,4313.0,San Jose,43.0,True,True,E,HIT OBJECT,,Sunday,NotApplicable,False,,,False,True,False,SANTA CLARA SUPERIOR COURT HALL OF JUSTICE,J,OTHER OBJECT,CONCRETE BARRIER,0.0,0.0,CLEAR,, NO UNUSUAL CONDITIONS,, ,C,DARK-STREET LIGHTS,37.33529,-121.93601,,,,,A,NO PEDESTRIANS INVOLVED,1/1/2023 7:20:00 PM,A,VC 22350,False,1.0,I-880 S/B TO BASCOM AVE,,,1/10/2023 3:37:02 PM,A,N,180.0,BASCOM AVE,F,,D,1/10/2023 3:37:15 PM,1/10/2023 3:37:15 PM,False,True,4,,1/1/2023 7:22:00 PM,1922,False,,,True
1960241,9340-2023-00018,1,False,9340,1/2/2023 8:35:00 PM,2035.0,087,1368.0,4313.0,San Jose,43.0,True,True,E,HIT OBJECT,,Monday,NotApplicable,False,,,False,True,False,SANTA CLARA SUPERIOR COURT HALL OF JUSTICE,I,FIXED OBJECT,CONCRETE BARRIER,0.0,0.0,CLOUDY,, NO UNUSUAL CONDITIONS,, ,D,DARK-NO STREET LIGHTS,37.302357,-121.876576,,,,,A,NO PEDESTRIANS INVOLVED,1/2/2023 8:35:00 PM,A,VC 22350,False,1.0,SR-87 N/B FROM ALMADEN EXPY,,,1/4/2023 4:18:05 PM,B,N,45.0,ALMADEN EXPRESSWAY,F,,D,1/4/2023 4:18:34 PM,1/4/2023 4:18:34 PM,False,True,4,,1/2/2023 8:38:00 PM,2038,False,,,True
1960224,9340-2023-00013,1,False,9340,1/2/2023 1:10:00 PM,1310.0,281,1368.0,4313.0,San Jose,43.0,True,True,B,SIDE SWIPE,,Monday,NotApplicable,False,,,False,True,False,SANTA CLARA SUPERIOR COURT HALL OF JUSTICE,C,OTHER MOTOR VEHICLE,,0.0,0.0,CLOUDY,, NO UNUSUAL CONDITIONS,, ,A,DAYLIGHT,37.338312,-121.853813,,,,,A,NO PEDESTRIANS INVOLVED,1/2/2023 1:10:00 PM,A,VC 21658(a) ,False,,I-280 S/B,,,1/4/2023 4:07:22 PM,A,N,620.0,US-101,F,,D,1/4/2023 4:07:25 PM,1/4/2023 4:07:25 PM,False,True,4,,1/2/2023 1:12:00 PM,1312,False,,,True
1960223,9340-2023-00007,1,False,9340,1/1/2023 3:05:00 PM,1505.0,085,1368.0,4313.0,San Jose,43.0,True,True,C,REAR END,,Sunday,NotApplicable,False,,,False,True,True,SANTA CLARA SUPERIOR COURT HALL OF JUSTICE,C,OTHER MOTOR VEHICLE,,0.0,0.0,CLEAR,, NO UNUSUAL CONDITIONS,, ,A,DAYLIGHT,37.262573,-121.974674,,,,,A,NO PEDESTRIANS INVOLVED,1/1/2023 3:05:00 PM,A,VC 22350,False,1.0,SR-85 N/B,,,1/4/2023 4:04:57 PM,A,S,1710.0,POLLARD RD,F,,D,1/4/2023 4:05:01 PM,1/4/2023 4:05:01 PM,False,True,4,True,1/1/2023 3:09:00 PM,1509,False,,,True
1959893,9340-2023-00026,1,False,9340,1/3/2023 5:24:00 PM,1724.0,281,1368.0,4313.0,San Jose,43.0,True,True,C,REAR END,,Tuesday,NotApplicable,False,,,False,True,False,SANTA CLARA SUPERIOR COURT HALL OF JUSTICE,C,OTHER MOTOR VEHICLE,,0.0,0.0,CLEAR,, NO UNUSUAL CONDITIONS,, ,A,DAYLIGHT,37.317182,-121.933836,,,,,A,NO PEDESTRIANS INVOLVED,1/3/2023 5:24:00 PM,A,VC 22350,False,1.0,I-280 S/B,,,1/4/2023 12:07:27 PM,A,N,579.0,BASCOM AVE,F,,D,1/4/2023 12:07:32 PM,1/4/2023 12:07:32 PM,False,True,4,,1/3/2023 5:30:00 PM,1730,False,,True,False
1989550,9340-2023-00414,1,False,9340,1/27/2023 7:50:00 AM,750.0,110,1368.0,4313.0,San Jose,43.0,True,True,C,REAR END,,Friday,NotApplicable,False,,,False,True,True,SANTA CLARA SUPERIOR COURT HALL OF JUSTICE,C,OTHER MOTOR VEHICLE,,0.0,0.0,CLEAR,, NO UNUSUAL CONDITIONS,, ,A,DAYLIGHT,37.35718,-121.869483,,,,,A,NO PEDESTRIANS INVOLVED,1/27/2023 7:50:00 AM,A,VC 22350,False,3.0,US-101 N/B,,,2/8/2023 8:48:02 AM,A,N,1425.0,MCKEE RD.,F,,D,2/8/2023 8:48:09 AM,2/8/2023 8:48:09 AM,False,True,4,,1/27/2023 8:00:00 AM,0800,True,EMBEDDED,,True
1989275,2301200032,1,False,4314,1/20/2023 8:56:00 AM,856.0,,1368.0,4313.0,San Jose,43.0,True,True,B,SIDE SWIPE,,Friday,NotApplicable,True,M,,False,False,False,,C,OTHER MOTOR VEHICLE,,0.0,0.0,CLEAR,, CONSTRUCTION-REPAIR ZONE,NO UNUSUAL CONDITIONS, Courtesy Report,D,DARK-NO STREET LIGHTS,,,,,,,A,NO PEDESTRIANS INVOLVED,,A,21658(A),False,1.0,DE LA CRUZ BLVD,,,2/7/2023 12:00:00 AM,A,N,20.0,CENTRAL EXPY,F,,A,2/8/2023 3:08:49 AM,2/8/2023 3:08:49 AM,,,2,,,,,,,
1989106,9340-2023-00456,1,False,9340,1/30/2023 6:00:00 PM,1800.0,281,1368.0,4313.0,San Jose,43.0,True,True,C,REAR END,,Monday,NotApplicable,False,M,,False,True,False,SANTA CLARA SUPERIOR COURT HALL OF JUSTICE,C,OTHER MOTOR VEHICLE,,0.0,0.0,CLEAR,, NO UNUSUAL CONDITIONS,, ,B,DUSK-DAWN,37.318341,-121.902573,,,,,A,NO PEDESTRIANS INVOLVED,1/30/2023 6:00:00 PM,A,VC 22350,False,1.0,I-280 S/B,,,2/7/2023 8:03:07 PM,A,N,1840.0,BIRD AVE,F,,D,2/7/2023 8:03:14 PM,2/7/2023 8:03:14 PM,False,True,4,,1/30/2023 6:05:00 PM,1805,False,,,True
1988978,9340-2023-00455,1,False,9340,1/30/2023 2:55:00 PM,1455.0,281,1368.0,4313.0,San Jose,43.0,True,True,B,SIDE SWIPE,,Monday,NotApplicable,False,,,False,True,True,SANTA CLARA SUPERIOR COURT HALL OF JUSTICE,C,OTHER MOTOR VEHICLE,,0.0,0.0,CLEAR,, NO UNUSUAL CONDITIONS,, ,A,DAYLIGHT,37.327497,-121.87829,,,,,A,NO PEDESTRIANS INVOLVED,1/30/2023 2:55:00 PM,A,VC 22350,False,1.0,I-280 S/B,,,2/7/2023 3:10:09 PM,A,N,725.0,7TH ST,F,,D,2/7/2023 3:10:30 PM,2/7/2023 3:10:30 PM,False,True,4,,1/30/2023 3:00:00 PM,1500,False,,,True
1988964,9340-2023-00475,1,False,9340,1/31/2023 7:35:00 PM,1935.0,172,1368.0,4313.0,San Jose,43.0,True,True,C,REAR END,,Tuesday,NotApplicable,False,,,False,True,False,SANTA CLARA SUPERIOR COURT HALL OF JUSTICE,C,OTHER MOTOR VEHICLE,,0.0,0.0,CLEAR,, NO UNUSUAL CONDITIONS,, ,C,DARK-STREET LIGHTS,37.305781,-121.940747,,,,,A,NO PEDESTRIANS INVOLVED,1/31/2023 7:35:00 PM,A,VC 22350,False,1.0,SR-17 S/B ,,,2/7/2023 3:01:54 PM,A,S,4177.0,I-280,F,,D,2/7/2023 3:02:24 PM,2/7/2023 3:02:24 PM,False,True,4,,1/31/2023 7:40:00 PM,1940,False,,True,
1988784,9340-2023-00467,2,False,9340,1/31/2023 9:12:00 AM,912.0,110,1368.0,4313.0,San Jose,43.0,True,True,B,SIDE SWIPE,,Tuesday,NotApplicable,False,,,False,True,False,SANTA CLARA SUPERIOR COURT HALL OF JUSTICE,C,OTHER MOTOR VEHICLE,,1.0,0.0,CLEAR,, NO UNUSUAL CONDITIONS,, ,A,DAYLIGHT,37.284634,-121.80949,,,,,A,NO PEDESTRIANS INVOLVED,1/31/2023 9:12:00 AM,A,VC 21658(A),False,1.0,US-101 S/B,,,5/26/2023 9:26:05 AM,A,N,1000.0,HELLYER AVE.,F,,D,2/7/2023 12:45:17 PM,5/26/2023 9:26:08 AM,False,True,4,,1/31/2023 9:20:00 AM,0920,False,,True,