Collision Id,	Report Number,	Report Version,	Is Preliminary,	NCIC Code,Crash Date Time,	Crash Time Description,	Beat,City Id,	City Code,	City Name,County Code,	City Is Active,	City Is Incorporated,	Collision Type Code,Collision Type Description,	Collision Type Other Desc,	Day Of Week,	DispatchNotified,	HasPhotographs,	HitRun,	IsAttachmentsMailed,	IsDeleted,	IsHighwayRelated,	IsTowAway,	JudicialDistrict,	MotorVehicleInvolvedWithCode,	MotorVehicleInvolvedWithDesc,MotorVehicleInvolvedWithOtherDesc,	NumberInjured,	NumberKilled,Weather 1, Weather 2, Road Condition 1, Road Condition 2, Special Condition,LightingCode, LightingDescription,Latitude,Longitude,MilepostDirection,MilepostDistance,MilepostMarker,MilepostUnitOfMeasure,	PedestrianActionCode,PedestrianActionDesc,PreparedDate,	Primary Collision Factor Code,Primary Collision Factor Violation,PrimaryCollisionFactorIsCited,	PrimaryCollisionPartyNumber,	PrimaryRoad,	ReportingDistrict,	ReportingDistrictCode,ReviewedDate,	RoadwaySurfaceCode,SecondaryDirection,	SecondaryDistance,	SecondaryRoad,	SecondaryUnitOfMeasure,	SketchDesc,	TrafficControlDeviceCode,CreatedDate,	ModifiedDate,IsCountyRoad,IsFreeway,CHP555Version,	IsAdditonalObjectStruck,NotificationDate,	NotificationTimeDescription,	HasDigitalMediaFiles,	EvidenceNumber,	IsLocationReferToNarrative,	IsAOIOneSameAsLocation
1980477,9340-2023-00209,1,False,9340,1/15/2023 4:33:00 AM,433.0,110,1368.0,4313.0,San Jose,43.0,True,True,C,REAR END,,Sunday,NotApplicable,False,,,False,True,True,SANTA CLARA SUPERIOR COURT HALL OF JUSTICE,C,OTHER MOTOR VEHICLE,,0.0,0.0,CLOUDY,, NO UNUSUAL CONDITIONS,, ,D,DARK-NO STREET LIGHTS,37.310842,-121.823864,,,,,A,NO PEDESTRIANS INVOLVED,1/15/2023 4:33:00 AM,A,VC 22350,False,1.0,US-101 N/B,,,1/27/2023 11:06:42 AM,B,S,3500.0,TULLY RD,F,,D,1/27/2023 11:07:45 AM,1/27/2023 11:07:45 AM,False,True,4,,1/15/2023 4:34:00 AM,0434,False,,False,True
1980447,9340-2023-00245,1,False,9340,1/17/2023 3:55:00 PM,1555.0,281,1368.0,4313.0,San Jose,43.0,True,True,C,REAR END,,Tuesday,NotApplicable,False,,,False,True,False,SANTA CLARA SUPERIOR COURT HALL OF JUSTICE,C,OTHER MOTOR VEHICLE,,0.0,0.0,CLEAR,, NO UNUSUAL CONDITIONS,, ,A,DAYLIGHT,37.33793,-121.854996,,,,,A,NO PEDESTRIANS INVOLVED,1/17/2023 3:55:00 PM,A,VC 22350,False,1.0,I-280 N/B,,,1/27/2023 10:46:04 AM,A,N,990.0,US-101,F,,D,1/27/2023 10:46:07 AM,1/27/2023 10:46:07 AM,False,True,4,,1/17/2023 3:57:00 PM,1557,True,EMBEDDED,,True
1980435,9340-2023-00223,1,False,9340,1/16/2023 5:15:00 AM,515.0,087,1368.0,4313.0,San Jose,43.0,True,True,C,REAR END,,Monday,NotApplicable,False,,,False,True,True,SANTA CLARA SUPERIOR COURT HALL OF JUSTICE,C,OTHER MOTOR VEHICLE,,1.0,0.0,RAINING,, NO UNUSUAL CONDITIONS,, ,E,DARK-STREET LIGHTS NOT FUNCTIONING*,37.297995,-121.8742,,,,,A,NO PEDESTRIANS INVOLVED,1/16/2023 5:15:00 AM,A,VC 22350,False,1.0,SR-87 N/B,,,1/27/2023 10:32:46 AM,B,N,960.0,CURTNER AVE,F,,D,1/27/2023 10:32:48 AM,1/27/2023 10:32:48 AM,False,True,4,,1/16/2023 5:20:00 AM,0520,False,,,True
1980432,9340-2023-00240,1,False,9340,1/17/2023 7:42:00 AM,742.0,120,1368.0,4313.0,San Jose,43.0,True,True,C,REAR END,,Tuesday,Yes,False,,,False,True,True,SANTA CLARA SUPERIOR COURT HALL OF JUSTICE,C,OTHER MOTOR VEHICLE,,1.0,0.0,CLEAR,, NO UNUSUAL CONDITIONS,, ,A,DAYLIGHT,37.374467,-121.930504,,,,,A,NO PEDESTRIANS INVOLVED,1/17/2023 7:42:00 AM,A,VC 22350,False,1.0,US-101 N/B,,,1/27/2023 10:31:39 AM,A,N,800.0,SR-87,F,,D,1/27/2023 10:31:41 AM,1/27/2023 10:31:41 AM,False,True,4,,1/17/2023 7:50:00 AM,0750,False,,,True
1980429,9340-2023-00321,1,False,9340,1/21/2023 4:46:00 AM,446.0,083,1368.0,4313.0,San Jose,43.0,True,True,H,OTHER,ANIMAL,Saturday,NotApplicable,False,,,False,True,True,SANTA CLARA SUPERIOR COURT HALL OF JUSTICE,H,ANIMAL,RACCOON,0.0,0.0,CLEAR,, NO UNUSUAL CONDITIONS,, On-Duty Emergency Vehicle,D,DARK-NO STREET LIGHTS,37.250428,-121.923728,,,,,A,NO PEDESTRIANS INVOLVED,1/21/2023 4:46:00 AM,C,,,,SR-85 S/B,,,1/27/2023 10:26:03 AM,A,S,2165.0,UNION AVENUE,F,,D,1/27/2023 10:26:05 AM,1/27/2023 10:26:05 AM,False,True,4,,1/21/2023 4:50:00 AM,0450,True,AREA PHOTO FILE,,True
1980397,9340-2023-00280,2,False,9340,1/19/2023 11:49:00 AM,1149.0,282,1368.0,4313.0,San Jose,43.0,True,True,F,OVERTURNED,,Thursday,Yes,False,,,False,True,True,SANTA CLARA SUPERIOR COURT HALL OF JUSTICE,A,NON-COLLISION,,0.0,1.0,CLEAR,, NO UNUSUAL CONDITIONS,, Fatal,A,DAYLIGHT,37.317885,-121.979404,,,,,A,NO PEDESTRIANS INVOLVED,1/19/2023 11:49:00 AM,A,VC 22350,False,1.0,I-280 S/B,,,5/29/2023 2:20:58 PM,A,N,853.0,SARATOGA AVE,F,,D,1/27/2023 10:02:23 AM,5/29/2023 2:21:04 PM,False,True,4,False,1/19/2023 11:50:00 AM,1150,False,,,True
1980366,9340-2023-00250,1,False,9340,1/17/2023 6:20:00 PM,1820.0,120,1368.0,4313.0,San Jose,43.0,True,True,B,SIDE SWIPE,,Tuesday,NotApplicable,False,,,False,True,False,SANTA CLARA SUPERIOR COURT HALL OF JUSTICE,C,OTHER MOTOR VEHICLE,,0.0,0.0,CLEAR,, NO UNUSUAL CONDITIONS,, ,D,DARK-NO STREET LIGHTS,37.389157,-121.988615,,,,,A,NO PEDESTRIANS INVOLVED,1/17/2023 6:20:00 PM,A,VC 22107,False,1.0,US-101 N/B,,,1/27/2023 9:38:15 AM,A,S,2230.0,LAWRENCE EXPY,F,,D,1/27/2023 9:38:18 AM,1/27/2023 9:38:18 AM,False,True,4,,1/17/2023 6:25:00 PM,1825,False,,,True
1980356,9340-2023-00309,1,False,9340,1/16/2023 3:10:00 AM,310.0,120,1368.0,4313.0,San Jose,43.0,True,True,C,REAR END,,Monday,NotApplicable,False,,,False,True,False,SANTA CLARA SUPERIOR COURT HALL OF JUSTICE,C,OTHER MOTOR VEHICLE,,0.0,0.0,RAINING,, NO UNUSUAL CONDITIONS,, ,C,DARK-STREET LIGHTS,37.38845,-121.9867,,,,,A,NO PEDESTRIANS INVOLVED,1/16/2023 3:10:00 AM,A,VC 22350,False,1.0,US-101 S/B,,,1/27/2023 9:30:42 AM,B,N,3000.0,GREAT AMERICA PARKWAY,F,,D,1/27/2023 9:31:21 AM,1/27/2023 9:31:21 AM,False,True,4,,1/16/2023 4:20:00 AM,0420,False,,,True
1980353,9340-2023-00212,1,False,9340,1/15/2023 6:51:00 PM,1851.0,110,1368.0,4313.0,San Jose,43.0,True,True,C,REAR END,,Sunday,NotApplicable,False,,,False,True,True,SANTA CLARA SUPERIOR COURT HALL OF JUSTICE,C,OTHER MOTOR VEHICLE,,0.0,0.0,RAINING,, NO UNUSUAL CONDITIONS,, ,C,DARK-STREET LIGHTS,37.282092,-121.808789,,,,,A,NO PEDESTRIANS INVOLVED,1/15/2023 6:51:00 PM,A,VC 22350,False,1.0,US-101 S/B,,,1/27/2023 9:28:19 AM,B,N,50.0,HELLYER AVE,F,,D,1/27/2023 9:28:22 AM,1/27/2023 9:28:22 AM,False,True,4,,1/15/2023 6:54:00 PM,1854,False,,,True
1980338,9340-2023-00217,1,False,9340,1/15/2023 11:00:00 PM,2300.0,281,1368.0,4313.0,San Jose,43.0,True,True,E,HIT OBJECT,,Sunday,NotApplicable,False,,,False,True,False,SANTA CLARA SUPERIOR COURT HALL OF JUSTICE,I,FIXED OBJECT,CONCRETE BARRIER,0.0,0.0,CLOUDY,RAINING, NO UNUSUAL CONDITIONS,, On-Duty Emergency Vehicle,C,DARK-STREET LIGHTS,37.328692,-121.870551,,,,,A,NO PEDESTRIANS INVOLVED,1/15/2023 11:00:00 PM,A,VC 22350,False,1.0,I-280 S/B,,,1/27/2023 9:19:51 AM,B,S,168.0,S 11TH ST,F,,D,1/27/2023 9:20:03 AM,1/27/2023 9:20:03 AM,False,True,4,,1/15/2023 11:10:00 PM,2310,False,,,True
1980323,9340-2023-00196,1,False,9340,1/14/2023 5:20:00 PM,1720.0,120,1368.0,4313.0,San Jose,43.0,True,True,C,REAR END,,Saturday,NotApplicable,False,,,False,True,False,SANTA CLARA SUPERIOR COURT HALL OF JUSTICE,C,OTHER MOTOR VEHICLE,,0.0,0.0,RAINING,, NO UNUSUAL CONDITIONS,, ,C,DARK-STREET LIGHTS,37.363863,-121.901517,,,,,A,NO PEDESTRIANS INVOLVED,1/14/2023 5:20:00 PM,A,VC 21658(A),False,1.0,US-101 S/B,,,1/27/2023 9:10:19 AM,B,S,49.0,I-880,F,,D,1/27/2023 9:10:21 AM,1/27/2023 9:10:21 AM,False,True,4,,1/14/2023 5:25:00 PM,1725,False,,,True
1980304,9340-2023-00194,1,False,9340,1/14/2023 11:00:00 AM,1100.0,087,1368.0,4313.0,San Jose,43.0,True,True,E,HIT OBJECT,,Saturday,NotApplicable,False,,,False,True,False,SANTA CLARA SUPERIOR COURT HALL OF JUSTICE,I,FIXED OBJECT,RAISED CURB EDGE,0.0,0.0,RAINING,, NO UNUSUAL CONDITIONS,, ,A,DAYLIGHT,37.325649,-121.892627,,,,,A,NO PEDESTRIANS INVOLVED,1/14/2023 11:00:00 AM,A,VC 22350,False,1.0,SR-87 N/B TO WOZ WAY ,,,1/27/2023 9:00:58 AM,B,S,125.0,WOZ WAY,F,,D,1/27/2023 9:00:59 AM,1/27/2023 9:00:59 AM,False,True,4,,1/14/2023 11:05:00 AM,1105,False,,,True
1980299,9340-2023-00205,1,False,9340,1/14/2023 9:50:00 AM,950.0,681,1368.0,4313.0,San Jose,43.0,True,True,E,HIT OBJECT,,Saturday,Yes,False,,,False,True,False,SANTA CLARA SUPERIOR COURT HALL OF JUSTICE,I,FIXED OBJECT,CONCRETE CENTER DIVIDER,1.0,0.0,CLOUDY,RAINING, NO UNUSUAL CONDITIONS,, ,A,DAYLIGHT,37.391825,-121.87086,,,,,A,NO PEDESTRIANS INVOLVED,1/14/2023 9:50:00 AM,A,VC 22350,False,1.0,I-680 S/B,,,1/27/2023 8:58:10 AM,B,S,1455.0,HOSTETTER RD,F,,D,1/27/2023 8:58:15 AM,1/27/2023 8:58:15 AM,False,True,4,,1/14/2023 9:55:00 AM,0955,True,EMBEDDED,,True
1980289,9340-2023-00189,1,False,9340,1/14/2023 9:25:00 AM,925.0,088,1368.0,4313.0,San Jose,43.0,True,True,C,REAR END,,Saturday,NotApplicable,False,,,False,True,False,SANTA CLARA SUPERIOR COURT HALL OF JUSTICE,C,OTHER MOTOR VEHICLE,,1.0,0.0,RAINING,, NO UNUSUAL CONDITIONS,, ,A,DAYLIGHT,37.35484,-121.910552,,,,,A,NO PEDESTRIANS INVOLVED,1/14/2023 9:25:00 AM,A,VC 22350,False,1.0,I-880 S/B,,,1/27/2023 8:52:56 AM,B,N,300.0,SR-87 N/B,F,,A,1/27/2023 8:52:59 AM,1/27/2023 8:52:59 AM,False,True,4,,1/14/2023 9:28:00 AM,0928,False,,,
1980287,9340-2023-00185,1,False,9340,1/14/2023 8:48:00 AM,848.0,282,1368.0,4313.0,San Jose,43.0,True,True,B,SIDE SWIPE,,Saturday,NotApplicable,False,,,False,True,True,SANTA CLARA SUPERIOR COURT HALL OF JUSTICE,C,OTHER MOTOR VEHICLE,,1.0,0.0,RAINING,, NO UNUSUAL CONDITIONS,, ,A,DAYLIGHT,37.316457,-121.955563,,,,,A,NO PEDESTRIANS INVOLVED,1/14/2023 8:48:00 AM,A,VC 22350,False,2.0,I-280 S/B,,,1/27/2023 8:52:06 AM,B,N,1531.0,WINCHESTER BLVD.,F,,D,1/27/2023 8:52:09 AM,1/27/2023 8:52:09 AM,False,True,4,,1/14/2023 8:52:00 AM,0852,True,EMBEDDED,,True
1980260,9340-2023-00188,1,False,9340,1/14/2023 8:45:00 AM,845.0,089,1368.0,4313.0,San Jose,43.0,True,True,A,HEAD-ON,,Saturday,NotApplicable,False,,,False,True,True,SANTA CLARA SUPERIOR COURT HALL OF JUSTICE,I,FIXED OBJECT,CONCRETE BARRIER,1.0,0.0,RAINING,, NO UNUSUAL CONDITIONS,, ,A,DAYLIGHT,37.428074,-121.917491,,,,,A,NO PEDESTRIANS INVOLVED,1/14/2023 8:45:00 AM,A,VC 22107,False,1.0,I-880 N/B,,,1/27/2023 8:32:08 AM,B,N,850.0,W. CALAVERAS BLVD,F,,A,1/27/2023 8:32:10 AM,1/27/2023 8:32:10 AM,False,True,4,,1/14/2023 9:00:00 AM,0900,False,,,True
1980257,9340-2023-00180,1,False,9340,1/14/2023 2:55:00 AM,255.0,240,1368.0,4313.0,San Jose,43.0,True,True,E,HIT OBJECT,,Saturday,NotApplicable,False,,,False,True,True,SANTA CLARA SUPERIOR COURT HALL OF JUSTICE,I,FIXED OBJECT,METAL GUARDRAIL,1.0,0.0,RAINING,, NO UNUSUAL CONDITIONS,, ,C,DARK-STREET LIGHTS,37.42013,-121.94077,,,,,A,NO PEDESTRIANS INVOLVED,1/14/2023 2:55:00 AM,A,VC 22350,False,1.0,SR-237 W/B,,,1/27/2023 8:29:45 AM,B,W,225.0,ZANKER RD,F,,D,1/27/2023 8:29:48 AM,1/27/2023 8:29:48 AM,False,True,4,,1/14/2023 2:57:00 AM,0257,False,,,True
1980216,9340-2023-00208,1,False,9340,1/15/2023 4:30:00 AM,430.0,110,1368.0,4313.0,San Jose,43.0,True,True,C,REAR END,,Sunday,Yes,False,F,,False,True,True,SANTA CLARA SUPERIOR COURT HALL OF JUSTICE,C,OTHER MOTOR VEHICLE,,1.0,0.0,CLOUDY,, NO UNUSUAL CONDITIONS,, ,D,DARK-NO STREET LIGHTS,37.310507,-121.823691,,,,,A,NO PEDESTRIANS INVOLVED,1/15/2023 4:30:00 AM,A,VC 22350,False,1.0,US-101 N/B,,,1/27/2023 7:45:25 AM,B,S,3625.0,TULLY RD,F,,D,1/27/2023 7:45:30 AM,1/27/2023 7:45:30 AM,False,True,4,True,1/15/2023 4:34:00 AM,0434,False,,,True
1978673,9340-2023-00263,1,False,9340,1/18/2023 6:30:00 PM,1830.0,088,1368.0,4313.0,San Jose,43.0,True,True,C,REAR END,,Wednesday,NotApplicable,False,,,False,True,False,SANTA CLARA SUPERIOR COURT HALL OF JUSTICE,C,OTHER MOTOR VEHICLE,,0.0,0.0,CLEAR,, NO UNUSUAL CONDITIONS,, ,A,DAYLIGHT,37.339807,-121.929744,,,,,A,NO PEDESTRIANS INVOLVED,1/18/2023 6:30:00 PM,A,VC 22350,False,1.0,I-880 S/B,,,1/26/2023 2:24:04 PM,A,N,1309.0,PARK AVE,F,,D,1/26/2023 2:24:09 PM,1/26/2023 2:24:09 PM,False,True,4,,1/18/2023 6:35:00 PM,1835,False,,True,False
1978404,9340-2023-00282,1,False,9340,1/19/2023 10:55:00 AM,1055.0,110,1368.0,4313.0,San Jose,43.0,True,True,E,HIT OBJECT,,Thursday,Yes,False,,,False,True,True,SANTA CLARA SUPERIOR COURT HALL OF JUSTICE,I,FIXED OBJECT,CONCRETE CENTER DIVIDER,1.0,0.0,CLEAR,, NO UNUSUAL CONDITIONS,, ,A,DAYLIGHT,37.26412,-121.801057,,,,,A,NO PEDESTRIANS INVOLVED,1/19/2023 10:55:00 AM,A,VC 22107,False,1.0,US-101 N/B,,,1/26/2023 11:56:54 AM,A,N,2815.0,BLOSSOM HILL ROAD,F,,D,1/26/2023 11:56:58 AM,1/26/2023 11:56:58 AM,False,True,4,,1/19/2023 10:59:00 AM,1059,True,EMBEDDED,True,
1978321,9340-2023-00279,1,False,9340,1/19/2023 10:35:00 AM,1035.0,083,1368.0,4313.0,San Jose,43.0,True,True,B,SIDE SWIPE,,Thursday,NotApplicable,False,,,False,True,True,SANTA CLARA SUPERIOR COURT HALL OF JUSTICE,C,OTHER MOTOR VEHICLE,,0.0,0.0,CLEAR,, NO UNUSUAL CONDITIONS,, ,A,DAYLIGHT,37.253434,-121.946225,,,,,A,NO PEDESTRIANS INVOLVED,1/19/2023 10:35:00 AM,A,VC 21658(a),False,1.0,SR-85 S/B,,,1/26/2023 10:52:39 AM,A,S,0.3,SOUTH BASCOM AVE,M,,D,1/26/2023 10:52:43 AM,1/26/2023 10:52:43 AM,False,True,4,,1/19/2023 10:37:00 AM,1037,True,EMBEDDED,,False
1978297,9340-2023-00283,1,False,9340,1/19/2023 10:25:00 AM,1025.0,110,1368.0,4313.0,San Jose,43.0,True,True,E,HIT OBJECT,,Thursday,NotApplicable,False,M,,False,True,False,SANTA CLARA SUPERIOR COURT HALL OF JUSTICE,I,FIXED OBJECT,CONCRETE BARRIER,0.0,0.0,CLEAR,, NO UNUSUAL CONDITIONS,, ,A,DAYLIGHT,37.362975,-121.891086,,,,,A,NO PEDESTRIANS INVOLVED,1/19/2023 10:25:00 AM,A,VC 22107,False,1.0,US-101 S/B,,,1/26/2023 10:31:42 AM,A,S,80.0,OAKLAND RD,F,,D,1/26/2023 10:31:45 AM,1/26/2023 10:31:45 AM,False,True,4,,1/19/2023 10:30:00 AM,1030,True,EMBEDDED,,True
1978272,9340-2023-00175,1,False,9340,1/13/2023 2:55:00 PM,1455.0,087,1368.0,4313.0,San Jose,43.0,True,True,C,REAR END,,Friday,NotApplicable,False,,,False,True,False,SANTA CLARA SUPERIOR COURT HALL OF JUSTICE,C,OTHER MOTOR VEHICLE,,0.0,0.0,RAINING,, NO UNUSUAL CONDITIONS,, ,A,DAYLIGHT,37.320388,-121.889921,,,,,A,NO PEDESTRIANS INVOLVED,1/13/2023 2:55:00 PM,A,VC 22350,False,1.0,SR-87 N/B TO I-280 S/B-N/B,,,1/26/2023 10:09:18 AM,B,N,154.0,WEST VIRGINIA STREET,F,,D,1/26/2023 10:09:20 AM,1/26/2023 10:09:20 AM,False,True,4,,1/13/2023 3:05:00 PM,1505,False,,,True
1978248,9340-2023-00184,1,False,9340,1/13/2023 12:20:00 AM,20.0,282,1368.0,4313.0,San Jose,43.0,True,True,E,HIT OBJECT,,Friday,NotApplicable,False,,,False,True,False,SANTA CLARA SUPERIOR COURT HALL OF JUSTICE,I,FIXED OBJECT,CONCRETE CENTER DIVIDE,0.0,0.0,RAINING,, NO UNUSUAL CONDITIONS,, ,C,DARK-STREET LIGHTS,37.316261,-121.970002,,,,,A,NO PEDESTRIANS INVOLVED,1/13/2023 12:20:00 AM,A,VC 22350,False,1.0,I-280 S/B,,,1/26/2023 9:54:05 AM,B,S,1420.0,SARATOGA AVE,F,,D,1/26/2023 9:54:08 AM,1/26/2023 9:54:08 AM,False,True,4,,1/13/2023 12:29:00 AM,0029,False,,True,
1978245,9340-2023-00262,1,False,9340,1/18/2023 6:30:00 PM,1830.0,281,1368.0,4313.0,San Jose,43.0,True,True,C,REAR END,,Wednesday,NotApplicable,False,,,False,True,True,SANTA CLARA SUPERIOR COURT HALL OF JUSTICE,C,OTHER MOTOR VEHICLE,,1.0,0.0,CLEAR,, NO UNUSUAL CONDITIONS,, ,D,DARK-NO STREET LIGHTS,37.315871,-121.907299,,,,,A,NO PEDESTRIANS INVOLVED,1/18/2023 6:30:00 PM,A,VC 22350,False,1.0,I-280 S/B,,,1/26/2023 9:47:10 AM,A,N,100.0,LINCOLN AVE,F,,D,1/26/2023 9:50:54 AM,1/26/2023 9:50:54 AM,False,True,4,,1/18/2023 6:32:00 PM,1832,True,EMBEDDED,,True
1978234,9340-2023-00261,1,False,9340,1/18/2023 5:45:00 PM,1745.0,240,1368.0,4313.0,San Jose,43.0,True,True,C,REAR END,,Wednesday,NotApplicable,False,,,False,True,False,SANTA CLARA SUPERIOR COURT HALL OF JUSTICE,C,OTHER MOTOR VEHICLE,,0.0,0.0,CLEAR,, NO UNUSUAL CONDITIONS,, ,D,DARK-NO STREET LIGHTS,37.419299,-121.948206,,,,,A,NO PEDESTRIANS INVOLVED,1/18/2023 5:45:00 PM,A,VC 22350,False,1.0,SR-237 E/B,,,1/26/2023 9:41:39 AM,A,W,2400.0,ZANKER RD,F,,D,1/26/2023 9:41:46 AM,1/26/2023 9:41:46 AM,False,True,4,,1/18/2023 6:10:00 PM,1810,False,,,True
1978225,9340-2023-00256,1,False,9340,1/18/2023 3:00:00 PM,1500.0,110,1368.0,4313.0,San Jose,43.0,True,True,B,SIDE SWIPE,,Wednesday,NotApplicable,False,,,False,True,False,SANTA CLARA SUPERIOR COURT HALL OF JUSTICE,C,OTHER MOTOR VEHICLE,,0.0,0.0,CLEAR,, NO UNUSUAL CONDITIONS,, ,A,DAYLIGHT,37.279271,-121.80659,,,,,A,NO PEDESTRIANS INVOLVED,1/18/2023 3:00:00 PM,A,VC 22107,False,1.0,US-101 N/B,,,1/26/2023 9:35:38 AM,A,S,1032.0,HELLYER AVE,F,,D,1/26/2023 9:35:39 AM,1/26/2023 9:35:39 AM,False,True,4,,1/18/2023 3:04:00 PM,1504,True,EMBEDDED,,True
1978211,9340-2023-00276,1,False,9340,1/19/2023 8:10:00 AM,810.0,281,1368.0,4313.0,San Jose,43.0,True,True,C,REAR END,,Thursday,NotApplicable,False,,,False,True,False,SANTA CLARA SUPERIOR COURT HALL OF JUSTICE,C,OTHER MOTOR VEHICLE,,0.0,0.0,CLEAR,, NO UNUSUAL CONDITIONS,, ,A,DAYLIGHT,37.336137,-121.857927,,,,,A,NO PEDESTRIANS INVOLVED,1/19/2023 8:10:00 AM,A,VC 22350,False,1.0,I-280 N/B,,,1/26/2023 9:24:59 AM,A,N,180.0,MCLAUGHLIN AVENUE,F,,D,1/26/2023 9:25:01 AM,1/26/2023 9:25:01 AM,False,True,4,,1/19/2023 8:12:00 AM,0812,True,EMBEDDED,False,True
1978207,9340-2023-00249,1,False,9340,1/17/2023 7:10:00 PM,1910.0,089,1368.0,4313.0,San Jose,43.0,True,True,C,REAR END,,Tuesday,NotApplicable,False,,,False,True,False,SANTA CLARA SUPERIOR COURT HALL OF JUSTICE,C,OTHER MOTOR VEHICLE,,0.0,0.0,CLEAR,, NO UNUSUAL CONDITIONS,, ,C,DARK-STREET LIGHTS,37.36759,-121.90136,,,,,A,NO PEDESTRIANS INVOLVED,1/17/2023 7:10:00 PM,A,VC 22350,False,1.0,I-880 S/B,,,1/26/2023 9:19:59 AM,A,N,56.0,GISH ROAD,F,,D,1/26/2023 9:21:04 AM,1/26/2023 9:21:04 AM,False,True,4,,1/17/2023 7:15:00 PM,1915,False,,,True
1978160,9340-2023-00278,1,False,9340,1/19/2023 7:34:00 AM,734.0,088,1368.0,4313.0,San Jose,43.0,True,True,C,REAR END,,Thursday,NotApplicable,False,,,False,True,False,SANTA CLARA SUPERIOR COURT HALL OF JUSTICE,C,OTHER MOTOR VEHICLE,,0.0,0.0,CLEAR,, NO UNUSUAL CONDITIONS,, ,A,DAYLIGHT,37.333755,-121.937465,,,,,A,NO PEDESTRIANS INVOLVED,1/19/2023 7:34:00 AM,A,VC 22350,False,1.0,I-880 S/B,,,1/26/2023 8:59:04 AM,A,S,340.0,BASCOM AVE,F,,D,1/26/2023 8:59:08 AM,1/26/2023 8:59:08 AM,False,True,4,,1/19/2023 7:40:00 AM,0740,False,,,True
1978154,9340-2023-00238,1,False,9340,1/16/2023 3:00:00 AM,300.0,089,1368.0,4313.0,San Jose,43.0,True,True,E,HIT OBJECT,,Monday,NotApplicable,False,,,False,True,False,SANTA CLARA SUPERIOR COURT HALL OF JUSTICE,I,FIXED OBJECT,GUARD RAIL,0.0,0.0,RAINING,, NO UNUSUAL CONDITIONS,, ,C,DARK-STREET LIGHTS,37.42808,-121.91736,,,,,A,NO PEDESTRIANS INVOLVED,1/16/2023 3:00:00 AM,A,VC 22350,False,1.0,I-880 N/B,,,1/26/2023 8:55:49 AM,B,N,100.0,SR-237,F,,D,1/26/2023 8:55:51 AM,1/26/2023 8:55:51 AM,False,True,4,,1/16/2023 3:05:00 AM,0305,False,,,True
1978148,9340-2023-00218,1,False,9340,1/15/2023 11:25:00 PM,2325.0,083,1368.0,4313.0,San Jose,43.0,True,True,E,HIT OBJECT,,Sunday,NotApplicable,False,,,False,True,True,SANTA CLARA SUPERIOR COURT HALL OF JUSTICE,I,FIXED OBJECT,LIGHT POLE,1.0,0.0,CLOUDY,RAINING, NO UNUSUAL CONDITIONS,, ,C,DARK-STREET LIGHTS,37.250345,-121.926418,,,,,A,NO PEDESTRIANS INVOLVED,1/15/2023 11:25:00 PM,A,VC 22350,False,1.0,SR-85 S/B,,,1/26/2023 8:54:23 AM,B,S,1400.0,UNION AVE,F,,D,1/26/2023 8:54:24 AM,1/26/2023 8:54:24 AM,False,True,4,True,1/15/2023 11:41:00 PM,2341,False,,,False
1978074,9340-2023-00203,1,False,9340,1/14/2023 11:18:00 PM,2318.0,281,1368.0,4313.0,San Jose,43.0,True,True,B,SIDE SWIPE,,Saturday,Yes,False,,,False,True,True,SANTA CLARA SUPERIOR COURT HALL OF JUSTICE,C,OTHER MOTOR VEHICLE,,1.0,0.0,CLOUDY,RAINING, NO UNUSUAL CONDITIONS,, ,D,DARK-NO STREET LIGHTS,37.336756,-121.857113,,,,,A,NO PEDESTRIANS INVOLVED,1/14/2023 11:18:00 PM,A,VC 21658(A),False,1.0,I-280 N/B,,,1/26/2023 8:15:18 AM,B,S,78.0,MCLAUGHLIN AVE,F,,D,1/26/2023 8:15:20 AM,1/26/2023 8:15:20 AM,False,True,4,,1/14/2023 11:22:00 PM,2322,False,,,True
1978070,9340-2023-00201,1,False,9340,1/14/2023 10:30:00 PM,2230.0,281,1368.0,4313.0,San Jose,43.0,True,True,B,SIDE SWIPE,,Saturday,NotApplicable,False,M,,False,True,False,SANTA CLARA SUPERIOR COURT HALL OF JUSTICE,C,OTHER MOTOR VEHICLE,,0.0,0.0,CLOUDY,, NO UNUSUAL CONDITIONS,, ,D,DARK-NO STREET LIGHTS,37.32585,-121.884301,,,,,A,NO PEDESTRIANS INVOLVED,1/14/2023 10:30:00 PM,A,VC 22107,False,1.0,I-280 N/B,,,1/26/2023 8:11:21 AM,B,N,775.0,S. FIRST ST,F,,D,1/26/2023 8:11:24 AM,1/26/2023 8:11:24 AM,False,True,4,,1/14/2023 10:50:00 PM,2250,False,,,True