Collision Id,	Report Number,	Report Version,	Is Preliminary,	NCIC Code,Crash Date Time,	Crash Time Description,	Beat,City Id,	City Code,	City Name,County Code,	City Is Active,	City Is Incorporated,	Collision Type Code,Collision Type Description,	Collision Type Other Desc,	Day Of Week,	DispatchNotified,	HasPhotographs,	HitRun,	IsAttachmentsMailed,	IsDeleted,	IsHighwayRelated,	IsTowAway,	JudicialDistrict,	MotorVehicleInvolvedWithCode,	MotorVehicleInvolvedWithDesc,MotorVehicleInvolvedWithOtherDesc,	NumberInjured,	NumberKilled,Weather 1, Weather 2, Road Condition 1, Road Condition 2, Special Condition,LightingCode, LightingDescription,Latitude,Longitude,MilepostDirection,MilepostDistance,MilepostMarker,MilepostUnitOfMeasure,	PedestrianActionCode,PedestrianActionDesc,PreparedDate,	Primary Collision Factor Code,Primary Collision Factor Violation,PrimaryCollisionFactorIsCited,	PrimaryCollisionPartyNumber,	PrimaryRoad,	ReportingDistrict,	ReportingDistrictCode,ReviewedDate,	RoadwaySurfaceCode,SecondaryDirection,	SecondaryDistance,	SecondaryRoad,	SecondaryUnitOfMeasure,	SketchDesc,	TrafficControlDeviceCode,CreatedDate,	ModifiedDate,IsCountyRoad,IsFreeway,CHP555Version,	IsAdditonalObjectStruck,NotificationDate,	NotificationTimeDescription,	HasDigitalMediaFiles,	EvidenceNumber,	IsLocationReferToNarrative,	IsAOIOneSameAsLocation
1997088,9340-2023-00589,1,False,9340,2/7/2023 6:25:00 PM,1825.0,087,1368.0,4313.0,San Jose,43.0,True,True,C,REAR END,,Tuesday,NotApplicable,False,,,False,True,False,SANTA CLARA SUPERIOR COURT HALL OF JUSTICE,C,OTHER MOTOR VEHICLE,,0.0,0.0,CLEAR,, NO UNUSUAL CONDITIONS,, ,B,DUSK-DAWN,37.319762,-121.889776,,,,,A,NO PEDESTRIANS INVOLVED,2/7/2023 6:25:00 PM,A,VC 22350,False,1.0,SR-87 N/B TO I-280,,,2/17/2023 9:15:05 AM,A,S,20.0,WEST VIRGINIA STREET,F,,D,2/17/2023 9:15:08 AM,2/17/2023 9:15:08 AM,False,True,4,,2/7/2023 6:50:00 PM,1850,False,,,True
1997066,9340-2023-00569,1,False,9340,2/6/2023 12:40:00 AM,40.0,110,1368.0,4313.0,San Jose,43.0,True,True,E,HIT OBJECT,,Monday,Yes,False,,,False,True,True,SANTA CLARA SUPERIOR COURT HALL OF JUSTICE,I,FIXED OBJECT,METAL POLE SIGN,2.0,0.0,CLEAR,, NO UNUSUAL CONDITIONS,, ,D,DARK-NO STREET LIGHTS,37.332667,-121.844804,,,,,A,NO PEDESTRIANS INVOLVED,2/6/2023 12:40:00 AM,A,VC 23152(a),True,1.0,US-101 N/B,,,2/17/2023 8:58:25 AM,A,S,1795.0,STORY RD,F,,D,2/17/2023 8:58:29 AM,2/17/2023 8:58:29 AM,False,True,4,,2/6/2023 12:42:00 AM,0042,False,,,True
1996471,9340-2023-00637,2,False,9340,2/10/2023 6:20:00 AM,620.0,120,1368.0,4313.0,San Jose,43.0,True,True,B,SIDE SWIPE,,Friday,NotApplicable,False,,,False,True,False,SANTA CLARA SUPERIOR COURT HALL OF JUSTICE,C,OTHER MOTOR VEHICLE,,0.0,0.0,CLEAR,, NO UNUSUAL CONDITIONS,, ,C,DARK-STREET LIGHTS,37.36411,-121.902399,,,,,A,NO PEDESTRIANS INVOLVED,2/10/2023 6:20:00 AM,A,VC 21658(A),False,1.0,US-101 S/B,,,3/2/2023 5:16:37 PM,A,N,60.0,I-880,F,,D,2/16/2023 3:37:04 PM,3/2/2023 5:16:46 PM,False,True,4,,2/10/2023 6:26:00 AM,0626,True,EMBEDDED,,True
1996458,9340-2023-00521,1,False,9340,2/4/2023 12:10:00 AM,10.0,681,1368.0,4313.0,San Jose,43.0,True,True,E,HIT OBJECT,,Saturday,Yes,False,,,False,True,False,SANTA CLARA SUPERIOR COURT HALL OF JUSTICE,I,FIXED OBJECT,TREE,1.0,0.0,CLOUDY,, HOLES- DEEPRUT*,, ,C,DARK-STREET LIGHTS,37.349628,-121.838643,,,,,A,NO PEDESTRIANS INVOLVED,2/4/2023 12:10:00 AM,A,VC 22107,False,1.0,I-680 N/B,,,2/16/2023 3:17:21 PM,A,S,781.0,JACKSON AVE,F,,D,2/16/2023 3:17:33 PM,2/16/2023 3:17:33 PM,False,True,4,,2/4/2023 12:15:00 AM,0015,False,,,False
1996430,9340-2023-00611,1,False,9340,2/7/2023 2:50:00 PM,1450.0,088,1368.0,4313.0,San Jose,43.0,True,True,B,SIDE SWIPE,,Tuesday,NotApplicable,False,,,False,True,False,SANTA CLARA SUPERIOR COURT HALL OF JUSTICE,C,OTHER MOTOR VEHICLE,,0.0,0.0,CLEAR,, NO UNUSUAL CONDITIONS,, ,A,DAYLIGHT,37.363854,-121.902255,,,,,A,NO PEDESTRIANS INVOLVED,2/7/2023 2:50:00 PM,A,VC 22107,False,1.0,I-880 SB ,,,2/16/2023 2:41:50 PM,A,S,60.0,US-101,F,,D,2/16/2023 2:41:53 PM,2/16/2023 2:41:53 PM,False,True,4,,2/7/2023 2:54:00 PM,1454,False,,,True
1996355,9340-2023-00618,1,False,9340,2/9/2023 10:05:00 AM,1005.0,089,1368.0,4313.0,San Jose,43.0,True,True,B,SIDE SWIPE,,Thursday,NotApplicable,False,,,False,True,False,SANTA CLARA SUPERIOR COURT HALL OF JUSTICE,C,OTHER MOTOR VEHICLE,,0.0,0.0,CLEAR,, NO UNUSUAL CONDITIONS,, ,A,DAYLIGHT,37.365558,-121.901185,,,,,A,NO PEDESTRIANS INVOLVED,2/9/2023 10:05:00 AM,A,VC 21658(A),False,1.0,I-880 N/B,,,2/16/2023 1:30:55 PM,A,N,400.0,OLD BAYSHORE HWY,F,,D,2/16/2023 1:30:57 PM,2/16/2023 1:30:57 PM,False,True,4,,2/9/2023 10:11:00 AM,1011,True,AREA PHOTO FILE,True,
1996198,9340-2023-00621,1,False,9340,2/9/2023 5:00:00 PM,1700.0,282,1368.0,4313.0,San Jose,43.0,True,True,C,REAR END,,Thursday,NotApplicable,False,,,False,True,False,SANTA CLARA SUPERIOR COURT HALL OF JUSTICE,C,OTHER MOTOR VEHICLE,,0.0,0.0,CLEAR,, NO UNUSUAL CONDITIONS,, ,B,DUSK-DAWN,37.316223,-121.960294,,,,,A,NO PEDESTRIANS INVOLVED,2/9/2023 5:00:00 PM,A,VC 22350,False,1.0,I-280 S/B,,,2/16/2023 11:02:11 AM,A,S,1035.0,SAN TOMAS EXPY,F,,D,2/16/2023 11:02:13 AM,2/16/2023 11:02:13 AM,False,True,4,False,2/9/2023 5:15:00 PM,1715,False,,,True
1996176,9340-2023-00609,1,False,9340,2/8/2023 6:10:00 PM,1810.0,282,1368.0,4313.0,San Jose,43.0,True,True,C,REAR END,,Wednesday,NotApplicable,False,,,False,True,False,,C,OTHER MOTOR VEHICLE,,1.0,0.0,CLEAR,, NO UNUSUAL CONDITIONS,, ,B,DUSK-DAWN,37.316279,-121.961535,,,,,A,NO PEDESTRIANS INVOLVED,2/8/2023 6:10:00 PM,A,VC 22350,False,1.0,I-280 S/B,,,2/16/2023 10:38:58 AM,A,S,700.0,SAN TOMAS EXPY,F,,D,2/16/2023 10:39:02 AM,2/16/2023 10:39:02 AM,False,True,4,,2/8/2023 6:20:00 PM,1820,False,,,True
1996168,9340-2023-00608,1,False,9340,2/8/2023 6:25:00 PM,1825.0,282,1368.0,4313.0,San Jose,43.0,True,True,C,REAR END,,Wednesday,NotApplicable,False,,,False,True,False,SANTA CLARA SUPERIOR COURT HALL OF JUSTICE,C,OTHER MOTOR VEHICLE,,1.0,0.0,CLEAR,, NO UNUSUAL CONDITIONS,, ,C,DARK-STREET LIGHTS,37.334606,-122.027354,,,,,A,NO PEDESTRIANS INVOLVED,2/8/2023 6:25:00 PM,A,VC 22350,False,1.0,I-280 N/B,,,2/16/2023 10:34:01 AM,A,S,1400.0,DE ANZA BLVD,F,,D,2/16/2023 10:34:04 AM,2/16/2023 10:34:04 AM,False,True,4,,2/8/2023 6:30:00 PM,1830,False,,,True
1996098,9340-2023-00591,1,False,9340,2/7/2023 10:30:00 PM,2230.0,088,1368.0,4313.0,San Jose,43.0,True,True,E,HIT OBJECT,,Tuesday,Yes,False,,,False,True,False,SANTA CLARA SUPERIOR COURT HALL OF JUSTICE,I,FIXED OBJECT,CONCRETE BARRIER,0.0,0.0,CLEAR,, NO UNUSUAL CONDITIONS,, ,C,DARK-STREET LIGHTS,37.334593,-121.935913,,,,,A,NO PEDESTRIANS INVOLVED,2/7/2023 10:30:00 PM,A,VC 23152(a),True,1.0,I-880 N/B TO BASCOM AVE N/B,,,2/16/2023 9:39:55 AM,A,N,138.0,BASCOM AVE,F,,A,2/16/2023 9:39:57 AM,2/16/2023 9:39:57 AM,False,True,4,,2/7/2023 10:50:00 PM,2250,False,,,True
1996097,9340-2023-00690,1,False,9340,2/9/2023 3:00:00 PM,1500.0,089,1368.0,4313.0,San Jose,43.0,True,True,C,REAR END,,Thursday,NotApplicable,False,,,False,True,False,SANTA CLARA SUPERIOR COURT HALL OF JUSTICE,C,OTHER MOTOR VEHICLE,,0.0,0.0,CLEAR,, NO UNUSUAL CONDITIONS,, ,A,DAYLIGHT,37.357645,-121.90804,,,,,A,NO PEDESTRIANS INVOLVED,2/9/2023 3:00:00 PM,A,VC 22350,False,1.0,I-880 S/B,,,2/16/2023 9:37:49 AM,A,S,555.0,N. FIRST STREET,F,,D,2/16/2023 9:39:21 AM,2/16/2023 9:39:21 AM,False,True,4,,2/9/2023 3:25:00 PM,1525,False,,,True
1996086,9340-2023-00588,1,False,9340,2/7/2023 6:25:00 PM,1825.0,281,1368.0,4313.0,San Jose,43.0,True,True,C,REAR END,,Tuesday,NotApplicable,False,,,False,True,False,SANTA CLARA SUPERIOR COURT HALL OF JUSTICE,C,OTHER MOTOR VEHICLE,,1.0,0.0,CLEAR,, NO UNUSUAL CONDITIONS,, ,C,DARK-STREET LIGHTS,37.325702,-121.884759,,,,,A,NO PEDESTRIANS INVOLVED,2/7/2023 6:25:00 PM,A,VC 22350,False,1.0,I-280 N/B,,,2/16/2023 9:31:46 AM,A,N,120.0,FIRST ST,F,,D,2/16/2023 9:31:48 AM,2/16/2023 9:31:48 AM,False,True,4,,2/7/2023 6:48:00 PM,1848,False,,,True
1996009,9340-2023-00586,1,False,9340,2/7/2023 11:35:00 AM,1135.0,172,1368.0,4313.0,San Jose,43.0,True,True,C,REAR END,,Tuesday,NotApplicable,False,,,False,True,True,SANTA CLARA SUPERIOR COURT HALL OF JUSTICE,C,OTHER MOTOR VEHICLE,,2.0,0.0,CLEAR,, NO UNUSUAL CONDITIONS,, ,A,DAYLIGHT,37.318479,-121.940557,,,,,A,NO PEDESTRIANS INVOLVED,2/7/2023 11:35:00 AM,A,VC 22350,False,1.0,SR-17 S/B FROM STEVENS CREEK BLVD,,,2/16/2023 8:38:18 AM,A,N,358.0,I-280,F,,A,2/16/2023 8:38:22 AM,2/16/2023 8:38:22 AM,False,True,4,,2/7/2023 11:36:00 AM,1136,True,EMBEDDED,,True
1996001,9340-2023-00576,1,False,9340,2/6/2023 7:25:00 AM,725.0,085,1368.0,4313.0,San Jose,43.0,True,True,C,REAR END,,Monday,NotApplicable,False,,,False,True,False,SANTA CLARA SUPERIOR COURT HALL OF JUSTICE,C,OTHER MOTOR VEHICLE,,1.0,0.0,CLEAR,, NO UNUSUAL CONDITIONS,, ,A,DAYLIGHT,37.2589,-121.964943,,,,,A,NO PEDESTRIANS INVOLVED,2/6/2023 7:25:00 AM,A,VC 22350,False,1.0,SR-85 N/B,,,2/16/2023 8:29:43 AM,A,N,500.0,WINCHESTER BLVD.,F,,D,2/16/2023 8:29:45 AM,2/16/2023 8:29:45 AM,False,True,4,,2/6/2023 7:27:00 AM,0727,False,,False,True
1995909,9340-2023-00598,1,False,9340,2/7/2023 8:10:00 AM,810.0,010,1368.0,4313.0,San Jose,43.0,True,True,B,SIDE SWIPE,,Tuesday,NotApplicable,False,M,,False,True,False,SANTA CLARA SUPERIOR COURT HALL OF JUSTICE,C,OTHER MOTOR VEHICLE,,0.0,0.0,CLEAR,, NO UNUSUAL CONDITIONS,, ,A,DAYLIGHT,37.362679,-121.816912,,,,,A,NO PEDESTRIANS INVOLVED,2/7/2023 8:10:00 AM,A,VC 22107,False,1.0,CHRISLAND AVE.,,,2/16/2023 7:18:26 AM,A,S,15.0,CHRISLAND CT.,F,,D,2/16/2023 7:18:34 AM,2/16/2023 7:18:34 AM,False,True,4,,2/7/2023 8:20:00 AM,0820,False,,,True
1995850,9340-2023-00522,1,False,9340,2/4/2023 12:25:00 AM,25.0,120,1368.0,4313.0,San Jose,43.0,True,True,E,HIT OBJECT,,Saturday,Yes,False,,,False,True,True,SANTA CLARA SUPERIOR COURT HALL OF JUSTICE,I,FIXED OBJECT,CONCRETE BARRIER,0.0,0.0,CLOUDY,, NO UNUSUAL CONDITIONS,, ,C,DARK-STREET LIGHTS,37.371646,-121.917295,,,,,A,NO PEDESTRIANS INVOLVED,2/4/2023 12:25:00 AM,A,VC 22107,False,1.0,US-101 S/B,,,2/16/2023 5:57:14 AM,A,N,10.0,BROKAW RD,F,,D,2/16/2023 5:57:15 AM,2/16/2023 5:57:15 AM,False,True,4,,2/4/2023 12:30:00 AM,0030,False,,,
1995592,9340-2023-00700,1,False,9340,2/14/2023 5:20:00 PM,1720.0,282,1368.0,4313.0,San Jose,43.0,True,True,C,REAR END,,Tuesday,NotApplicable,False,,,False,True,False,SANTA CLARA SUPERIOR COURT HALL OF JUSTICE,C,OTHER MOTOR VEHICLE,,0.0,0.0,CLEAR,, NO UNUSUAL CONDITIONS,, ,B,DUSK-DAWN,37.317894,-121.982856,,,,,A,NO PEDESTRIANS INVOLVED,2/14/2023 5:20:00 PM,A,VC 22350,False,1.0,I-280 S/B,,,2/15/2023 6:13:24 PM,A,N,0.416,SARATOGA AVE,M,,D,2/15/2023 6:13:30 PM,2/15/2023 6:13:30 PM,False,True,4,,2/14/2023 5:35:00 PM,1735,False,,,True
1995343,9340-2023-00454,1,False,9340,1/30/2023 6:00:00 AM,600.0,681,1368.0,4313.0,San Jose,43.0,True,True,B,SIDE SWIPE,,Monday,NotApplicable,False,,,False,True,False,SANTA CLARA SUPERIOR COURT HALL OF JUSTICE,C,OTHER MOTOR VEHICLE,,1.0,0.0,CLEAR,, NO UNUSUAL CONDITIONS,, ,D,DARK-NO STREET LIGHTS,37.347662,-121.841383,,,,,A,NO PEDESTRIANS INVOLVED,1/30/2023 6:00:00 AM,A,VC 21658(a),False,1.0,I-680 S/B,,,2/15/2023 12:59:08 PM,A,S,1911.0,JACKSON AVE,F,,D,2/15/2023 12:59:12 PM,2/15/2023 12:59:12 PM,False,True,4,,1/30/2023 6:08:00 AM,0608,False,,,True
1995327,9340-2023-00587,1,False,9340,2/7/2023 12:43:00 PM,1243.0,230,1368.0,4313.0,San Jose,43.0,True,True,B,SIDE SWIPE,,Tuesday,NotApplicable,False,,,False,True,False,SANTA CLARA SUPERIOR COURT HALL OF JUSTICE,C,OTHER MOTOR VEHICLE,,0.0,0.0,CLEAR,, NO UNUSUAL CONDITIONS,, ,A,DAYLIGHT,37.419235,-121.961825,,,,,A,NO PEDESTRIANS INVOLVED,2/7/2023 12:43:00 PM,A,VC 21658(A),False,1.0,SR-237 W/B,,,2/15/2023 12:36:18 PM,A,W,600.0,FIRST ST,F,,D,2/15/2023 12:36:20 PM,2/15/2023 12:36:20 PM,False,True,4,,2/7/2023 12:55:00 PM,1255,True,AREA PHOTO FILE,,True
1995326,9340-2023-00579,1,False,9340,2/6/2023 3:35:00 PM,1535.0,120,1368.0,4313.0,San Jose,43.0,True,True,B,SIDE SWIPE,,Monday,NotApplicable,False,M,,False,True,False,SANTA CLARA SUPERIOR COURT HALL OF JUSTICE,C,OTHER MOTOR VEHICLE,,0.0,0.0,CLEAR,, NO UNUSUAL CONDITIONS,, ,A,DAYLIGHT,37.362976,-121.891811,,,,,A,NO PEDESTRIANS INVOLVED,2/6/2023 3:35:00 PM,A,VC 22350,False,1.0,US-101 S/B,,,2/15/2023 12:33:17 PM,A,N,46.0,OLD OAKLAND RD,F,,D,2/15/2023 12:33:19 PM,2/15/2023 12:33:19 PM,False,True,4,,2/6/2023 3:55:00 PM,1555,False,,False,True
1995324,9340-2023-00573,1,False,9340,2/6/2023 9:30:00 AM,930.0,087,1368.0,4313.0,San Jose,43.0,True,True,C,REAR END,,Monday,NotApplicable,False,M,,False,True,False,SANTA CLARA SUPERIOR COURT HALL OF JUSTICE,C,OTHER MOTOR VEHICLE,,0.0,0.0,CLEAR,, NO UNUSUAL CONDITIONS,, ,A,DAYLIGHT,37.282084,-121.865781,,,,,A,NO PEDESTRIANS INVOLVED,2/6/2023 9:30:00 AM,A,VC 22350,False,2.0,SR-87 N/B,,,2/15/2023 12:30:14 PM,A,N,840.0,HILLSDALE AVE.,F,,D,2/15/2023 12:30:17 PM,2/15/2023 12:30:17 PM,False,True,4,,2/6/2023 9:35:00 AM,0935,False,,True,
1995303,9340-2023-00551,1,False,9340,2/4/2023 9:15:00 PM,2115.0,087,1368.0,4313.0,San Jose,43.0,True,True,E,HIT OBJECT,,Saturday,Yes,False,,,False,True,False,SANTA CLARA SUPERIOR COURT HALL OF JUSTICE,I,FIXED OBJECT,CONCRETE BARRIER,1.0,0.0,RAINING,, NO UNUSUAL CONDITIONS,, ,D,DARK-NO STREET LIGHTS,37.364071,-121.918411,,,,,A,NO PEDESTRIANS INVOLVED,2/4/2023 9:15:00 PM,A,VC 22107,False,1.0,SR-87 N/B,,,2/15/2023 12:10:18 PM,B,S,140.0,SKYPORT DR,F,,D,2/15/2023 12:10:20 PM,2/15/2023 12:10:20 PM,False,True,4,,2/4/2023 9:20:00 PM,2120,False,,,True
1995279,9340-2023-00548,1,False,9340,2/4/2023 5:00:00 AM,500.0,070,1368.0,4313.0,San Jose,43.0,True,True,B,SIDE SWIPE,,Saturday,NotApplicable,False,,,False,False,True,SANTA CLARA SUPERIOR COURT HALL OF JUSTICE,C,OTHER MOTOR VEHICLE,,0.0,0.0,CLEAR,, NO UNUSUAL CONDITIONS,, ,A,DAYLIGHT,37.321679,-121.925902,,,,,A,NO PEDESTRIANS INVOLVED,2/4/2023 5:00:00 AM,A,VC 22107,False,1.0,ELLIOTT STREET,,,2/15/2023 11:52:26 AM,A,W,20.0,RUTLAND AVE,F,,D,2/15/2023 11:52:29 AM,2/15/2023 11:52:29 AM,True,False,4,,2/5/2023 10:00:00 AM,1000,False,,,True
1995277,9340-2023-00596,1,False,9340,2/8/2023 9:11:00 AM,911.0,089,1368.0,4313.0,San Jose,43.0,True,True,B,SIDE SWIPE,,Wednesday,NotApplicable,False,M,,False,True,False,SANTA CLARA SUPERIOR COURT HALL OF JUSTICE,C,OTHER MOTOR VEHICLE,,0.0,0.0,CLEAR,, NO UNUSUAL CONDITIONS,, ,A,DAYLIGHT,37.416417,-121.913434,,,,,A,NO PEDESTRIANS INVOLVED,2/8/2023 9:11:00 AM,A,VC 22107,False,2.0,I-880 S/B,,,2/15/2023 11:50:09 AM,A,N,255.0,GREAT MALL PARKWAY,F,,D,2/15/2023 11:50:16 AM,2/15/2023 11:50:16 AM,False,True,4,,2/8/2023 9:19:00 AM,0919,True,EMBEDDED,,True
1995200,9340-2023-00595,1,False,9340,2/8/2023 7:35:00 AM,735.0,089,1368.0,4313.0,San Jose,43.0,True,True,B,SIDE SWIPE,,Wednesday,NotApplicable,False,M,,False,True,False,SANTA CLARA SUPERIOR COURT HALL OF JUSTICE,C,OTHER MOTOR VEHICLE,,0.0,0.0,CLEAR,, NO UNUSUAL CONDITIONS,, ,A,DAYLIGHT,37.395595,-121.907685,,,,,A,NO PEDESTRIANS INVOLVED,2/8/2023 7:35:00 AM,A,VC 22107,False,1.0,I-880 S/B,,,2/15/2023 10:50:02 AM,A,S,1850.0,MONTAGUE EXPY,F,,D,2/15/2023 10:50:05 AM,2/15/2023 10:50:05 AM,False,True,4,,2/8/2023 7:45:00 AM,0745,False,,,True
1995124,9340-2023-00562,1,False,9340,2/4/2023 8:35:00 PM,2035.0,281,1368.0,4313.0,San Jose,43.0,True,True,E,HIT OBJECT,,Saturday,NotApplicable,False,,,False,True,False,SANTA CLARA SUPERIOR COURT HALL OF JUSTICE,I,FIXED OBJECT,CONCRETE BARRIER,2.0,0.0,RAINING,, NO UNUSUAL CONDITIONS,, ,D,DARK-NO STREET LIGHTS,37.317242,-121.933196,,,,,A,NO PEDESTRIANS INVOLVED,2/4/2023 8:35:00 PM,A,VC 22350,False,1.0,I-280 N/B,,,2/15/2023 9:59:03 AM,B,N,340.0,S. BASCOM AVE.,F,,D,2/15/2023 9:59:08 AM,2/15/2023 9:59:08 AM,False,True,4,True,2/4/2023 8:52:00 PM,2052,False,,,True
1995034,9340-2023-00531,1,False,9340,2/3/2023 7:31:00 PM,1931.0,681,1368.0,4313.0,San Jose,43.0,True,True,E,HIT OBJECT,,Friday,Yes,False,,,False,True,True,SANTA CLARA SUPERIOR COURT HALL OF JUSTICE,I,FIXED OBJECT,CONCRETE BARRIER,2.0,0.0,CLOUDY,, NO UNUSUAL CONDITIONS,, ,C,DARK-STREET LIGHTS,37.347206,-121.841511,,,,,A,NO PEDESTRIANS INVOLVED,2/3/2023 7:31:00 PM,A,VC 23152(a),True,1.0,I-680 N/B,,,2/15/2023 8:54:31 AM,A,N,1950.0,KING RD,F,,D,2/15/2023 8:54:34 AM,2/15/2023 8:54:34 AM,False,True,4,True,2/3/2023 7:34:00 PM,1934,False,,True,False
1995004,9340-2023-00515,1,False,9340,2/3/2023 12:55:00 PM,1255.0,281,1368.0,4313.0,San Jose,43.0,True,True,C,REAR END,,Friday,Yes,False,,,False,True,True,SANTA CLARA SUPERIOR COURT HALL OF JUSTICE,E,PARKED MOTOR VEHICLE,,1.0,0.0,CLOUDY,, NO UNUSUAL CONDITIONS,, ,A,DAYLIGHT,37.325174,-121.885025,,,,,A,NO PEDESTRIANS INVOLVED,2/3/2023 12:55:00 PM,A,VC 22107,False,1.0,I-280 S/B,,,2/15/2023 8:31:46 AM,A,N,609.0,7TH STREET,F,,D,2/15/2023 8:31:50 AM,2/15/2023 8:31:50 AM,False,True,4,,2/3/2023 12:59:00 PM,1259,True,EMBEDDED,True,False
1994965,9340-2023-00512,1,False,9340,2/3/2023 9:40:00 AM,940.0,120,1368.0,4313.0,San Jose,43.0,True,True,E,HIT OBJECT,,Friday,NotApplicable,False,,,False,True,True,SANTA CLARA SUPERIOR COURT HALL OF JUSTICE,I,FIXED OBJECT,METAL GUARD RAIL,1.0,0.0,CLOUDY,, NO UNUSUAL CONDITIONS,, ,A,DAYLIGHT,37.363644,-121.898573,,,,,A,NO PEDESTRIANS INVOLVED,2/3/2023 9:40:00 AM,A,VC 22350,False,1.0,US-101 S/B,,,2/15/2023 8:06:12 AM,B,N,97.0,OLD OAKLAND RD.,F,,D,2/15/2023 8:06:15 AM,2/15/2023 8:06:15 AM,False,True,4,,2/3/2023 9:45:00 AM,0945,True,EMBEDDED,,True
1994954,9340-2023-00509,1,False,9340,2/3/2023 6:20:00 AM,620.0,681,1368.0,4313.0,San Jose,43.0,True,True,B,SIDE SWIPE,,Friday,NotApplicable,False,,,False,True,False,SANTA CLARA SUPERIOR COURT HALL OF JUSTICE,C,OTHER MOTOR VEHICLE,,0.0,0.0,CLOUDY,RAINING, NO UNUSUAL CONDITIONS,, ,C,DARK-STREET LIGHTS,37.35876,-121.840279,,,,,A,NO PEDESTRIANS INVOLVED,2/3/2023 6:20:00 AM,A,VC 22107,False,1.0,I-680 N/B,,,2/15/2023 7:58:06 AM,B,N,500.0,CAPITOL EXPY,F,,D,2/15/2023 7:58:11 AM,2/15/2023 7:58:11 AM,False,True,4,,2/3/2023 6:40:00 AM,0640,True,AREA / EMBEDDED,,True
1994472,9340-2023-00568,1,False,9340,2/5/2023 4:20:00 PM,1620.0,281,1368.0,4313.0,San Jose,43.0,True,True,C,REAR END,,Sunday,NotApplicable,False,F,,False,True,False,SANTA CLARA SUPERIOR COURT HALL OF JUSTICE,C,OTHER MOTOR VEHICLE,,0.0,0.0,RAINING,, NO UNUSUAL CONDITIONS,, ,B,DUSK-DAWN,37.325696,-121.884795,,,,,A,NO PEDESTRIANS INVOLVED,2/5/2023 4:20:00 PM,A,VC 22350,False,2.0,I-280 NB,,,2/14/2023 3:42:37 PM,B,S,0.35,SR-87,M,,D,2/14/2023 3:42:47 PM,2/14/2023 3:42:47 PM,False,True,4,,2/5/2023 4:30:00 PM,1630,False,,,True
1994461,9340-2023-00577,1,False,9340,2/6/2023 5:00:00 PM,1700.0,083,1368.0,4313.0,San Jose,43.0,True,True,B,SIDE SWIPE,,Monday,NotApplicable,False,,,False,True,True,SANTA CLARA SUPERIOR COURT HALL OF JUSTICE,C,OTHER MOTOR VEHICLE,,1.0,0.0,CLEAR,, NO UNUSUAL CONDITIONS,, ,A,DAYLIGHT,37.253206,-121.944569,,,,,A,NO PEDESTRIANS INVOLVED,2/6/2023 5:00:00 PM,A,VC 21658(a),False,1.0,SR-85 S/B,,,2/14/2023 3:31:51 PM,A,S,1970.0,S BASCOM AVE,F,,D,2/14/2023 3:32:01 PM,2/14/2023 3:32:01 PM,False,True,4,False,2/6/2023 5:02:00 PM,1702,False,,,True
1994168,9340-2023-00578,1,False,9340,2/6/2023 5:30:00 PM,1730.0,172,1368.0,4313.0,San Jose,43.0,True,True,C,REAR END,,Monday,NotApplicable,False,,,False,True,True,SANTA CLARA SUPERIOR COURT HALL OF JUSTICE,C,OTHER MOTOR VEHICLE,,0.0,0.0,CLEAR,, NO UNUSUAL CONDITIONS,, ,B,DUSK-DAWN,37.318476,-121.940559,,,,,A,NO PEDESTRIANS INVOLVED,2/6/2023 5:30:00 PM,A,VC 22350,False,1.0,SR-17 S/B FROM STEVENS CREEK BLVD,,,2/14/2023 11:00:00 AM,A,N,345.0,I-280,F,,A,2/14/2023 11:00:02 AM,2/14/2023 11:00:02 AM,False,True,4,,2/6/2023 5:31:00 PM,1731,False,,,True
1994030,9340-2023-00572,1,False,9340,2/6/2023 8:30:00 AM,830.0,282,1368.0,4313.0,San Jose,43.0,True,True,B,SIDE SWIPE,,Monday,NotApplicable,False,,,False,True,False,SANTA CLARA SUPERIOR COURT HALL OF JUSTICE,C,OTHER MOTOR VEHICLE,,0.0,0.0,CLEAR,, NO UNUSUAL CONDITIONS,, ,A,DAYLIGHT,37.316654,-121.958142,,,,,A,NO PEDESTRIANS INVOLVED,2/6/2023 8:30:00 AM,A,VC 21658(A),False,1.0,I-280 N/B,,,2/14/2023 9:22:41 AM,A,N,1500.0,SR-17,F,,D,2/14/2023 9:22:43 AM,2/14/2023 9:22:43 AM,False,True,4,,2/6/2023 8:43:00 AM,0843,False,,True,
1994007,9340-2023-00570,2,False,9340,2/6/2023 5:55:00 AM,555.0,230,1368.0,4313.0,San Jose,43.0,True,True,B,SIDE SWIPE,,Monday,Yes,False,F,,False,True,False,SANTA CLARA SUPERIOR COURT HALL OF JUSTICE,C,OTHER MOTOR VEHICLE,,1.0,0.0,CLEAR,, NO UNUSUAL CONDITIONS,, ,C,DARK-STREET LIGHTS,37.412855,-121.986315,,,,,A,NO PEDESTRIANS INVOLVED,2/6/2023 5:55:00 AM,A,VC 22107,False,1.0,SR-237 W/B,,,3/29/2023 6:26:06 AM,A,W,2500.0,GREAT AMERICA PKY,F,,D,2/14/2023 9:12:55 AM,3/29/2023 6:26:10 AM,False,True,4,,2/6/2023 5:59:00 AM,0559,False,,,True