Collision Id,	Report Number,	Report Version,	Is Preliminary,	NCIC Code,Crash Date Time,	Crash Time Description,	Beat,City Id,	City Code,	City Name,County Code,	City Is Active,	City Is Incorporated,	Collision Type Code,Collision Type Description,	Collision Type Other Desc,	Day Of Week,	DispatchNotified,	HasPhotographs,	HitRun,	IsAttachmentsMailed,	IsDeleted,	IsHighwayRelated,	IsTowAway,	JudicialDistrict,	MotorVehicleInvolvedWithCode,	MotorVehicleInvolvedWithDesc,MotorVehicleInvolvedWithOtherDesc,	NumberInjured,	NumberKilled,Weather 1, Weather 2, Road Condition 1, Road Condition 2, Special Condition,LightingCode, LightingDescription,Latitude,Longitude,MilepostDirection,MilepostDistance,MilepostMarker,MilepostUnitOfMeasure,	PedestrianActionCode,PedestrianActionDesc,PreparedDate,	Primary Collision Factor Code,Primary Collision Factor Violation,PrimaryCollisionFactorIsCited,	PrimaryCollisionPartyNumber,	PrimaryRoad,	ReportingDistrict,	ReportingDistrictCode,ReviewedDate,	RoadwaySurfaceCode,SecondaryDirection,	SecondaryDistance,	SecondaryRoad,	SecondaryUnitOfMeasure,	SketchDesc,	TrafficControlDeviceCode,CreatedDate,	ModifiedDate,IsCountyRoad,IsFreeway,CHP555Version,	IsAdditonalObjectStruck,NotificationDate,	NotificationTimeDescription,	HasDigitalMediaFiles,	EvidenceNumber,	IsLocationReferToNarrative,	IsAOIOneSameAsLocation
2027275,9340-2023-01193,2,False,9340,3/18/2023 10:00:00 AM,1000.0,110,1368.0,4313.0,San Jose,43.0,True,True,B,SIDE SWIPE,,Saturday,Yes,False,,,False,True,False,SANTA CLARA SUPERIOR COURT HALL OF JUSTICE,C,OTHER MOTOR VEHICLE,,2.0,0.0,CLEAR,, NO UNUSUAL CONDITIONS,, ,A,DAYLIGHT,37.309611,-121.823265,,,,,A,NO PEDESTRIANS INVOLVED,3/18/2023 10:00:00 AM,A,VC 23152(a),True,1.0,US-101 S/B ,,,8/23/2023 6:52:55 AM,A,N,2942.0,E. CAPITOL EXPRESSWAY,F,,D,3/23/2023 2:32:26 PM,8/23/2023 6:53:08 AM,False,True,4,True,3/18/2023 10:07:00 AM,1007,True,EMBEDDED,,True
2027233,9340-2023-01085,1,False,9340,3/12/2023 11:57:00 AM,1157.0,087,1368.0,4313.0,San Jose,43.0,True,True,B,SIDE SWIPE,,Sunday,NotApplicable,False,M,,False,True,False,SANTA CLARA SUPERIOR COURT HALL OF JUSTICE,C,OTHER MOTOR VEHICLE,,0.0,0.0,CLEAR,, NO UNUSUAL CONDITIONS,, ,A,DAYLIGHT,37.279535,-121.864593,,,,,A,NO PEDESTRIANS INVOLVED,3/12/2023 11:57:00 AM,A,VC 22107,False,1.0,SR-87 N/B,,,3/23/2023 2:00:00 PM,B,N,0.34,CAPITOL EXPY,M,,D,3/23/2023 2:00:02 PM,3/23/2023 2:00:02 PM,False,True,4,,3/12/2023 12:05:00 PM,1205,True,EMBEDDED,,True
2027225,9340-2023-01143,1,False,9340,3/15/2023 9:26:00 AM,926.0,282,1368.0,4313.0,San Jose,43.0,True,True,C,REAR END,,Wednesday,NotApplicable,False,,,False,True,False,SANTA CLARA SUPERIOR COURT HALL OF JUSTICE,C,OTHER MOTOR VEHICLE,,1.0,0.0,CLEAR,, NO UNUSUAL CONDITIONS,, ,A,DAYLIGHT,37.318195,-121.985514,,,,,A,NO PEDESTRIANS INVOLVED,3/15/2023 9:26:00 AM,A,VC 22350,False,1.0,I-280 N/B,,,3/23/2023 1:54:54 PM,A,S,1550.0,LAWRENCE EXPY,F,,D,3/23/2023 1:55:01 PM,3/23/2023 1:55:01 PM,False,True,4,,3/15/2023 9:27:00 AM,0927,False,,,True
2027193,9340-2023-01139,1,False,9340,3/15/2023 8:25:00 AM,825.0,240,1368.0,4313.0,San Jose,43.0,True,True,B,SIDE SWIPE,,Wednesday,NotApplicable,False,,,False,True,False,SANTA CLARA SUPERIOR COURT HALL OF JUSTICE,C,OTHER MOTOR VEHICLE,,0.0,0.0,CLEAR,, NO UNUSUAL CONDITIONS,, ,A,DAYLIGHT,37.422315,-121.930705,,,,,A,NO PEDESTRIANS INVOLVED,3/15/2023 8:25:00 AM,A,VC 21658(A),False,1.0,SR-237 W/B,,,3/23/2023 1:26:58 PM,A,W,2000.0,MCCARTHY BLVD,F,,A,3/23/2023 1:27:19 PM,3/23/2023 1:27:19 PM,False,True,4,,3/15/2023 8:30:00 AM,0830,False,,,True
2027189,9340-2023-01079,1,False,9340,3/12/2023 9:40:00 AM,940.0,230,1368.0,4313.0,San Jose,43.0,True,True,E,HIT OBJECT,,Sunday,NotApplicable,False,,,False,True,True,SANTA CLARA SUPERIOR COURT HALL OF JUSTICE,I,FIXED OBJECT,CONCRETE CENTER DIVIDE,0.0,0.0,RAINING,, NO UNUSUAL CONDITIONS,, ,A,DAYLIGHT,37.410854,-121.991264,,,,,A,NO PEDESTRIANS INVOLVED,3/12/2023 9:40:00 AM,A,VC 22107,False,1.0,SR-237 E/B,,,3/23/2023 1:23:07 PM,B,E,2185.0,LAWRENCE EXPRESSWAY,F,,D,3/23/2023 1:23:09 PM,3/23/2023 1:23:09 PM,False,True,4,True,3/12/2023 9:43:00 AM,0943,False,,,True
2027178,9340-2023-01140,1,False,9340,3/15/2023 8:20:00 AM,820.0,083,1368.0,4313.0,San Jose,43.0,True,True,C,REAR END,,Wednesday,NotApplicable,False,,,False,True,True,SANTA CLARA SUPERIOR COURT HALL OF JUSTICE,C,OTHER MOTOR VEHICLE,,0.0,0.0,CLEAR,, NO UNUSUAL CONDITIONS,, ,A,DAYLIGHT,37.254596,-121.9509,,,,,A,NO PEDESTRIANS INVOLVED,3/15/2023 8:20:00 AM,A,VC 22350,False,1.0,SR-85 N/B,,,3/23/2023 1:15:08 PM,A,S,38.0,BASCOM AVE.,F,,D,3/23/2023 1:15:36 PM,3/23/2023 1:15:36 PM,False,True,4,,3/15/2023 8:30:00 AM,0830,False,,,True
2027169,9340-2023-01076,1,False,9340,3/11/2023 10:00:00 PM,2200.0,088,1368.0,4313.0,San Jose,43.0,True,True,B,SIDE SWIPE,,Saturday,NotApplicable,False,,,False,True,False,SANTA CLARA SUPERIOR COURT HALL OF JUSTICE,C,OTHER MOTOR VEHICLE,,0.0,0.0,CLEAR,, NO UNUSUAL CONDITIONS,, On-Duty Emergency Vehicle,C,DARK-STREET LIGHTS,37.3601,-121.90521,,,,,A,NO PEDESTRIANS INVOLVED,3/11/2023 10:00:00 PM,A,VC 21658(A),False,1.0,I-880 N/B,,,3/23/2023 1:11:06 PM,A,N,780.0,1ST ST,F,,D,3/23/2023 1:11:09 PM,3/23/2023 1:11:09 PM,False,True,4,,3/11/2023 10:20:00 PM,2220,False,,,True
2027163,9340-2023-01144,1,False,9340,3/15/2023 6:54:00 AM,654.0,087,1368.0,4313.0,San Jose,43.0,True,True,B,SIDE SWIPE,,Wednesday,NotApplicable,False,,,False,True,False,SANTA CLARA SUPERIOR COURT HALL OF JUSTICE,C,OTHER MOTOR VEHICLE,,0.0,0.0,CLEAR,, NO UNUSUAL CONDITIONS,, ,A,DAYLIGHT,37.291069,-121.871282,,,,,A,NO PEDESTRIANS INVOLVED,3/15/2023 6:54:00 AM,A,VC 22107,False,1.0,SR-87 N/B,,,3/23/2023 1:04:11 PM,A,S,200.0,MILL POND DR,F,,D,3/23/2023 1:05:36 PM,3/23/2023 1:05:36 PM,False,True,4,,3/15/2023 7:20:00 AM,0720,True,EMBEDDED,,False
2027156,9340-2023-01072,1,False,9340,3/11/2023 5:55:00 PM,1755.0,087,1368.0,4313.0,San Jose,43.0,True,True,C,REAR END,,Saturday,Yes,False,,,False,True,False,SANTA CLARA SUPERIOR COURT HALL OF JUSTICE,C,OTHER MOTOR VEHICLE,,0.0,0.0,CLEAR,, NO UNUSUAL CONDITIONS,, ,A,DAYLIGHT,37.278837,-121.864794,,,,,A,NO PEDESTRIANS INVOLVED,3/11/2023 5:55:00 PM,A,VC 23152(a),True,1.0,SR-87 S/B,,,3/23/2023 12:58:28 PM,A,N,1500.0,CAPITOL EXPY,F,,D,3/23/2023 1:00:40 PM,3/23/2023 1:00:40 PM,False,True,4,,3/11/2023 6:57:00 PM,1857,False,,,True
2027131,9340-2023-01069,1,False,9340,3/11/2023 4:55:00 PM,1655.0,088,1368.0,4313.0,San Jose,43.0,True,True,B,SIDE SWIPE,,Saturday,NotApplicable,False,M,,False,True,False,SANTA CLARA SUPERIOR COURT HALL OF JUSTICE,C,OTHER MOTOR VEHICLE,,0.0,0.0,CLEAR,, NO UNUSUAL CONDITIONS,, ,A,DAYLIGHT,37.332038,-121.939315,,,,,A,NO PEDESTRIANS INVOLVED,3/11/2023 4:55:00 PM,A,VC 22107,False,1.0,I-880 N/B,,,3/23/2023 12:48:23 PM,A,N,687.0,W. HEDDING ST,F,,D,3/23/2023 12:48:26 PM,3/23/2023 12:48:26 PM,False,True,4,,3/11/2023 5:15:00 PM,1715,False,,,True
2027125,9340-2023-01062,1,False,9340,3/11/2023 12:30:00 PM,1230.0,088,1368.0,4313.0,San Jose,43.0,True,True,C,REAR END,,Saturday,NotApplicable,False,,,False,True,False,SANTA CLARA SUPERIOR COURT HALL OF JUSTICE,C,OTHER MOTOR VEHICLE,,0.0,0.0,CLOUDY,, NO UNUSUAL CONDITIONS,, ,A,DAYLIGHT,37.334069,-121.936026,,,,,A,NO PEDESTRIANS INVOLVED,3/11/2023 12:30:00 PM,A,VC 22350,False,1.0,I-880 N/B TO BASCOM AVE W/B,,,3/23/2023 12:43:55 PM,A,N,135.0,BASCOM AVE W/B,F,,A,3/23/2023 12:45:03 PM,3/23/2023 12:45:03 PM,False,True,4,,3/11/2023 1:00:00 PM,1300,False,,,True
2026914,9340-2023-01117,1,False,9340,3/14/2023 2:05:00 AM,205.0,088,1368.0,4313.0,San Jose,43.0,True,True,E,HIT OBJECT,,Tuesday,Yes,False,,,False,True,True,SANTA CLARA SUPERIOR COURT HALL OF JUSTICE,I,FIXED OBJECT,CONCRETE BARRIER,2.0,0.0,RAINING,, NO UNUSUAL CONDITIONS,, ,C,DARK-STREET LIGHTS,37.350273,-121.917503,,,,,A,NO PEDESTRIANS INVOLVED,3/14/2023 2:05:00 AM,A,VC 22350,False,1.0,I-880 S/B TO COLEMAN AVE. ,,,3/23/2023 10:09:56 AM,B,N,500.0,COLEMAN AVE.,F,,D,3/23/2023 10:10:02 AM,3/23/2023 10:10:02 AM,False,True,4,True,3/14/2023 2:05:00 AM,0205,True,AREA PHOTO FILE,,True
2026861,9340-2023-01150,1,False,9340,3/11/2023 8:30:00 PM,2030.0,281,1368.0,4313.0,San Jose,43.0,True,True,F,OVERTURNED,OUT OF CONTROL,Saturday,NotApplicable,False,,,False,True,False,SANTA CLARA SUPERIOR COURT HALL OF JUSTICE,A,NON-COLLISION,,1.0,0.0,CLEAR,, NO UNUSUAL CONDITIONS,, ,D,DARK-NO STREET LIGHTS,37.322682,-121.897563,,,,,A,NO PEDESTRIANS INVOLVED,3/11/2023 8:30:00 PM,A,VC 22350,False,1.0,I-280 N/B,,,3/23/2023 9:34:01 AM,A,S,200.0,BIRD AVE,F,,D,3/23/2023 9:34:06 AM,3/23/2023 9:34:06 AM,False,True,4,,3/11/2023 8:35:00 PM,2035,False,,,True
2026714,9340-2023-01070,1,False,9340,3/11/2023 5:10:00 AM,510.0,089,1368.0,4313.0,San Jose,43.0,True,True,E,HIT OBJECT,,Saturday,NotApplicable,False,M,,False,True,True,SANTA CLARA SUPERIOR COURT HALL OF JUSTICE,I,FIXED OBJECT,METAL GUARDRAIL,0.0,0.0,CLOUDY,, NO UNUSUAL CONDITIONS,, ,D,DARK-NO STREET LIGHTS,37.383985,-121.905558,,,,,A,NO PEDESTRIANS INVOLVED,3/11/2023 5:10:00 AM,A,VC 22107,False,1.0,I-880 S/B TO BROKAW RD,,,3/23/2023 7:25:51 AM,A,N,593.0,BROKAW RD,F,,D,3/23/2023 7:25:58 AM,3/23/2023 7:25:58 AM,False,True,4,,3/11/2023 5:15:00 AM,0515,True,EMBEDDED,,True
2026708,9340-2023-01057,1,False,9340,3/11/2023 1:10:00 AM,110.0,083,1368.0,4313.0,San Jose,43.0,True,True,C,REAR END,,Saturday,NotApplicable,False,,,False,True,False,SANTA CLARA SUPERIOR COURT HALL OF JUSTICE,C,OTHER MOTOR VEHICLE,,0.0,0.0,CLEAR,, OBSTRUCTION ON ROADWAY*,, ,A,DAYLIGHT,37.242983,-121.809798,,,,,A,NO PEDESTRIANS INVOLVED,3/11/2023 1:10:00 AM,A,VC 22350,False,1.0,SR-85 S/B,,,3/23/2023 7:20:26 AM,A,N,1640.0,COTTLE RD,F,,D,3/23/2023 7:20:34 AM,3/23/2023 7:20:34 AM,False,True,4,,3/11/2023 1:14:00 AM,0114,False,,,True
2025821,9340-2023-01113,1,False,9340,3/13/2023 5:50:00 PM,1750.0,282,1368.0,4313.0,San Jose,43.0,True,True,C,REAR END,,Monday,Yes,False,,,False,True,False,SANTA CLARA SUPERIOR COURT HALL OF JUSTICE,C,OTHER MOTOR VEHICLE,,1.0,0.0,CLOUDY,, NO UNUSUAL CONDITIONS,, ,A,DAYLIGHT,37.32047,-121.99408,,,,,A,NO PEDESTRIANS INVOLVED,3/13/2023 5:50:00 PM,A,VC 22350,False,1.0,I-280 N/B TO LAWRENCE EXPY,,,3/22/2023 3:34:50 PM,A,S,408.0,LAWRENCE EXPY,F,,D,3/22/2023 3:34:58 PM,3/22/2023 3:34:58 PM,False,True,4,,3/13/2023 6:00:00 PM,1800,False,,False,True
2025728,9340-2023-01108,1,False,9340,3/13/2023 4:30:00 PM,1630.0,083,1368.0,4313.0,San Jose,43.0,True,True,B,SIDE SWIPE,,Monday,Yes,False,,,False,True,True,SANTA CLARA SUPERIOR COURT HALL OF JUSTICE,C,OTHER MOTOR VEHICLE,,3.0,0.0,CLEAR,, NO UNUSUAL CONDITIONS,, ,A,DAYLIGHT,37.256117,-121.870265,,,,,A,NO PEDESTRIANS INVOLVED,3/13/2023 4:30:00 PM,A,VC 22350,False,1.0,SR-85 NB ,,,3/22/2023 2:52:41 PM,A,S,1560.0,ALMADEN EXPY,F,,D,3/22/2023 2:52:50 PM,3/22/2023 2:52:50 PM,False,True,4,,3/13/2023 5:20:00 PM,1720,False,,,True
2025709,9340-2023-01141,1,False,9340,3/15/2023 5:47:00 AM,547.0,087,1368.0,4313.0,San Jose,43.0,True,True,C,REAR END,,Wednesday,NotApplicable,False,,,False,True,True,SANTA CLARA SUPERIOR COURT HALL OF JUSTICE,C,OTHER MOTOR VEHICLE,,0.0,0.0,CLEAR,, NO UNUSUAL CONDITIONS,, ,A,DAYLIGHT,37.350311,-121.908975,,,,,A,NO PEDESTRIANS INVOLVED,3/15/2023 5:47:00 AM,A,VC 22350,False,1.0,SR-87 N/B,,,3/22/2023 2:41:53 PM,A,S,100.0,HEDDING ST,F,,A,3/22/2023 2:41:55 PM,3/22/2023 2:41:55 PM,False,True,4,,3/15/2023 6:00:00 AM,0600,False,,,True
2025666,9340-2023-01068,1,False,9340,3/10/2023 8:10:00 PM,2010.0,282,1368.0,4313.0,San Jose,43.0,True,True,B,SIDE SWIPE,,Friday,Yes,False,,,False,True,True,SANTA CLARA SUPERIOR COURT HALL OF JUSTICE,C,OTHER MOTOR VEHICLE,,0.0,0.0,CLOUDY,, NO UNUSUAL CONDITIONS,, ,D,DARK-NO STREET LIGHTS,37.316805,-121.975642,,,,,A,NO PEDESTRIANS INVOLVED,3/10/2023 8:10:00 PM,A,VC 23152(a),True,1.0,I-280 S/B TO SARATOGA AVE,,,3/22/2023 1:57:14 PM,A,N,20.0,SARATOGA AVE,F,,D,3/22/2023 1:58:08 PM,3/22/2023 1:58:08 PM,False,True,4,,3/10/2023 8:40:00 PM,2040,False,,,True
2025502,9340-2023-01124,1,False,9340,3/14/2023 4:45:00 PM,1645.0,281,1368.0,4313.0,San Jose,43.0,True,True,C,REAR END,,Tuesday,NotApplicable,False,,,False,True,False,SANTA CLARA SUPERIOR COURT HALL OF JUSTICE,C,OTHER MOTOR VEHICLE,,0.0,0.0,CLEAR,, NO UNUSUAL CONDITIONS,, ,A,DAYLIGHT,37.321331,-121.900195,,,,,A,NO PEDESTRIANS INVOLVED,3/14/2023 4:45:00 PM,A,VC 21703,False,1.0,I-280 N/B,,,3/22/2023 12:07:41 PM,A,N,600.0,BIRD AVE,F,,D,3/22/2023 12:07:45 PM,3/22/2023 12:07:45 PM,False,True,4,,3/14/2023 5:05:00 PM,1705,False,,,True
2025470,9340-2023-01126,1,False,9340,3/14/2023 1:40:00 PM,1340.0,087,1368.0,4313.0,San Jose,43.0,True,True,E,HIT OBJECT,,Tuesday,NotApplicable,False,,,False,True,False,SANTA CLARA SUPERIOR COURT HALL OF JUSTICE,J,OTHER OBJECT,STOP SIGN,0.0,0.0,WIND,, NO UNUSUAL CONDITIONS,, ,A,DAYLIGHT,37.272888,-121.862517,,,,,A,NO PEDESTRIANS INVOLVED,3/14/2023 1:40:00 PM,C,,,,SR-87 N/B,,,3/22/2023 11:55:11 AM,A,S,569.0,CAPITOL EXPWY,F,,D,3/22/2023 11:55:23 AM,3/22/2023 11:55:23 AM,False,True,4,,3/14/2023 1:45:00 PM,1345,False,,False,True
2025294,9340-2023-01120,1,False,9340,3/14/2023 8:30:00 AM,830.0,087,1368.0,4313.0,San Jose,43.0,True,True,E,HIT OBJECT,,Tuesday,NotApplicable,False,,,False,True,True,SANTA CLARA SUPERIOR COURT HALL OF JUSTICE,I,FIXED OBJECT,METAL GUARDRAIL,0.0,0.0,RAINING,, NO UNUSUAL CONDITIONS,, ,A,DAYLIGHT,37.360585,-121.915785,,,,,A,NO PEDESTRIANS INVOLVED,3/14/2023 8:30:00 AM,A,VC 22350,False,1.0,SR-87 N/B,,,3/22/2023 10:34:59 AM,B,S,1500.0,SKYPORT DR,F,,D,3/22/2023 10:35:03 AM,3/22/2023 10:35:03 AM,False,True,4,,3/14/2023 8:34:00 AM,0834,False,,,True
2025218,9340-2023-01118,1,False,9340,3/14/2023 6:00:00 AM,600.0,282,1368.0,4313.0,San Jose,43.0,True,True,B,SIDE SWIPE,,Tuesday,NotApplicable,False,,,False,True,True,SANTA CLARA SUPERIOR COURT HALL OF JUSTICE,E,PARKED MOTOR VEHICLE,,1.0,0.0,CLOUDY,RAINING, NO UNUSUAL CONDITIONS,, ,B,DUSK-DAWN,37.318019,-121.978128,,,,,A,NO PEDESTRIANS INVOLVED,3/14/2023 6:00:00 AM,A,VC 22107,False,1.0,I-280 N/B,,,3/22/2023 10:03:35 AM,B,N,937.0,SARATOGA AVE.,F,,D,3/22/2023 10:03:37 AM,3/22/2023 10:03:37 AM,False,True,4,,3/14/2023 6:10:00 AM,0610,False,,True,
2025188,9340-2023-01053,1,False,9340,3/10/2023 3:30:00 PM,1530.0,281,1368.0,4313.0,San Jose,43.0,True,True,C,REAR END,,Friday,NotApplicable,False,,,False,True,False,SANTA CLARA SUPERIOR COURT HALL OF JUSTICE,C,OTHER MOTOR VEHICLE,,3.0,0.0,CLOUDY,, NO UNUSUAL CONDITIONS,, ,A,DAYLIGHT,37.326325,-121.883297,,,,,A,NO PEDESTRIANS INVOLVED,3/10/2023 3:30:00 PM,A,VC 22350,False,1.0,I-280 N/B,,,3/22/2023 9:43:20 AM,B,N,41.0,FIRST ST,F,,D,3/22/2023 9:43:22 AM,3/22/2023 9:43:22 AM,False,True,4,,3/10/2023 3:55:00 PM,1555,False,,False,True
2025168,9340-2023-01052,1,False,9340,3/10/2023 3:10:00 PM,1510.0,110,1368.0,4313.0,San Jose,43.0,True,True,B,SIDE SWIPE,,Friday,NotApplicable,False,,,False,True,False,SANTA CLARA SUPERIOR COURT HALL OF JUSTICE,C,OTHER MOTOR VEHICLE,,0.0,0.0,CLEAR,, NO UNUSUAL CONDITIONS,, ,A,DAYLIGHT,37.256135,-121.794051,,,,,A,NO PEDESTRIANS INVOLVED,3/10/2023 3:10:00 PM,D,,,,US-101 N/B FROM BLOSSOM HILL RD E/B,,,3/22/2023 9:31:45 AM,B,S,560.0,BLOSSOM HILL RD E/B,F,,D,3/22/2023 9:31:47 AM,3/22/2023 9:31:47 AM,False,True,4,,3/10/2023 3:15:00 PM,1515,False,,,True
2025110,9340-2023-01054,1,False,9340,3/10/2023 1:55:00 PM,1355.0,681,1368.0,4313.0,San Jose,43.0,True,True,C,REAR END,,Friday,NotApplicable,False,,,False,True,True,SANTA CLARA SUPERIOR COURT HALL OF JUSTICE,C,OTHER MOTOR VEHICLE,,1.0,0.0,RAINING,, NO UNUSUAL CONDITIONS,, ,A,DAYLIGHT,37.363712,-121.843721,,,,,A,NO PEDESTRIANS INVOLVED,3/10/2023 1:55:00 PM,A,VC 22107,False,1.0,I-680 S/B ,,,3/22/2023 9:06:37 AM,B,N,1621.0,ALUM ROCK AVE,F,,D,3/22/2023 9:07:02 AM,3/22/2023 9:07:02 AM,False,True,4,,3/10/2023 2:00:00 PM,1400,False,,False,True
2025099,9340-2023-01050,1,False,9340,3/10/2023 9:05:00 AM,905.0,120,1368.0,4313.0,San Jose,43.0,True,True,E,HIT OBJECT,,Friday,NotApplicable,False,,,False,True,False,SANTA CLARA SUPERIOR COURT HALL OF JUSTICE,I,FIXED OBJECT,FENCE ,0.0,0.0,CLOUDY,, NO UNUSUAL CONDITIONS,, ,A,DAYLIGHT,37.375019,-121.930295,,,,,A,NO PEDESTRIANS INVOLVED,3/10/2023 9:05:00 AM,A,VC 22350,False,1.0,US-101 N/B TO DE LA CRUZ BLVD,,,3/22/2023 9:03:09 AM,B,S,3302.0,DE LA CRUZ BLVD,F,,D,3/22/2023 9:03:16 AM,3/22/2023 9:03:16 AM,False,True,4,,3/10/2023 9:10:00 AM,0910,True,EMBEDDED,,True
2025093,9340-2023-01116,1,False,9340,3/13/2023 9:50:00 PM,2150.0,088,1368.0,4313.0,San Jose,43.0,True,True,E,HIT OBJECT,,Monday,NotApplicable,False,F,,False,True,True,SANTA CLARA SUPERIOR COURT HALL OF JUSTICE,I,FIXED OBJECT,CONCRETE BARRIER,1.0,0.0,CLOUDY,, NO UNUSUAL CONDITIONS,, Late-Reported,C,DARK-STREET LIGHTS,37.344089,-121.924604,,,,,A,NO PEDESTRIANS INVOLVED,3/13/2023 9:50:00 PM,A,VC 22107,False,1.0,I-880 S/B,,,3/22/2023 8:58:52 AM,A,N,615.0,THE ALAMEDA,F,,D,3/22/2023 9:00:59 AM,3/22/2023 9:00:59 AM,False,True,4,True,3/13/2023 10:00:00 PM,2200,False,,,False
2025065,9340-2023-01097,1,False,9340,3/12/2023 11:56:00 PM,2356.0,087,1368.0,4313.0,San Jose,43.0,True,True,E,HIT OBJECT,,Sunday,Yes,False,,,False,True,True,SANTA CLARA SUPERIOR COURT HALL OF JUSTICE,I,FIXED OBJECT,DIRT/GRASS ENBANKMENT,1.0,0.0,CLEAR,, NO UNUSUAL CONDITIONS,, ,C,DARK-STREET LIGHTS,37.257216,-121.858751,,,,,A,NO PEDESTRIANS INVOLVED,3/12/2023 11:56:00 PM,A,VC 23152(a),True,1.0,SR-87 N/B FROM SANTA TERESA BLVD.,,,3/22/2023 8:47:53 AM,A,N,400.0,SR-85,F,,D,3/22/2023 8:47:59 AM,3/22/2023 8:47:59 AM,False,True,4,,3/13/2023 12:00:00 AM,0000,False,,,False
2025060,9340-2023-01046,1,False,9340,3/10/2023 5:41:00 AM,541.0,282,1368.0,4313.0,San Jose,43.0,True,True,E,HIT OBJECT,,Friday,NotApplicable,False,,,False,True,True,SANTA CLARA SUPERIOR COURT HALL OF JUSTICE,I,FIXED OBJECT,TREE STUMP,0.0,0.0,RAINING,, NO UNUSUAL CONDITIONS,, ,B,DUSK-DAWN,37.316498,-121.952996,,,,,A,NO PEDESTRIANS INVOLVED,3/10/2023 5:41:00 AM,A,VC 22107,False,1.0,I-280 S/B TO WINCHESTER BLVD.,,,3/22/2023 8:45:59 AM,B,N,300.0,WINCHESTER BLVD.,F,,D,3/22/2023 8:46:00 AM,3/22/2023 8:46:00 AM,False,True,4,,3/10/2023 5:42:00 AM,0542,False,,,
2025054,9340-2023-01041,1,False,9340,3/9/2023 8:32:00 PM,2032.0,087,1368.0,4313.0,San Jose,43.0,True,True,C,REAR END,,Thursday,NotApplicable,False,,,False,True,True,SANTA CLARA SUPERIOR COURT HALL OF JUSTICE,C,OTHER MOTOR VEHICLE,,1.0,0.0,RAINING,, NO UNUSUAL CONDITIONS,, ,C,DARK-STREET LIGHTS,37.305574,-121.879631,,,,,A,NO PEDESTRIANS INVOLVED,3/9/2023 8:32:00 PM,A,VC 22107,False,1.0,SR-87 N/B ,,,3/22/2023 8:44:21 AM,B,N,600.0,ALMADEN EXPWY,F,,D,3/22/2023 8:44:30 AM,3/22/2023 8:44:30 AM,False,True,4,,3/9/2023 8:32:00 PM,2032,False,,,True
2025043,9340-2023-01044,1,False,9340,3/10/2023 4:45:00 AM,445.0,230,1368.0,4313.0,San Jose,43.0,True,True,E,HIT OBJECT,,Friday,NotApplicable,False,,,False,True,False,SANTA CLARA SUPERIOR COURT HALL OF JUSTICE,I,FIXED OBJECT,CONCRETE BARRIER,0.0,0.0,RAINING,, NO UNUSUAL CONDITIONS,, ,D,DARK-NO STREET LIGHTS,37.421053,-121.936517,,,,,A,NO PEDESTRIANS INVOLVED,3/10/2023 4:45:00 AM,A,VC 22350,False,1.0,SR-237 W/B,,,3/22/2023 8:36:58 AM,B,E,960.0,ZANKER RD,F,,D,3/22/2023 8:38:38 AM,3/22/2023 8:38:38 AM,False,True,4,,3/10/2023 4:47:00 AM,0447,False,,,True
2025031,9340-2023-01077,1,False,9340,3/12/2023 12:00:00 AM,2500.0,110,1368.0,4313.0,San Jose,43.0,True,True,E,HIT OBJECT,,Sunday,NotApplicable,False,,,False,True,True,SANTA CLARA SUPERIOR COURT HALL OF JUSTICE,I,FIXED OBJECT,TREE,1.0,0.0,CLEAR,, NO UNUSUAL CONDITIONS,, ,D,DARK-NO STREET LIGHTS,37.329919,-121.842911,,,,,A,NO PEDESTRIANS INVOLVED,3/12/2023 12:00:00 AM,A,VC 22107,False,1.0,US-101 SB,,,3/22/2023 8:36:13 AM,A,S,0.51,STORY RD,M,,D,3/22/2023 8:36:15 AM,3/22/2023 8:36:15 AM,False,True,4,,3/12/2023 9:20:00 AM,0920,True,EMBEDDED,,False
2025017,9340-2023-01056,1,False,9340,3/10/2023 6:20:00 PM,1820.0,110,1368.0,4313.0,San Jose,43.0,True,True,B,SIDE SWIPE,,Friday,NotApplicable,False,,,False,True,False,SANTA CLARA SUPERIOR COURT HALL OF JUSTICE,C,OTHER MOTOR VEHICLE,,0.0,0.0,CLEAR,, NO UNUSUAL CONDITIONS,, ,A,DAYLIGHT,37.337571,-121.850223,,,,,A,NO PEDESTRIANS INVOLVED,3/10/2023 6:20:00 PM,A,VC 22107,False,,US-101 SOUTHBOUND,,,3/22/2023 8:34:25 AM,A,N,0.143,STORY ROAD,M,,D,3/22/2023 8:34:28 AM,3/22/2023 8:34:28 AM,False,True,4,,3/10/2023 6:25:00 PM,1825,False,,,True