Collision Id,	Report Number,	Report Version,	Is Preliminary,	NCIC Code,Crash Date Time,	Crash Time Description,	Beat,City Id,	City Code,	City Name,County Code,	City Is Active,	City Is Incorporated,	Collision Type Code,Collision Type Description,	Collision Type Other Desc,	Day Of Week,	DispatchNotified,	HasPhotographs,	HitRun,	IsAttachmentsMailed,	IsDeleted,	IsHighwayRelated,	IsTowAway,	JudicialDistrict,	MotorVehicleInvolvedWithCode,	MotorVehicleInvolvedWithDesc,MotorVehicleInvolvedWithOtherDesc,	NumberInjured,	NumberKilled,Weather 1, Weather 2, Road Condition 1, Road Condition 2, Special Condition,LightingCode, LightingDescription,Latitude,Longitude,MilepostDirection,MilepostDistance,MilepostMarker,MilepostUnitOfMeasure,	PedestrianActionCode,PedestrianActionDesc,PreparedDate,	Primary Collision Factor Code,Primary Collision Factor Violation,PrimaryCollisionFactorIsCited,	PrimaryCollisionPartyNumber,	PrimaryRoad,	ReportingDistrict,	ReportingDistrictCode,ReviewedDate,	RoadwaySurfaceCode,SecondaryDirection,	SecondaryDistance,	SecondaryRoad,	SecondaryUnitOfMeasure,	SketchDesc,	TrafficControlDeviceCode,CreatedDate,	ModifiedDate,IsCountyRoad,IsFreeway,CHP555Version,	IsAdditonalObjectStruck,NotificationDate,	NotificationTimeDescription,	HasDigitalMediaFiles,	EvidenceNumber,	IsLocationReferToNarrative,	IsAOIOneSameAsLocation
2041749,9340-2023-01391,1,False,9340,3/29/2023 9:00:00 PM,2100.0,281,1368.0,4313.0,San Jose,43.0,True,True,E,HIT OBJECT,,Wednesday,Yes,False,,,False,True,False,SANTA CLARA SUPERIOR COURT HALL OF JUSTICE,I,FIXED OBJECT,CONCRETE BARRIER,0.0,0.0,CLOUDY,, NO UNUSUAL CONDITIONS,, ,D,DARK-NO STREET LIGHTS,37.318213,-121.938861,,,,,A,NO PEDESTRIANS INVOLVED,3/29/2023 9:00:00 PM,A,VC 23152(a),True,1.0,I-280 N/B TO STEVENS CREEK AVENUE ,,,4/11/2023 7:27:25 AM,B,N,240.0,I-280 N/B,F,,D,4/11/2023 7:27:27 AM,4/11/2023 7:27:27 AM,False,True,4,,3/29/2023 9:20:00 PM,2120,False,,,True
2041730,9340-2023-01378,1,False,9340,3/29/2023 3:50:00 PM,1550.0,087,1368.0,4313.0,San Jose,43.0,True,True,C,REAR END,,Wednesday,NotApplicable,False,,,False,True,False,SANTA CLARA SUPERIOR COURT HALL OF JUSTICE,C,OTHER MOTOR VEHICLE,,0.0,0.0,CLEAR,, NO UNUSUAL CONDITIONS,, ,A,DAYLIGHT,37.314636,-121.887756,,,,,A,NO PEDESTRIANS INVOLVED,3/29/2023 3:50:00 PM,A,VC 22350,False,1.0,I-280 S/B TO SR-87 S/B,,,4/11/2023 7:07:39 AM,A,S,238.0,WILLOW STREET,F,,D,4/11/2023 7:07:42 AM,4/11/2023 7:07:42 AM,False,True,4,,3/29/2023 4:00:00 PM,1600,False,,,True
2041727,9340-2023-01371,1,False,9340,3/29/2023 2:08:00 PM,1408.0,120,1368.0,4313.0,San Jose,43.0,True,True,C,REAR END,,Wednesday,NotApplicable,False,,,False,True,False,SANTA CLARA SUPERIOR COURT HALL OF JUSTICE,C,OTHER MOTOR VEHICLE,,0.0,0.0,RAINING,, NO UNUSUAL CONDITIONS,, ,E,DARK-STREET LIGHTS NOT FUNCTIONING*,37.36261,-121.89177,,,,,A,NO PEDESTRIANS INVOLVED,3/29/2023 2:08:00 PM,A,VC 22350,False,1.0,US-101 S/B TO OAKLAND RD. ,,,4/11/2023 7:05:01 AM,B,N,45.0,OLD OAKLAND RD.,F,,D,4/11/2023 7:05:03 AM,4/11/2023 7:05:03 AM,False,True,4,,3/29/2023 2:19:00 PM,1419,False,,,True
2041701,9340-2023-01348,1,False,9340,3/28/2023 5:40:00 PM,1740.0,089,1368.0,4313.0,San Jose,43.0,True,True,C,REAR END,,Tuesday,NotApplicable,False,,,False,True,False,SANTA CLARA SUPERIOR COURT HALL OF JUSTICE,C,OTHER MOTOR VEHICLE,,0.0,0.0,CLOUDY,, NO UNUSUAL CONDITIONS,, ,A,DAYLIGHT,37.404041,-121.909679,,,,,A,NO PEDESTRIANS INVOLVED,3/28/2023 5:40:00 PM,A,VC 22350,False,1.0,I-880 S/B,,,4/11/2023 6:34:03 AM,B,N,8862.0,MONTAGUE EXPY,F,,D,4/11/2023 6:34:06 AM,4/11/2023 6:34:06 AM,False,True,4,,3/28/2023 5:42:00 PM,1742,False,,,True
2041406,9340-2023-01415,1,False,9340,3/31/2023 8:05:00 AM,805.0,089,1368.0,4313.0,San Jose,43.0,True,True,C,REAR END,,Friday,NotApplicable,False,,,False,True,True,SANTA CLARA SUPERIOR COURT HALL OF JUSTICE,C,OTHER MOTOR VEHICLE,,0.0,0.0,CLEAR,, NO UNUSUAL CONDITIONS,, ,A,DAYLIGHT,37.349415,-121.917869,,,,,A,NO PEDESTRIANS INVOLVED,3/31/2023 8:05:00 AM,A,VC 22350,False,1.0,I-880 S/B FROM AIRPORT BLVD.,,,4/10/2023 4:21:26 PM,A,N,148.0,COLEMAN AVE,F,,A,4/10/2023 4:21:32 PM,4/10/2023 4:21:32 PM,False,True,4,,3/31/2023 8:12:00 AM,0812,False,,,True
2041395,9340-2023-01414,1,False,9340,3/31/2023 7:17:00 AM,717.0,281,1368.0,4313.0,San Jose,43.0,True,True,C,REAR END,,Friday,NotApplicable,False,,,False,True,False,SANTA CLARA SUPERIOR COURT HALL OF JUSTICE,C,OTHER MOTOR VEHICLE,,0.0,0.0,CLEAR,, NO UNUSUAL CONDITIONS,, ,A,DAYLIGHT,37.315872,-121.915592,,,,,A,NO PEDESTRIANS INVOLVED,3/31/2023 7:17:00 AM,A,VC 22350,False,1.0,I-280 N/B FROM MERIDIAN AVE,,,4/10/2023 4:03:33 PM,A,N,100.0,MERIDIAN AVENUE,F,,D,4/10/2023 4:03:37 PM,4/10/2023 4:03:37 PM,False,True,4,,3/31/2023 7:20:00 AM,0720,True,EMBEDDED,,True
2041379,9340-2023-01412,1,False,9340,3/30/2023 9:05:00 PM,2105.0,110,1368.0,4313.0,San Jose,43.0,True,True,E,HIT OBJECT,,Thursday,Yes,False,,,False,True,True,SANTA CLARA SUPERIOR COURT HALL OF JUSTICE,I,FIXED OBJECT,CONCRETE BARRIER,1.0,0.0,CLEAR,, NO UNUSUAL CONDITIONS,, ,C,DARK-STREET LIGHTS,37.324206,-121.836902,,,,,A,NO PEDESTRIANS INVOLVED,3/30/2023 9:05:00 PM,A,VC 22107,False,1.0,US-101 N/B,,,4/10/2023 3:43:17 PM,A,N,2425.0,TULLY RD,F,,D,4/10/2023 3:43:24 PM,4/10/2023 3:43:24 PM,False,True,4,,3/30/2023 9:10:00 PM,2110,False,,True,
2041346,9340-2023-01411,1,False,9340,3/30/2023 7:50:00 PM,1950.0,281,1368.0,4313.0,San Jose,43.0,True,True,C,REAR END,,Thursday,NotApplicable,False,,,False,True,False,SANTA CLARA SUPERIOR COURT HALL OF JUSTICE,C,OTHER MOTOR VEHICLE,,0.0,0.0,CLEAR,, NO UNUSUAL CONDITIONS,, ,D,DARK-NO STREET LIGHTS,37.320896,-121.900831,,,,,A,NO PEDESTRIANS INVOLVED,3/30/2023 7:50:00 PM,A,VC 22350,False,1.0,I-280 N/B FROM BIRD AVE.,,,4/10/2023 3:08:42 PM,A,N,844.0,BIRD AVE.,F,,D,4/10/2023 3:08:48 PM,4/10/2023 3:08:48 PM,False,True,4,,3/30/2023 8:35:00 PM,2035,False,,,True
2041329,9340-2023-01407,1,False,9340,3/30/2023 7:05:00 PM,1905.0,240,1368.0,4313.0,San Jose,43.0,True,True,C,REAR END,,Thursday,NotApplicable,False,,,False,True,False,SANTA CLARA SUPERIOR COURT HALL OF JUSTICE,C,OTHER MOTOR VEHICLE,,0.0,0.0,CLEAR,, NO UNUSUAL CONDITIONS,, ,B,DUSK-DAWN,37.422416,-121.930689,,,,,A,NO PEDESTRIANS INVOLVED,3/30/2023 7:05:00 PM,A,VC 22350,False,1.0,SR-237 W/B,,,4/10/2023 2:54:17 PM,A,W,2115.0,MCCARTHY BLVD,F,,D,4/10/2023 2:55:16 PM,4/10/2023 2:55:16 PM,False,True,4,,3/30/2023 7:30:00 PM,1930,False,,,True
2041316,9340-2023-01405,1,False,9340,3/30/2023 3:07:00 PM,1507.0,089,1368.0,4313.0,San Jose,43.0,True,True,B,SIDE SWIPE,,Thursday,NotApplicable,False,,,False,True,False,SANTA CLARA SUPERIOR COURT HALL OF JUSTICE,C,OTHER MOTOR VEHICLE,,0.0,0.0,CLEAR,, NO UNUSUAL CONDITIONS,, ,A,DAYLIGHT,37.364818,-121.901785,,,,,A,NO PEDESTRIANS INVOLVED,3/30/2023 3:07:00 PM,A,VC 21658(A),False,1.0,I-880 S/B,,,4/10/2023 2:42:44 PM,A,N,128.0,US-101,F,,D,4/10/2023 2:42:50 PM,4/10/2023 2:42:50 PM,False,True,4,,3/30/2023 3:15:00 PM,1515,False,,,True
2041303,9340-2023-01402,1,False,9340,3/30/2023 9:31:00 AM,931.0,282,1368.0,4313.0,San Jose,43.0,True,True,C,REAR END,,Thursday,NotApplicable,False,,,False,True,True,SANTA CLARA SUPERIOR COURT HALL OF JUSTICE,C,OTHER MOTOR VEHICLE,,1.0,0.0,CLEAR,, NO UNUSUAL CONDITIONS,, ,A,DAYLIGHT,37.316538,-121.9591,,,,,A,NO PEDESTRIANS INVOLVED,3/30/2023 9:31:00 AM,A,VC 22350,False,1.0,I-280 N/B,,,4/10/2023 2:32:33 PM,A,N,500.0,WINCHESTER BLVD,F,,D,4/10/2023 2:32:37 PM,4/10/2023 2:32:37 PM,False,True,4,,3/30/2023 9:32:00 AM,0932,False,,,True
2041287,9340-2023-01356,1,False,9340,3/28/2023 6:30:00 PM,1830.0,281,1368.0,4313.0,San Jose,43.0,True,True,B,SIDE SWIPE,,Tuesday,NotApplicable,False,,,False,True,False,SANTA CLARA SUPERIOR COURT HALL OF JUSTICE,C,OTHER MOTOR VEHICLE,,0.0,0.0,RAINING,, NO UNUSUAL CONDITIONS,, ,A,DAYLIGHT,37.325823,-121.883538,,,,,A,NO PEDESTRIANS INVOLVED,3/28/2023 6:30:00 PM,A,VC 22350,False,1.0,I-280 S/B FROM S. FIRST ST,,,4/10/2023 2:24:38 PM,B,N,110.0,S. FIRST ST,F,,D,4/10/2023 2:24:58 PM,4/10/2023 2:24:58 PM,False,True,4,,3/28/2023 6:40:00 PM,1840,False,,,True
2041283,9340-2023-01403,1,False,9340,3/30/2023 8:35:00 AM,835.0,681,1368.0,4313.0,San Jose,43.0,True,True,C,REAR END,,Thursday,NotApplicable,False,,,False,True,True,SANTA CLARA SUPERIOR COURT HALL OF JUSTICE,C,OTHER MOTOR VEHICLE,,1.0,0.0,CLOUDY,, NO UNUSUAL CONDITIONS,, ,A,DAYLIGHT,37.406988,-121.877898,,,,,A,NO PEDESTRIANS INVOLVED,3/30/2023 8:35:00 AM,A,VC 22350,False,1.0,I-680 N/B,,,4/10/2023 2:23:29 PM,A,N,211.0,CROPLEY AVENUE,F,,D,4/10/2023 2:23:33 PM,4/10/2023 2:23:33 PM,False,True,4,,3/30/2023 8:40:00 AM,0840,False,,,True
2041265,9340-2023-01344,1,False,9340,3/28/2023 2:55:00 PM,1455.0,901,1368.0,4313.0,San Jose,43.0,True,True,D,BROADSIDE,,Tuesday,NotApplicable,False,,,False,False,False,SANTA CLARA SUPERIOR COURT HALL OF JUSTICE,C,OTHER MOTOR VEHICLE,,1.0,0.0,RAINING,, NO UNUSUAL CONDITIONS,, School Bus Collision,A,DAYLIGHT,37.313666,-121.794453,,,,,A,NO PEDESTRIANS INVOLVED,3/28/2023 2:55:00 PM,A,VC 21804(a),False,1.0,ABORN RD W/B,,,4/10/2023 2:10:36 PM,B,,,ABORN CT,,,D,4/10/2023 2:16:26 PM,4/10/2023 2:16:26 PM,True,False,4,,3/28/2023 2:58:00 PM,1458,True,AREA PHOTO FILE,,True
2041263,9340-2023-01401,1,False,9340,3/30/2023 8:12:00 AM,812.0,282,1368.0,4313.0,San Jose,43.0,True,True,C,REAR END,,Thursday,NotApplicable,False,F,,False,True,True,SANTA CLARA SUPERIOR COURT HALL OF JUSTICE,C,OTHER MOTOR VEHICLE,,1.0,0.0,CLEAR,, NO UNUSUAL CONDITIONS,, ,A,DAYLIGHT,37.318178,-121.984426,,,,,A,NO PEDESTRIANS INVOLVED,3/30/2023 8:12:00 AM,A,VC 22350,False,1.0,I-280 N/B,,,4/10/2023 2:15:27 PM,A,S,3020.0,LAWRENCE EXPY,F,,D,4/10/2023 2:15:32 PM,4/10/2023 2:15:32 PM,False,True,4,,3/30/2023 8:13:00 AM,0813,False,,,True
2041240,9340-2023-01353,1,False,9340,3/28/2023 5:20:00 PM,1720.0,281,1368.0,4313.0,San Jose,43.0,True,True,B,SIDE SWIPE,,Tuesday,NotApplicable,False,M,,False,True,False,SANTA CLARA SUPERIOR COURT HALL OF JUSTICE,C,OTHER MOTOR VEHICLE,,0.0,0.0,CLEAR,, NO UNUSUAL CONDITIONS,, ,A,DAYLIGHT,37.32764,-121.87699,,,,,A,NO PEDESTRIANS INVOLVED,3/28/2023 5:20:00 PM,A,VC 21658(b),False,1.0,I-280 S/B,,,4/10/2023 2:06:59 PM,A,N,343.0,S. 7TH STREET,F,,D,4/10/2023 2:07:03 PM,4/10/2023 2:07:03 PM,False,True,4,,3/28/2023 5:45:00 PM,1745,False,,,True
2041229,9340-2023-01399,1,False,9340,3/30/2023 8:11:00 AM,811.0,282,1368.0,4313.0,San Jose,43.0,True,True,C,REAR END,,Thursday,No,False,,,False,True,True,SANTA CLARA SUPERIOR COURT HALL OF JUSTICE,C,OTHER MOTOR VEHICLE,,0.0,0.0,CLEAR,, NO UNUSUAL CONDITIONS,, ,A,DAYLIGHT,37.318137,-121.984631,,,,,A,NO PEDESTRIANS INVOLVED,3/30/2023 8:11:00 AM,A,VC 22350,False,1.0,I-280 N/B,,,4/10/2023 2:01:08 PM,A,S,3000.0,LAWRENCE EXPY,F,,D,4/10/2023 2:01:13 PM,4/10/2023 2:01:13 PM,False,True,4,,3/30/2023 8:12:00 AM,0812,False,,,True
2041130,9340-2023-01387,1,False,9340,3/29/2023 7:45:00 PM,1945.0,120,1368.0,4313.0,San Jose,43.0,True,True,B,SIDE SWIPE,,Wednesday,NotApplicable,False,,,False,True,False,SANTA CLARA SUPERIOR COURT HALL OF JUSTICE,C,OTHER MOTOR VEHICLE,,0.0,0.0,CLEAR,, NO UNUSUAL CONDITIONS,, ,C,DARK-STREET LIGHTS,37.363827,-121.901435,,,,,A,NO PEDESTRIANS INVOLVED,3/29/2023 7:45:00 PM,A,VC 21658(A),False,1.0,US-101 S/B ,,,4/10/2023 12:50:32 PM,B,S,70.0,I-880,F,,D,4/10/2023 12:50:39 PM,4/10/2023 12:50:39 PM,False,True,4,,3/29/2023 7:55:00 PM,1955,False,,False,True
2041030,9340-2023-01373,1,False,9340,3/29/2023 3:30:00 PM,1530.0,083,1368.0,4313.0,San Jose,43.0,True,True,C,REAR END,,Wednesday,NotApplicable,False,,,False,True,True,SANTA CLARA SUPERIOR COURT HALL OF JUSTICE,C,OTHER MOTOR VEHICLE,,2.0,0.0,RAINING,, NO UNUSUAL CONDITIONS,, ,A,DAYLIGHT,37.251133,-121.93318,,,,,A,NO PEDESTRIANS INVOLVED,3/29/2023 3:30:00 PM,A,VC 22350,False,1.0,SR-85 S/B,,,4/10/2023 11:39:30 AM,B,N,494.0,UNION AVE,F,,D,4/10/2023 11:39:34 AM,4/10/2023 11:39:34 AM,False,True,4,,3/29/2023 3:35:00 PM,1535,False,,,True
2041016,9340-2023-01386,1,False,9340,3/29/2023 5:18:00 PM,1718.0,681,1368.0,4313.0,San Jose,43.0,True,True,B,SIDE SWIPE,,Wednesday,NotApplicable,False,,,False,True,False,SANTA CLARA SUPERIOR COURT HALL OF JUSTICE,C,OTHER MOTOR VEHICLE,,0.0,0.0,CLOUDY,, NO UNUSUAL CONDITIONS,, ,A,DAYLIGHT,37.343349,-121.845938,,,,,A,NO PEDESTRIANS INVOLVED,3/29/2023 5:18:00 PM,A,VC 21658(A),False,1.0,I-680 N/B,,,4/10/2023 11:31:03 AM,B,N,90.0,KING RD,F,,D,4/10/2023 11:31:10 AM,4/10/2023 11:31:10 AM,False,True,4,False,3/29/2023 5:25:00 PM,1725,False,,,True
2040992,9340-2023-01379,1,False,9340,3/29/2023 4:20:00 PM,1620.0,089,1368.0,4313.0,San Jose,43.0,True,True,B,SIDE SWIPE,,Wednesday,NotApplicable,False,,,False,True,False,SANTA CLARA SUPERIOR COURT HALL OF JUSTICE,C,OTHER MOTOR VEHICLE,,0.0,0.0,RAINING,, NO UNUSUAL CONDITIONS,, ,A,DAYLIGHT,37.36457,-121.90181,,,,,A,NO PEDESTRIANS INVOLVED,3/29/2023 4:20:00 PM,A,VC 22107,False,,I-880 S/B,,,4/10/2023 11:15:14 AM,B,N,30.0,US-101,F,,D,4/10/2023 11:15:57 AM,4/10/2023 11:15:57 AM,False,True,4,,3/29/2023 5:06:00 PM,1706,False,,,True
2040983,9340-2023-01382,1,False,9340,3/29/2023 2:20:00 PM,1420.0,281,1368.0,4313.0,San Jose,43.0,True,True,E,HIT OBJECT,,Wednesday,Yes,False,,,False,True,False,SANTA CLARA SUPERIOR COURT HALL OF JUSTICE,I,FIXED OBJECT,TREE,2.0,0.0,CLEAR,, NO UNUSUAL CONDITIONS,, ,A,DAYLIGHT,37.325708,-121.88512,,,,,A,NO PEDESTRIANS INVOLVED,3/29/2023 2:20:00 PM,A,VC 22350,False,1.0,I-280 N/B,,,4/10/2023 11:11:20 AM,B,S,530.0,ALMADEN AVE,F,,D,4/10/2023 11:11:22 AM,4/10/2023 11:11:22 AM,False,True,4,,3/29/2023 2:26:00 PM,1426,False,,,True
2040959,9725-2023-00414,1,False,9725,3/29/2023 10:30:00 PM,2230.0,013,1368.0,4313.0,San Jose,43.0,True,True,C,REAR END,,Wednesday,NotApplicable,False,M,,False,True,True,SANTA CLARA SUPERIOR COURT SANTA CLARA COURTHOUSE,C,OTHER MOTOR VEHICLE,,0.0,0.0,CLEAR,, NO UNUSUAL CONDITIONS,, ,C,DARK-STREET LIGHTS,37.249788,-121.78326,,,,,A,NO PEDESTRIANS INVOLVED,3/29/2023 10:30:00 PM,A,VC 23152(a),True,1.0,US-101 S/B,,,4/10/2023 10:51:49 AM,A,N,0.6,BERNAL RD,M,,D,4/10/2023 10:52:13 AM,4/10/2023 10:52:13 AM,False,True,4,,3/29/2023 10:33:00 PM,2233,False,,True,
2040955,9340-2023-01375,1,False,9340,3/29/2023 3:45:00 PM,1545.0,281,1368.0,4313.0,San Jose,43.0,True,True,C,REAR END,,Wednesday,NotApplicable,False,,,False,True,False,SANTA CLARA SUPERIOR COURT HALL OF JUSTICE,C,OTHER MOTOR VEHICLE,,0.0,0.0,RAINING,, NO UNUSUAL CONDITIONS,, ,A,DAYLIGHT,37.327784,-121.874875,,,,,A,NO PEDESTRIANS INVOLVED,3/29/2023 3:45:00 PM,A,VC 22350,False,1.0,I-280 S/B,,,4/10/2023 10:50:02 AM,B,S,175.0,7TH ST,F,,D,4/10/2023 10:50:07 AM,4/10/2023 10:50:07 AM,False,True,4,,3/29/2023 3:50:00 PM,1550,False,,,True
2040858,9340-2023-01370,1,False,9340,3/29/2023 2:00:00 PM,1400.0,681,1368.0,4313.0,San Jose,43.0,True,True,A,HEAD-ON,,Wednesday,NotApplicable,False,,,False,True,False,SANTA CLARA SUPERIOR COURT HALL OF JUSTICE,J,OTHER OBJECT,WOODEN POST,0.0,0.0,CLOUDY,RAINING, NO UNUSUAL CONDITIONS,, ,A,DAYLIGHT,37.389465,-121.867882,,,,,A,NO PEDESTRIANS INVOLVED,3/29/2023 2:00:00 PM,A,VC 22350,False,1.0,I-680 N/B,,,4/10/2023 9:52:10 AM,B,N,0.42,BERRYESSA RD,M,,D,4/10/2023 9:52:13 AM,4/10/2023 9:52:13 AM,False,True,4,,3/29/2023 2:10:00 PM,1410,False,,,True
2040694,9340-2023-01362,1,False,9340,3/29/2023 8:40:00 AM,840.0,087,1368.0,4313.0,San Jose,43.0,True,True,E,HIT OBJECT,,Wednesday,NotApplicable,False,,,False,True,True,SANTA CLARA SUPERIOR COURT HALL OF JUSTICE,I,FIXED OBJECT,CONCRETE BARRIER,0.0,0.0,RAINING,, NO UNUSUAL CONDITIONS,, ,A,DAYLIGHT,37.324355,-121.892285,,,,,A,NO PEDESTRIANS INVOLVED,3/29/2023 8:40:00 AM,A,VC 22350,False,1.0,SR-87 N/B TO SAN CARLOS ST,,,4/10/2023 8:28:09 AM,B,N,30.0,I-280,F,,D,4/10/2023 8:28:10 AM,4/10/2023 8:28:10 AM,False,True,4,,3/29/2023 8:45:00 AM,0845,False,,,True
2040693,9340-2023-01363,1,False,9340,3/29/2023 8:20:00 AM,820.0,281,1368.0,4313.0,San Jose,43.0,True,True,C,REAR END,,Wednesday,NotApplicable,False,,,False,True,False,SANTA CLARA SUPERIOR COURT HALL OF JUSTICE,C,OTHER MOTOR VEHICLE,,0.0,0.0,CLOUDY,RAINING, NO UNUSUAL CONDITIONS,, ,A,DAYLIGHT,37.319217,-121.902144,,,,,A,NO PEDESTRIANS INVOLVED,3/29/2023 8:20:00 AM,A,VC 22350,False,1.0,I-280 N/B,,,4/10/2023 8:27:01 AM,B,N,1496.0,BIRD AVE,F,,D,4/10/2023 8:27:04 AM,4/10/2023 8:27:04 AM,False,True,4,,3/29/2023 8:40:00 AM,0840,False,,,True
2040678,9340-2023-01361,1,False,9340,3/29/2023 7:50:00 AM,750.0,083,1368.0,4313.0,San Jose,43.0,True,True,C,REAR END,,Wednesday,Yes,False,,,False,True,True,SANTA CLARA SUPERIOR COURT HALL OF JUSTICE,C,OTHER MOTOR VEHICLE,,1.0,0.0,RAINING,, NO UNUSUAL CONDITIONS,, ,A,DAYLIGHT,37.246962,-121.828887,,,,,A,NO PEDESTRIANS INVOLVED,3/29/2023 7:50:00 AM,A,VC 22350,False,1.0,SR-87 N/B,,,4/10/2023 8:20:10 AM,A,S,500.0,BLOSSOM HILL RD,F,,D,4/10/2023 8:20:13 AM,4/10/2023 8:20:13 AM,False,True,4,,3/29/2023 7:51:00 AM,0751,False,,,True
2040633,9340-2023-01358,1,False,9340,3/29/2023 2:10:00 AM,210.0,110,1368.0,4313.0,San Jose,43.0,True,True,C,REAR END,,Wednesday,Yes,False,,,False,True,True,SANTA CLARA SUPERIOR COURT HALL OF JUSTICE,C,OTHER MOTOR VEHICLE,,1.0,0.0,RAINING,, NO UNUSUAL CONDITIONS,, ,C,DARK-STREET LIGHTS,37.30052,-121.8144,,,,,A,NO PEDESTRIANS INVOLVED,3/29/2023 2:10:00 AM,A,VC 22350,False,1.0,US-101 S/B,,,4/10/2023 7:50:31 AM,B,S,1100.0,CAPITOL EXPY,F,,D,4/10/2023 7:50:38 AM,4/10/2023 7:50:38 AM,False,True,4,,3/29/2023 2:15:00 AM,0215,False,,,True
2040600,9340-2023-01359,1,False,9340,3/29/2023 12:00:00 AM,2500.0,281,1368.0,4313.0,San Jose,43.0,True,True,E,HIT OBJECT,,Wednesday,NotApplicable,False,M,,False,True,False,SANTA CLARA SUPERIOR COURT HALL OF JUSTICE,I,FIXED OBJECT,CONCRETE BARRIER,0.0,0.0,CLOUDY,, NO UNUSUAL CONDITIONS,, ,C,DARK-STREET LIGHTS,37.337901,-121.853078,,,,,A,NO PEDESTRIANS INVOLVED,3/29/2023 12:00:00 AM,A,VC 22107,False,1.0,I-280 S/B TO US-101 S/B,,,4/10/2023 7:19:50 AM,A,N,1275.0,STORY RD,F,,D,4/10/2023 7:19:52 AM,4/10/2023 7:19:52 AM,False,True,4,True,3/29/2023 4:00:00 AM,0400,False,,,True
2040564,9340-2023-01347,1,False,9340,3/28/2023 4:50:00 PM,1650.0,282,1368.0,4313.0,San Jose,43.0,True,True,E,HIT OBJECT,,Tuesday,NotApplicable,False,,,False,True,True,SANTA CLARA SUPERIOR COURT HALL OF JUSTICE,I,FIXED OBJECT,CONCRETE BARRIER,1.0,0.0,RAINING,, NO UNUSUAL CONDITIONS,, ,A,DAYLIGHT,37.317788,-121.976936,,,,,A,NO PEDESTRIANS INVOLVED,3/28/2023 4:50:00 PM,A,VC 22350,False,1.0,I-280 N/B,,,4/10/2023 6:44:19 AM,B,N,500.0,SARATOGA AVE,F,,D,4/10/2023 6:44:21 AM,4/10/2023 6:44:21 AM,False,True,4,,3/28/2023 5:10:00 PM,1710,False,,,
2040528,9340-2023-01334,1,False,9340,3/27/2023 6:00:00 PM,1800.0,088,1368.0,4313.0,San Jose,43.0,True,True,B,SIDE SWIPE,,Monday,NotApplicable,False,,,False,True,False,SANTA CLARA SUPERIOR COURT HALL OF JUSTICE,C,OTHER MOTOR VEHICLE,,0.0,0.0,CLEAR,, NO UNUSUAL CONDITIONS,, On-Duty Emergency Vehicle,A,DAYLIGHT,37.340005,-121.929121,,,,,A,NO PEDESTRIANS INVOLVED,3/27/2023 6:00:00 PM,A,VC 21658(A),False,1.0,I-880 N/B,,,4/10/2023 5:48:45 AM,A,S,1320.0,THE ALAMEDA,F,,D,4/10/2023 5:48:49 AM,4/10/2023 5:48:49 AM,False,True,4,,3/27/2023 6:02:00 PM,1802,True,EMBEDDED,,True
2040379,9340-2023-01355,1,False,9340,3/28/2023 8:40:00 PM,2040.0,120,1368.0,4313.0,San Jose,43.0,True,True,B,SIDE SWIPE,,Tuesday,NotApplicable,False,,,False,True,False,SANTA CLARA SUPERIOR COURT HALL OF JUSTICE,C,OTHER MOTOR VEHICLE,,0.0,0.0,RAINING,, NO UNUSUAL CONDITIONS,, ,C,DARK-STREET LIGHTS,37.36383,-121.90151,,,,,A,NO PEDESTRIANS INVOLVED,3/28/2023 8:40:00 PM,A,VC 21658(A),False,1.0,US-101 S/B,,,4/9/2023 2:54:00 PM,B,S,60.0,I-880,F,,D,4/9/2023 2:54:15 PM,4/9/2023 2:54:15 PM,False,True,4,,3/28/2023 9:10:00 PM,2110,False,,,True
2040377,9340-2023-01352,1,False,9340,3/28/2023 6:25:00 PM,1825.0,281,1368.0,4313.0,San Jose,43.0,True,True,C,REAR END,,Tuesday,NotApplicable,False,,,False,True,False,SANTA CLARA SUPERIOR COURT HALL OF JUSTICE,C,OTHER MOTOR VEHICLE,,0.0,0.0,CLEAR,, NO UNUSUAL CONDITIONS,, ,A,DAYLIGHT,37.325992,-121.883422,,,,,A,NO PEDESTRIANS INVOLVED,3/28/2023 6:25:00 PM,A,VC 22350,False,1.0,I-280 S/B,,,4/9/2023 2:18:38 PM,A,N,90.0,1ST STREET,F,,D,4/9/2023 2:18:53 PM,4/9/2023 2:18:53 PM,False,True,4,,3/28/2023 6:30:00 PM,1830,False,,False,True