Collision Id,	Report Number,	Report Version,	Is Preliminary,	NCIC Code,Crash Date Time,	Crash Time Description,	Beat,City Id,	City Code,	City Name,County Code,	City Is Active,	City Is Incorporated,	Collision Type Code,Collision Type Description,	Collision Type Other Desc,	Day Of Week,	DispatchNotified,	HasPhotographs,	HitRun,	IsAttachmentsMailed,	IsDeleted,	IsHighwayRelated,	IsTowAway,	JudicialDistrict,	MotorVehicleInvolvedWithCode,	MotorVehicleInvolvedWithDesc,MotorVehicleInvolvedWithOtherDesc,	NumberInjured,	NumberKilled,Weather 1, Weather 2, Road Condition 1, Road Condition 2, Special Condition,LightingCode, LightingDescription,Latitude,Longitude,MilepostDirection,MilepostDistance,MilepostMarker,MilepostUnitOfMeasure,	PedestrianActionCode,PedestrianActionDesc,PreparedDate,	Primary Collision Factor Code,Primary Collision Factor Violation,PrimaryCollisionFactorIsCited,	PrimaryCollisionPartyNumber,	PrimaryRoad,	ReportingDistrict,	ReportingDistrictCode,ReviewedDate,	RoadwaySurfaceCode,SecondaryDirection,	SecondaryDistance,	SecondaryRoad,	SecondaryUnitOfMeasure,	SketchDesc,	TrafficControlDeviceCode,CreatedDate,	ModifiedDate,IsCountyRoad,IsFreeway,CHP555Version,	IsAdditonalObjectStruck,NotificationDate,	NotificationTimeDescription,	HasDigitalMediaFiles,	EvidenceNumber,	IsLocationReferToNarrative,	IsAOIOneSameAsLocation
2040375,9340-2023-01351,1,False,9340,3/28/2023 5:55:00 PM,1755.0,282,1368.0,4313.0,San Jose,43.0,True,True,C,REAR END,,Tuesday,NotApplicable,False,,,False,True,False,SANTA CLARA SUPERIOR COURT HALL OF JUSTICE,C,OTHER MOTOR VEHICLE,,0.0,0.0,CLOUDY,, NO UNUSUAL CONDITIONS,, ,A,DAYLIGHT,37.317441,-121.975414,,,,,A,NO PEDESTRIANS INVOLVED,3/28/2023 5:55:00 PM,A,VC 22350,False,1.0,I-280 N/B,,,4/9/2023 2:13:35 PM,B,N,100.0,SARATOGA AVE,F,,D,4/9/2023 2:13:47 PM,4/9/2023 2:13:47 PM,False,True,4,,3/28/2023 5:56:00 PM,1756,False,,,True
2040191,9340-2023-01349,1,False,9340,3/28/2023 5:05:00 PM,1705.0,282,1368.0,4313.0,San Jose,43.0,True,True,E,HIT OBJECT,,Tuesday,NotApplicable,False,,,False,True,True,SANTA CLARA SUPERIOR COURT HALL OF JUSTICE,I,FIXED OBJECT,CONCRETE BARRIER,0.0,0.0,RAINING,, NO UNUSUAL CONDITIONS,, ,A,DAYLIGHT,37.317458,-121.975805,,,,,A,NO PEDESTRIANS INVOLVED,3/28/2023 5:05:00 PM,A,VC 22350,False,1.0,I-280 N/B,,,4/8/2023 5:39:43 PM,B,N,200.0,SARATOGA AVE,F,,D,4/8/2023 5:39:52 PM,4/8/2023 5:39:52 PM,False,True,4,,3/28/2023 5:10:00 PM,1710,False,,,True
2040190,9340-2023-01350,1,False,9340,3/28/2023 5:03:00 PM,1703.0,282,1368.0,4313.0,San Jose,43.0,True,True,E,HIT OBJECT,,Tuesday,NotApplicable,False,,,False,True,True,SANTA CLARA SUPERIOR COURT HALL OF JUSTICE,I,FIXED OBJECT,CONCRETE BARRIER,0.0,0.0,RAINING,, NO UNUSUAL CONDITIONS,, ,A,DAYLIGHT,37.317749,-121.97677,,,,,A,NO PEDESTRIANS INVOLVED,3/28/2023 5:03:00 PM,A,VC 22350,False,1.0,I-280 N/B,,,4/8/2023 5:36:36 PM,B,N,500.0,SARATOGA AVE,F,,D,4/8/2023 5:36:48 PM,4/8/2023 5:36:48 PM,False,True,4,,3/28/2023 5:10:00 PM,1710,False,,,True
2040179,9340-2023-01354,1,False,9340,3/28/2023 4:30:00 PM,1630.0,120,1368.0,4313.0,San Jose,43.0,True,True,C,REAR END,,Tuesday,Yes,False,,,False,True,False,SANTA CLARA SUPERIOR COURT HALL OF JUSTICE,C,OTHER MOTOR VEHICLE,,0.0,0.0,CLOUDY,RAINING, NO UNUSUAL CONDITIONS,, ,A,DAYLIGHT,37.371999,-121.918868,,,,,A,NO PEDESTRIANS INVOLVED,3/28/2023 4:30:00 PM,A,VC 23152(a),True,1.0,US-101 S/B,,,4/8/2023 3:59:15 PM,B,N,410.0,N. FIRST STREET,F,,D,4/8/2023 3:59:30 PM,4/8/2023 3:59:30 PM,False,True,4,,3/28/2023 4:35:00 PM,1635,False,,,True
2040167,9340-2023-01342,1,False,9340,3/28/2023 1:45:00 PM,1345.0,110,1368.0,4313.0,San Jose,43.0,True,True,E,HIT OBJECT,,Tuesday,NotApplicable,False,,,False,True,True,SANTA CLARA SUPERIOR COURT HALL OF JUSTICE,J,OTHER OBJECT,CONCRETE BARRIER,0.0,0.0,CLOUDY,RAINING, NO UNUSUAL CONDITIONS,, ,A,DAYLIGHT,37.303354,-121.818527,,,,,A,NO PEDESTRIANS INVOLVED,3/28/2023 1:45:00 PM,A,VC 22350,False,1.0,US-101 S/B TO CAPITOL EXPY,,,4/8/2023 2:23:58 PM,B,S,310.0,CAPITOL EXPY,F,,D,4/8/2023 2:24:07 PM,4/8/2023 2:24:07 PM,False,True,4,True,3/28/2023 2:00:00 PM,1400,False,,,True
2040166,9340-2023-01343,1,False,9340,3/28/2023 3:20:00 PM,1520.0,089,1368.0,4313.0,San Jose,43.0,True,True,C,REAR END,,Tuesday,NotApplicable,False,,,False,True,False,SANTA CLARA SUPERIOR COURT HALL OF JUSTICE,C,OTHER MOTOR VEHICLE,,0.0,0.0,RAINING,, NO UNUSUAL CONDITIONS,, ,A,DAYLIGHT,37.38699,-121.905649,,,,,A,NO PEDESTRIANS INVOLVED,3/28/2023 3:20:00 PM,A,VC 22350,False,1.0,I-880 S/B,,,4/8/2023 1:42:43 PM,B,N,1700.0,BROKAW ROAD,F,,D,4/8/2023 1:42:59 PM,4/8/2023 1:42:59 PM,False,True,4,,3/28/2023 3:25:00 PM,1525,False,,,True
2040164,9340-2023-01341,1,False,9340,3/28/2023 10:30:00 AM,1030.0,281,1368.0,4313.0,San Jose,43.0,True,True,E,HIT OBJECT,,Tuesday,NotApplicable,False,,,False,True,False,SANTA CLARA SUPERIOR COURT HALL OF JUSTICE,C,OTHER MOTOR VEHICLE,,1.0,0.0,RAINING,, NO UNUSUAL CONDITIONS,, ,A,DAYLIGHT,37.322968,-121.892239,,,,,A,NO PEDESTRIANS INVOLVED,3/28/2023 10:30:00 AM,A,VC 22107,False,1.0,I-280 N/B TO SR-87 S/B,,,4/8/2023 1:31:36 PM,B,N,1186.0,WEST VIRGINIA ST,F,,D,4/8/2023 1:31:59 PM,4/8/2023 1:31:59 PM,False,True,4,,3/28/2023 10:50:00 AM,1050,False,,,True
2040145,9340-2023-01285,1,False,9340,3/24/2023 7:20:00 AM,720.0,120,1368.0,4313.0,San Jose,43.0,True,True,F,OVERTURNED,,Friday,Yes,False,,,False,True,False,SANTA CLARA SUPERIOR COURT HALL OF JUSTICE,I,FIXED OBJECT,TREE,1.0,0.0,CLEAR,, NO UNUSUAL CONDITIONS,, ,A,DAYLIGHT,37.395113,-122.011801,,,,,A,NO PEDESTRIANS INVOLVED,3/24/2023 7:20:00 AM,A,VC 22107,False,1.0,US-101 S/B ,,,4/8/2023 11:54:11 AM,A,S,370.0,FAIR OAKS AVENUE,F,,A,4/8/2023 11:54:36 AM,4/8/2023 11:54:36 AM,False,True,4,,3/24/2023 7:24:00 AM,0724,True,EMBEDDED,,True
2039950,9340-2023-01324,1,False,9340,3/27/2023 9:40:00 AM,940.0,085,1368.0,4313.0,San Jose,43.0,True,True,C,REAR END,,Monday,NotApplicable,False,,,False,True,True,SANTA CLARA SUPERIOR COURT HALL OF JUSTICE,C,OTHER MOTOR VEHICLE,,2.0,0.0,CLEAR,, NO UNUSUAL CONDITIONS,, ,A,DAYLIGHT,37.255739,-121.871228,,,,,A,NO PEDESTRIANS INVOLVED,3/27/2023 9:40:00 AM,A,VC 22350,False,1.0,SR-85 S/B,,,4/7/2023 9:18:35 PM,A,S,1000.0,SR-87,F,,D,4/7/2023 9:18:52 PM,4/7/2023 9:18:52 PM,False,True,4,,3/27/2023 9:41:00 AM,0941,False,,,True
2039949,9340-2023-01332,1,False,9340,3/27/2023 5:30:00 PM,1730.0,281,1368.0,4313.0,San Jose,43.0,True,True,C,REAR END,,Monday,NotApplicable,False,M,,False,True,False,SANTA CLARA SUPERIOR COURT HALL OF JUSTICE,C,OTHER MOTOR VEHICLE,,2.0,0.0,CLEAR,, NO UNUSUAL CONDITIONS,, ,A,DAYLIGHT,37.315916,-121.907225,,,,,F,NOT IN ROAD,3/27/2023 5:30:00 PM,A,VC 22350,False,1.0,I-280 S/B,,,4/7/2023 9:09:49 PM,A,N,65.0,LINCOLN AVENUE,F,,D,4/7/2023 9:10:22 PM,4/7/2023 9:10:22 PM,False,True,4,,3/27/2023 6:00:00 PM,1800,False,,,True
2039948,9340-2023-01331,1,False,9340,3/27/2023 4:30:00 PM,1630.0,089,1368.0,4313.0,San Jose,43.0,True,True,C,REAR END,,Monday,NotApplicable,False,,,False,True,False,SANTA CLARA SUPERIOR COURT HALL OF JUSTICE,C,OTHER MOTOR VEHICLE,,0.0,0.0,CLEAR,, NO UNUSUAL CONDITIONS,, ,A,DAYLIGHT,37.387661,-121.905811,,,,,A,NO PEDESTRIANS INVOLVED,3/27/2023 4:30:00 PM,A,VC 22350,False,1.0,I-880 S/B,,,4/7/2023 9:08:11 PM,A,N,1942.0,BROKAW RD,F,,D,4/7/2023 9:08:30 PM,4/7/2023 9:08:30 PM,False,True,4,,3/27/2023 4:38:00 PM,1638,False,,,True
2039947,9340-2023-01323,1,False,9340,3/27/2023 7:45:00 AM,745.0,281,1368.0,4313.0,San Jose,43.0,True,True,B,SIDE SWIPE,,Monday,NotApplicable,False,,,False,True,True,SANTA CLARA SUPERIOR COURT HALL OF JUSTICE,C,OTHER MOTOR VEHICLE,,1.0,0.0,CLEAR,, NO UNUSUAL CONDITIONS,, ,A,DAYLIGHT,37.317115,-121.932142,,,,,A,NO PEDESTRIANS INVOLVED,3/27/2023 7:45:00 AM,A,VC 21658(A),False,1.0,I-280 N/B,,,4/7/2023 9:02:05 PM,A,N,80.0,BASCOM AVE,F,,D,4/7/2023 9:02:29 PM,4/7/2023 9:02:29 PM,False,True,4,,3/27/2023 7:50:00 AM,0750,False,,,True
2039945,9340-2023-01327,1,False,9340,3/27/2023 3:57:00 PM,1557.0,070,1368.0,4313.0,San Jose,43.0,True,True,D,BROADSIDE,,Monday,NotApplicable,False,,,False,False,False,SANTA CLARA SUPERIOR COURT HALL OF JUSTICE,C,OTHER MOTOR VEHICLE,,0.0,0.0,CLEAR,, NO UNUSUAL CONDITIONS,, ,A,DAYLIGHT,37.318536,-121.925935,,,,,A,NO PEDESTRIANS INVOLVED,3/27/2023 3:57:00 PM,A,VC 22106,False,1.0,537 RUTLAND AVENUE,,,4/7/2023 8:58:59 PM,A,N,111.0,BASILE AVENUE,F,,D,4/7/2023 8:59:22 PM,4/7/2023 8:59:22 PM,True,False,4,,3/27/2023 4:15:00 PM,1615,False,,,True
2039944,9340-2023-01335,1,False,9340,3/27/2023 8:45:00 PM,2045.0,120,1368.0,4313.0,San Jose,43.0,True,True,B,SIDE SWIPE,,Monday,NotApplicable,False,,,False,True,False,SANTA CLARA SUPERIOR COURT HALL OF JUSTICE,C,OTHER MOTOR VEHICLE,,0.0,0.0,CLEAR,, NO UNUSUAL CONDITIONS,, ,C,DARK-STREET LIGHTS,37.362861,-121.893108,,,,,A,NO PEDESTRIANS INVOLVED,3/27/2023 8:45:00 PM,A,VC 22107,False,1.0,US-101 S/B TO OLD OAKLAND ROAD,,,4/7/2023 8:55:29 PM,A,N,300.0,OAKLAND ROAD,F,,A,4/7/2023 8:55:53 PM,4/7/2023 8:55:53 PM,False,True,4,,3/27/2023 8:55:00 PM,2055,False,,,True
2039943,9340-2023-01304,1,False,9340,3/26/2023 1:28:00 AM,128.0,172,1368.0,4313.0,San Jose,43.0,True,True,E,HIT OBJECT,,Sunday,Yes,False,,,False,True,True,SANTA CLARA SUPERIOR COURT HALL OF JUSTICE,J,OTHER OBJECT,CALTRANS TRIALER SIGN,0.0,0.0,CLEAR,, NO UNUSUAL CONDITIONS,, ,C,DARK-STREET LIGHTS,37.31267,-121.940378,,,,,A,NO PEDESTRIANS INVOLVED,3/26/2023 1:28:00 AM,A,VC 23152(a),True,1.0,SR-17 N/B,,,4/7/2023 8:51:42 PM,A,S,1220.0,I-280,F,,D,4/7/2023 8:52:00 PM,4/7/2023 8:52:00 PM,False,True,4,,3/26/2023 1:40:00 AM,0140,False,,False,True
2039941,9340-2023-01302,1,False,9340,3/25/2023 6:20:00 PM,1820.0,281,1368.0,4313.0,San Jose,43.0,True,True,C,REAR END,,Saturday,Yes,False,,,False,True,True,SANTA CLARA SUPERIOR COURT HALL OF JUSTICE,C,OTHER MOTOR VEHICLE,,1.0,0.0,CLEAR,, NO UNUSUAL CONDITIONS,, ,B,DUSK-DAWN,37.326122,-121.883726,,,,,A,NO PEDESTRIANS INVOLVED,3/25/2023 6:20:00 PM,A,VC 22350,False,1.0,I-280 N/B,,,4/7/2023 8:42:53 PM,A,N,100.0,FIRST STREET,F,,D,4/7/2023 8:43:18 PM,4/7/2023 8:43:18 PM,False,True,4,,3/25/2023 6:25:00 PM,1825,False,,,True
2039932,9340-2023-01315,1,False,9340,3/26/2023 5:30:00 PM,1730.0,120,1368.0,4313.0,San Jose,43.0,True,True,B,SIDE SWIPE,,Sunday,NotApplicable,False,M,,False,True,False,SANTA CLARA SUPERIOR COURT HALL OF JUSTICE,C,OTHER MOTOR VEHICLE,,0.0,0.0,CLEAR,, NO UNUSUAL CONDITIONS,, ,A,DAYLIGHT,37.362717,-121.887667,,,,,A,NO PEDESTRIANS INVOLVED,3/26/2023 5:30:00 PM,A,VC 22107,False,1.0,US-101 S/B ,,,4/7/2023 8:13:45 PM,A,S,300.0,OLD OAKLAND ROAD,F,,A,4/7/2023 8:14:00 PM,4/7/2023 8:14:00 PM,False,True,4,,3/26/2023 5:35:00 PM,1735,False,,,
2039930,9340-2023-01311,1,False,9340,3/26/2023 4:15:00 PM,1615.0,087,1368.0,4313.0,San Jose,43.0,True,True,C,REAR END,,Sunday,NotApplicable,False,,,False,True,False,SANTA CLARA SUPERIOR COURT HALL OF JUSTICE,C,OTHER MOTOR VEHICLE,,2.0,0.0,CLEAR,, NO UNUSUAL CONDITIONS,, ,A,DAYLIGHT,37.292364,-121.87228,,,,,A,NO PEDESTRIANS INVOLVED,3/26/2023 4:15:00 PM,A,VC 22350,False,1.0,SR-87 S/B,,,4/7/2023 8:11:09 PM,A,S,815.0,CURTNER AVE,F,,D,4/7/2023 8:11:32 PM,4/7/2023 8:11:32 PM,False,True,4,,3/26/2023 4:29:00 PM,1629,False,,,True
2039927,9340-2023-01320,1,False,9340,3/27/2023 5:00:00 AM,500.0,120,1368.0,4313.0,San Jose,43.0,True,True,C,REAR END,,Monday,NotApplicable,False,F,,False,True,False,SANTA CLARA SUPERIOR COURT HALL OF JUSTICE,C,OTHER MOTOR VEHICLE,,1.0,0.0,CLEAR,, NO UNUSUAL CONDITIONS,, ,C,DARK-STREET LIGHTS,37.380569,-121.958673,,,,,A,NO PEDESTRIANS INVOLVED,3/27/2023 5:00:00 AM,A,VC 22350,False,1.0,US-101 N/B,,,4/7/2023 8:02:46 PM,A,S,1531.0,MONTAGUE EXPY,F,,D,4/7/2023 8:03:02 PM,4/7/2023 8:03:02 PM,False,True,4,,3/27/2023 5:04:00 AM,0504,False,,,True
2039925,9340-2023-01330,1,False,9340,3/27/2023 5:00:00 PM,1700.0,087,1368.0,4313.0,San Jose,43.0,True,True,C,REAR END,,Monday,NotApplicable,False,,,False,True,False,SANTA CLARA SUPERIOR COURT HALL OF JUSTICE,C,OTHER MOTOR VEHICLE,,1.0,0.0,CLEAR,, NO UNUSUAL CONDITIONS,, ,A,DAYLIGHT,37.302203,-121.876961,,,,,A,NO PEDESTRIANS INVOLVED,3/27/2023 5:00:00 PM,A,VC 22350,False,1.0,SR-87 N/B,,,4/7/2023 7:59:58 PM,A,N,100.0,ALMADEN EXPRESSWAY,F,,D,4/7/2023 8:00:21 PM,4/7/2023 8:00:21 PM,False,True,4,,3/27/2023 5:07:00 PM,1707,False,,False,True
2039924,9340-2023-01303,1,False,9340,3/25/2023 5:15:00 PM,1715.0,089,1368.0,4313.0,San Jose,43.0,True,True,C,REAR END,,Saturday,NotApplicable,False,,,False,True,True,SANTA CLARA SUPERIOR COURT HALL OF JUSTICE,C,OTHER MOTOR VEHICLE,,0.0,0.0,CLEAR,, NO UNUSUAL CONDITIONS,, ,D,DARK-NO STREET LIGHTS,37.357455,-121.908255,,,,,A,NO PEDESTRIANS INVOLVED,3/25/2023 5:15:00 PM,A,VC 22350,False,1.0,I-880 S/B,,,4/7/2023 7:58:05 PM,A,S,420.0,N. FIRST ST,F,,D,4/7/2023 7:58:23 PM,4/7/2023 7:58:23 PM,False,True,4,,3/25/2023 5:20:00 PM,1720,False,,,True
2039923,9340-2023-01301,1,False,9340,3/25/2023 3:45:00 PM,1545.0,681,1368.0,4313.0,San Jose,43.0,True,True,C,REAR END,,Saturday,NotApplicable,False,,,False,True,False,SANTA CLARA SUPERIOR COURT HALL OF JUSTICE,C,OTHER MOTOR VEHICLE,,1.0,0.0,CLEAR,, NO UNUSUAL CONDITIONS,, ,A,DAYLIGHT,37.347548,-121.84123,,,,,A,NO PEDESTRIANS INVOLVED,3/25/2023 3:45:00 PM,A,VC 22350,False,2.0,I-680 SB,,,4/7/2023 7:55:58 PM,A,N,2110.0,KING RD,F,,D,4/7/2023 7:56:14 PM,4/7/2023 7:56:14 PM,False,True,4,,3/25/2023 4:00:00 PM,1600,False,,,True
2039408,9725-2023-00455,1,False,9725,3/29/2023 9:51:00 PM,2151.0,015,1368.0,4313.0,San Jose,43.0,True,True,D,BROADSIDE,,Wednesday,NotApplicable,False,,,False,True,True,SANTA CLARA SUPERIOR COURT SANTA CLARA COURTHOUSE,C,OTHER MOTOR VEHICLE,,0.0,0.0,CLEAR,, NO UNUSUAL CONDITIONS,, ,D,DARK-NO STREET LIGHTS,37.245923,-121.776335,,,,,A,NO PEDESTRIANS INVOLVED,3/29/2023 9:51:00 PM,A,VC 22350,False,1.0,US-101 S/B,,,4/7/2023 8:31:00 AM,A,N,0.1,BERNAL ROAD,M,,D,4/7/2023 8:33:17 AM,4/7/2023 8:33:17 AM,False,True,4,,3/29/2023 9:56:00 PM,2156,False,,,True
2038780,9340-2023-01295,1,False,9340,3/24/2023 10:20:00 PM,2220.0,110,1368.0,4313.0,San Jose,43.0,True,True,B,SIDE SWIPE,,Friday,NotApplicable,False,,,False,True,True,SANTA CLARA SUPERIOR COURT HALL OF JUSTICE,C,OTHER MOTOR VEHICLE,,0.0,0.0,CLEAR,, NO UNUSUAL CONDITIONS,, ,C,DARK-STREET LIGHTS,37.34011,-121.85237,,,,,A,NO PEDESTRIANS INVOLVED,3/24/2023 10:20:00 PM,A,VC 22350,False,1.0,US-101 N/B,,,4/6/2023 1:19:53 PM,A,N,130.0,I-280 N/B,F,,D,4/6/2023 1:19:55 PM,4/6/2023 1:19:55 PM,False,True,4,,3/24/2023 10:25:00 PM,2225,False,,,True
2038728,9340-2023-01329,2,False,9340,3/27/2023 5:50:00 PM,1750.0,088,1368.0,4313.0,San Jose,43.0,True,True,B,SIDE SWIPE,,Monday,NotApplicable,False,,,False,True,False,SANTA CLARA SUPERIOR COURT HALL OF JUSTICE,C,OTHER MOTOR VEHICLE,,0.0,0.0,CLEAR,, NO UNUSUAL CONDITIONS,, ,A,DAYLIGHT,37.340848,-121.928142,,,,,A,NO PEDESTRIANS INVOLVED,3/27/2023 5:50:00 PM,A,VC 21658(A),False,1.0,I-880 N/B,,,4/29/2023 11:30:38 AM,A,S,868.0,THE ALAMEDA,F,,D,4/6/2023 12:29:10 PM,4/29/2023 11:30:59 AM,False,True,4,,3/27/2023 5:54:00 PM,1754,True,EMBEDDED,,True
2038505,9340-2023-01294,2,False,9340,3/24/2023 9:40:00 PM,2140.0,281,1368.0,4313.0,San Jose,43.0,True,True,B,SIDE SWIPE,,Friday,NotApplicable,False,,,False,True,False,SANTA CLARA SUPERIOR COURT HALL OF JUSTICE,C,OTHER MOTOR VEHICLE,,1.0,0.0,CLEAR,, NO UNUSUAL CONDITIONS,, ,D,DARK-NO STREET LIGHTS,37.324671,-121.890957,,,,,A,NO PEDESTRIANS INVOLVED,3/24/2023 9:40:00 PM,A,VC 22350,False,1.0,I-280 N/B TO SR-87 S/B,,,6/8/2023 12:28:21 PM,A,N,1127.0,ALMADEN BLVD,F,,D,4/6/2023 9:40:33 AM,6/8/2023 12:28:24 PM,False,True,4,,3/24/2023 9:50:00 PM,2150,False,,,True
2038502,9340-2023-01292,1,False,9340,3/24/2023 5:30:00 PM,1730.0,083,1368.0,4313.0,San Jose,43.0,True,True,B,SIDE SWIPE,,Friday,NotApplicable,False,,,False,True,False,SANTA CLARA SUPERIOR COURT HALL OF JUSTICE,C,OTHER MOTOR VEHICLE,,0.0,0.0,CLEAR,, NO UNUSUAL CONDITIONS,, ,A,DAYLIGHT,37.255308,-121.854616,,,,,A,NO PEDESTRIANS INVOLVED,3/24/2023 5:30:00 PM,A,VC 21658(A),False,1.0,SR-85 S/B,,,4/6/2023 9:39:24 AM,A,S,1188.0,SANTA TERESA BLVD,F,,D,4/6/2023 9:39:26 AM,4/6/2023 9:39:26 AM,False,True,4,,3/24/2023 5:36:00 PM,1736,False,,,True
2038496,9340-2023-01286,1,False,9340,3/24/2023 9:50:00 AM,950.0,087,1368.0,4313.0,San Jose,43.0,True,True,C,REAR END,,Friday,NotApplicable,False,,,False,True,True,SANTA CLARA SUPERIOR COURT HALL OF JUSTICE,C,OTHER MOTOR VEHICLE,,0.0,0.0,CLEAR,, NO UNUSUAL CONDITIONS,, ,A,DAYLIGHT,37.344999,-121.902169,,,,,A,NO PEDESTRIANS INVOLVED,3/24/2023 9:50:00 AM,A,VC 22350,False,1.0,SR-87 N/B TO TAYLOR ST,,,4/6/2023 9:35:35 AM,A,S,0.2,TAYLOR ST,M,,D,4/6/2023 9:37:06 AM,4/6/2023 9:37:06 AM,False,True,4,,3/24/2023 9:55:00 AM,0955,False,,,True
2038487,9340-2023-01284,1,False,9340,3/24/2023 9:15:00 AM,915.0,120,1368.0,4313.0,San Jose,43.0,True,True,C,REAR END,,Friday,NotApplicable,False,,,False,True,True,SANTA CLARA SUPERIOR COURT HALL OF JUSTICE,C,OTHER MOTOR VEHICLE,,0.0,0.0,CLEAR,, NO UNUSUAL CONDITIONS,, ,A,DAYLIGHT,37.363261,-121.892415,,,,,A,NO PEDESTRIANS INVOLVED,3/24/2023 9:15:00 AM,A,VC 22350,False,1.0,US-101 N/B,,,4/6/2023 9:30:19 AM,A,N,130.0,OLD OAKLAND RD,F,,D,4/6/2023 9:31:24 AM,4/6/2023 9:31:24 AM,False,True,4,,3/24/2023 9:40:00 AM,0940,False,,,True
2038485,9340-2023-01282,1,False,9340,3/24/2023 7:50:00 AM,750.0,087,1368.0,4313.0,San Jose,43.0,True,True,B,SIDE SWIPE,,Friday,Yes,False,,,False,True,True,SANTA CLARA SUPERIOR COURT HALL OF JUSTICE,C,OTHER MOTOR VEHICLE,,1.0,0.0,CLEAR,, NO UNUSUAL CONDITIONS,, ,A,DAYLIGHT,37.29349,-121.872378,,,,,A,NO PEDESTRIANS INVOLVED,3/24/2023 7:50:00 AM,A,VC 21658(A),False,1.0,SR-87 N/B,,,4/6/2023 9:29:18 AM,A,S,395.0,CURTNER AVE,F,,D,4/6/2023 9:29:30 AM,4/6/2023 9:29:30 AM,False,True,4,,3/24/2023 7:55:00 AM,0755,True,EMBEDDED,,True
2037945,9340-2023-01336,1,False,9340,3/27/2023 10:26:00 PM,2226.0,281,1368.0,4313.0,San Jose,43.0,True,True,C,REAR END,,Monday,NotApplicable,False,M,,False,True,False,SANTA CLARA SUPERIOR COURT HALL OF JUSTICE,C,OTHER MOTOR VEHICLE,,0.0,0.0,CLEAR,, NO UNUSUAL CONDITIONS,, ,C,DARK-STREET LIGHTS,37.315605,-121.910826,,,,,A,NO PEDESTRIANS INVOLVED,3/27/2023 10:26:00 PM,A,VC 22350,False,1.0,I-280 N/B TO RACE ST,,,4/5/2023 9:38:32 PM,A,,,RACE ST,,,D,4/5/2023 9:38:40 PM,4/5/2023 9:38:40 PM,False,True,4,,3/27/2023 10:35:00 PM,2235,False,,,True
2037871,9340-2023-01333,1,False,9340,3/27/2023 3:30:00 PM,1530.0,110,1368.0,4313.0,San Jose,43.0,True,True,B,SIDE SWIPE,,Monday,NotApplicable,False,,,False,True,False,SANTA CLARA SUPERIOR COURT HALL OF JUSTICE,I,FIXED OBJECT,CENTER MEDIAN,0.0,0.0,CLEAR,, NO UNUSUAL CONDITIONS,, ,A,DAYLIGHT,37.324206,-121.836999,,,,,A,NO PEDESTRIANS INVOLVED,3/27/2023 3:30:00 PM,A,VC 22107,False,1.0,US-101 NB,,,4/5/2023 3:51:55 PM,A,N,2100.0,TULLY RD,F,,D,4/5/2023 3:53:50 PM,4/5/2023 3:53:50 PM,False,True,4,,3/27/2023 3:35:00 PM,1535,False,,,True
2037858,9340-2023-01059,1,False,9340,3/11/2023 12:05:00 AM,5.0,281,1368.0,4313.0,San Jose,43.0,True,True,B,SIDE SWIPE,,Saturday,NotApplicable,False,M,,False,True,False,SANTA CLARA SUPERIOR COURT HALL OF JUSTICE,C,OTHER MOTOR VEHICLE,,2.0,0.0,CLOUDY,, NO UNUSUAL CONDITIONS,, ,C,DARK-STREET LIGHTS,37.31769,-121.934839,,,,,A,NO PEDESTRIANS INVOLVED,3/11/2023 12:05:00 AM,A,VC 22107,False,1.0,I-280 N/B TO SR-17 S/B,,,4/5/2023 3:40:24 PM,A,S,250.0,MACARTHUR AVE,F,,D,4/5/2023 3:41:03 PM,4/5/2023 3:41:03 PM,False,True,4,,3/11/2023 12:10:00 AM,0010,False,,,True
2037844,9340-2023-01326,1,False,9340,3/27/2023 3:25:00 PM,1525.0,282,1368.0,4313.0,San Jose,43.0,True,True,B,SIDE SWIPE,,Monday,NotApplicable,False,,,False,True,True,SANTA CLARA SUPERIOR COURT HALL OF JUSTICE,C,OTHER MOTOR VEHICLE,,1.0,0.0,CLEAR,, NO UNUSUAL CONDITIONS,, ,A,DAYLIGHT,37.31617,-121.968405,,,,,A,NO PEDESTRIANS INVOLVED,3/27/2023 3:25:00 PM,A,VC 22350,False,1.0,I-280 S/B,,,4/5/2023 3:26:25 PM,A,N,1200.0,SAN TOMAS EXPY,F,,D,4/5/2023 3:29:14 PM,4/5/2023 3:29:14 PM,False,True,4,,3/27/2023 3:35:00 PM,1535,False,,,True