Collision Id,	Report Number,	Report Version,	Is Preliminary,	NCIC Code,Crash Date Time,	Crash Time Description,	Beat,City Id,	City Code,	City Name,County Code,	City Is Active,	City Is Incorporated,	Collision Type Code,Collision Type Description,	Collision Type Other Desc,	Day Of Week,	DispatchNotified,	HasPhotographs,	HitRun,	IsAttachmentsMailed,	IsDeleted,	IsHighwayRelated,	IsTowAway,	JudicialDistrict,	MotorVehicleInvolvedWithCode,	MotorVehicleInvolvedWithDesc,MotorVehicleInvolvedWithOtherDesc,	NumberInjured,	NumberKilled,Weather 1, Weather 2, Road Condition 1, Road Condition 2, Special Condition,LightingCode, LightingDescription,Latitude,Longitude,MilepostDirection,MilepostDistance,MilepostMarker,MilepostUnitOfMeasure,	PedestrianActionCode,PedestrianActionDesc,PreparedDate,	Primary Collision Factor Code,Primary Collision Factor Violation,PrimaryCollisionFactorIsCited,	PrimaryCollisionPartyNumber,	PrimaryRoad,	ReportingDistrict,	ReportingDistrictCode,ReviewedDate,	RoadwaySurfaceCode,SecondaryDirection,	SecondaryDistance,	SecondaryRoad,	SecondaryUnitOfMeasure,	SketchDesc,	TrafficControlDeviceCode,CreatedDate,	ModifiedDate,IsCountyRoad,IsFreeway,CHP555Version,	IsAdditonalObjectStruck,NotificationDate,	NotificationTimeDescription,	HasDigitalMediaFiles,	EvidenceNumber,	IsLocationReferToNarrative,	IsAOIOneSameAsLocation
2071140,9340-2023-02025,1,False,9340,5/10/2023 6:36:00 PM,1836.0,110,1368.0,4313.0,San Jose,43.0,True,True,C,REAR END,,Wednesday,NotApplicable,False,M,,False,True,False,SANTA CLARA SUPERIOR COURT HALL OF JUSTICE,C,OTHER MOTOR VEHICLE,,0.0,0.0,CLEAR,, NO UNUSUAL CONDITIONS,, ,A,DAYLIGHT,37.349571,-121.861707,,,,,A,NO PEDESTRIANS INVOLVED,5/10/2023 6:36:00 PM,A,VC 22350,False,1.0,US-101 S/B,,,5/17/2023 12:27:23 PM,A,S,45.0,ALUM ROCK AVE,F,,D,5/17/2023 12:27:27 PM,5/17/2023 12:27:27 PM,False,True,4,,5/10/2023 7:12:00 PM,1912,False,,,True
2070956,9340-2023-02012,1,False,9340,5/9/2023 5:20:00 PM,1720.0,281,1368.0,4313.0,San Jose,43.0,True,True,C,REAR END,,Tuesday,NotApplicable,False,,,False,True,False,SANTA CLARA SUPERIOR COURT HALL OF JUSTICE,C,OTHER MOTOR VEHICLE,,0.0,0.0,CLEAR,, NO UNUSUAL CONDITIONS,, ,A,DAYLIGHT,37.32755,-121.87791,,,,,A,NO PEDESTRIANS INVOLVED,5/9/2023 5:20:00 PM,A,VC 22350,False,1.0,I-280 S/B,,,5/17/2023 10:00:53 AM,A,N,665.0,7TH ST,F,,D,5/17/2023 10:00:56 AM,5/17/2023 10:00:56 AM,False,True,4,,5/9/2023 5:50:00 PM,1750,False,,,True
2070952,9340-2023-02009,1,False,9340,5/9/2023 10:00:00 AM,1000.0,110,1368.0,4313.0,San Jose,43.0,True,True,B,SIDE SWIPE,,Tuesday,NotApplicable,False,M,,False,True,False,SANTA CLARA SUPERIOR COURT HALL OF JUSTICE,C,OTHER MOTOR VEHICLE,,0.0,0.0,CLEAR,, NO UNUSUAL CONDITIONS,, ,A,DAYLIGHT,37.278544,-121.806256,,,,,A,NO PEDESTRIANS INVOLVED,5/9/2023 10:00:00 AM,A,VC 22107,False,,US-101 N/B,,,5/17/2023 9:57:50 AM,A,N,600.0,COYOTE RD.,F,,D,5/17/2023 9:57:53 AM,5/17/2023 9:57:53 AM,False,True,4,,5/9/2023 12:30:00 PM,1230,False,,,True
2070932,9340-2023-01958,1,False,9340,5/5/2023 10:57:00 PM,2257.0,083,1368.0,4313.0,San Jose,43.0,True,True,C,REAR END,,Friday,NotApplicable,False,M,,False,True,True,SANTA CLARA SUPERIOR COURT HALL OF JUSTICE,C,OTHER MOTOR VEHICLE,,0.0,0.0,CLOUDY,RAINING, NO UNUSUAL CONDITIONS,, ,C,DARK-STREET LIGHTS,37.255538,-121.850827,,,,,A,NO PEDESTRIANS INVOLVED,5/5/2023 10:57:00 PM,A,VC 22350,False,1.0,SR-85 N/B,,,5/17/2023 9:38:24 AM,B,S,2280.0,SANTA TERESA BLVD,F,,D,5/17/2023 9:40:01 AM,5/17/2023 9:40:01 AM,False,True,4,,5/5/2023 11:05:00 PM,2305,False,,,True
2070910,9340-2023-01974,1,False,9340,5/6/2023 5:11:00 PM,1711.0,110,1368.0,4313.0,San Jose,43.0,True,True,C,REAR END,,Saturday,NotApplicable,False,M,,False,True,False,SANTA CLARA SUPERIOR COURT HALL OF JUSTICE,C,OTHER MOTOR VEHICLE,,0.0,0.0,CLOUDY,, NO UNUSUAL CONDITIONS,, ,A,DAYLIGHT,37.346609,-121.858464,,,,,A,NO PEDESTRIANS INVOLVED,5/6/2023 5:11:00 PM,A,VC 22350,False,1.0,US-101 N/B,,,5/17/2023 9:25:31 AM,B,S,1500.0,ALUM ROCK AVE,F,,D,5/17/2023 9:25:35 AM,5/17/2023 9:25:35 AM,False,True,4,,5/6/2023 5:21:00 PM,1721,False,,,True
2070895,9340-2023-01959,1,False,9340,5/5/2023 9:00:00 PM,2100.0,110,1368.0,4313.0,San Jose,43.0,True,True,C,REAR END,,Friday,NotApplicable,False,M,,False,True,True,SANTA CLARA SUPERIOR COURT HALL OF JUSTICE,C,OTHER MOTOR VEHICLE,,0.0,0.0,CLOUDY,RAINING, NO UNUSUAL CONDITIONS,, ,D,DARK-NO STREET LIGHTS,37.321741,-121.835061,,,,,A,NO PEDESTRIANS INVOLVED,5/5/2023 9:00:00 PM,A,VC 22350,False,1.0,US-101 S/B TO TULLY ROAD OFF-RAMP,,,5/17/2023 9:15:56 AM,B,N,1583.0,TULLY ROAD,F,,D,5/17/2023 9:15:59 AM,5/17/2023 9:15:59 AM,False,True,4,True,5/5/2023 9:14:00 PM,2114,False,,,True
2070890,9340-2023-01973,1,False,9340,5/5/2023 8:56:00 PM,2056.0,087,1368.0,4313.0,San Jose,43.0,True,True,C,REAR END,,Friday,NotApplicable,False,,,False,True,False,SANTA CLARA SUPERIOR COURT HALL OF JUSTICE,C,OTHER MOTOR VEHICLE,,1.0,0.0,CLEAR,, NO UNUSUAL CONDITIONS,, ,A,DAYLIGHT,37.363565,-121.917956,,,,,A,NO PEDESTRIANS INVOLVED,5/5/2023 8:56:00 PM,A,VC 22350,True,1.0,SR-87 N/B TO SKYPORT DRIVE,,,5/17/2023 9:11:54 AM,A,S,344.0,SKYPORT DRIVE,F,,D,5/17/2023 9:13:08 AM,5/17/2023 9:13:08 AM,False,True,4,,5/5/2023 9:01:00 PM,2101,False,,,True
2070886,9340-2023-01972,1,False,9340,5/5/2023 8:51:00 PM,2051.0,087,1368.0,4313.0,San Jose,43.0,True,True,C,REAR END,,Friday,NotApplicable,False,,,False,True,True,SANTA CLARA SUPERIOR COURT HALL OF JUSTICE,C,OTHER MOTOR VEHICLE,,1.0,0.0,CLEAR,, NO UNUSUAL CONDITIONS,, ,A,DAYLIGHT,37.338476,-121.898331,,,,,A,NO PEDESTRIANS INVOLVED,5/5/2023 8:51:00 PM,A,VC 22350,True,1.0,SR-87 N/B,,,5/17/2023 9:10:39 AM,A,N,500.0,JULIAN STREET,F,,A,5/17/2023 9:10:44 AM,5/17/2023 9:10:44 AM,False,True,4,,5/5/2023 8:56:00 PM,2056,False,,,True
2070869,9340-2023-01968,1,False,9340,5/5/2023 6:27:00 PM,1827.0,087,1368.0,4313.0,San Jose,43.0,True,True,E,HIT OBJECT,,Friday,NotApplicable,False,,,False,True,False,SANTA CLARA SUPERIOR COURT HALL OF JUSTICE,I,FIXED OBJECT,TRAFFIC LIGHT,0.0,0.0,CLOUDY,, NO UNUSUAL CONDITIONS,, ,A,DAYLIGHT,37.364835,-121.918871,,,,,A,NO PEDESTRIANS INVOLVED,5/5/2023 6:27:00 PM,A,VC 22350,True,1.0,SR-87 N/B FROM SKYPORT DRIVE,,,5/17/2023 9:00:11 AM,B,N,56.0,SKYPORT DRIVE,F,,A,5/17/2023 9:00:14 AM,5/17/2023 9:00:14 AM,False,True,4,,5/5/2023 6:32:00 PM,1832,False,,,True
2070867,9340-2023-01960,1,False,9340,5/5/2023 6:00:00 PM,1800.0,110,1368.0,4313.0,San Jose,43.0,True,True,C,REAR END,,Friday,NotApplicable,False,,,False,True,False,SANTA CLARA SUPERIOR COURT HALL OF JUSTICE,C,OTHER MOTOR VEHICLE,,0.0,0.0,CLOUDY,, NO UNUSUAL CONDITIONS,, ,A,DAYLIGHT,37.331989,-121.84499,,,,,A,NO PEDESTRIANS INVOLVED,5/5/2023 6:00:00 PM,A,VC 22350,False,1.0,I-680 S/B,,,5/17/2023 8:59:40 AM,B,,,STORY ROAD,,,D,5/17/2023 8:59:42 AM,5/17/2023 8:59:42 AM,False,True,4,,5/5/2023 6:20:00 PM,1820,False,,,True
2070864,9340-2023-01943,1,False,9340,5/5/2023 2:21:00 AM,221.0,681,1368.0,4313.0,San Jose,43.0,True,True,E,HIT OBJECT,,Friday,NotApplicable,False,M,,False,True,True,SANTA CLARA SUPERIOR COURT HALL OF JUSTICE,I,FIXED OBJECT,CONCRETE SOUNDWALL,0.0,0.0,CLEAR,, NO UNUSUAL CONDITIONS,, ,E,DARK-STREET LIGHTS NOT FUNCTIONING*,37.411472,-121.879905,,,,,A,NO PEDESTRIANS INVOLVED,5/5/2023 2:21:00 AM,A,VC 23152(a),False,1.0,I-680 S/B FROM MONTAGUE EXPRESSWAY W/B,,,5/17/2023 8:57:24 AM,A,S,1050.0,MONTAGUE EXPRESSWAY,F,,D,5/17/2023 8:57:26 AM,5/17/2023 8:57:26 AM,False,True,4,,5/5/2023 2:26:00 AM,0226,False,,,True
2070822,9340-2023-02030,1,False,9340,5/10/2023 5:20:00 PM,1720.0,087,1368.0,4313.0,San Jose,43.0,True,True,C,REAR END,,Wednesday,NotApplicable,False,,,False,True,True,SANTA CLARA SUPERIOR COURT HALL OF JUSTICE,C,OTHER MOTOR VEHICLE,,0.0,0.0,CLEAR,, NO UNUSUAL CONDITIONS,, ,A,DAYLIGHT,37.292655,-121.871837,,,,,A,NO PEDESTRIANS INVOLVED,5/10/2023 5:20:00 PM,A,VC 22350,True,1.0,SR-87 N/B TO CURTNER AVENUE,,,5/17/2023 8:33:18 AM,A,S,829.0,CURTNER AVENUE,F,,D,5/17/2023 8:33:21 AM,5/17/2023 8:33:21 AM,False,True,4,,5/10/2023 5:30:00 PM,1730,False,,,True
2070814,9340-2023-02002,1,False,9340,5/8/2023 7:00:00 PM,1900.0,120,1368.0,4313.0,San Jose,43.0,True,True,E,HIT OBJECT,,Monday,NotApplicable,False,,,False,True,False,SANTA CLARA SUPERIOR COURT HALL OF JUSTICE,I,FIXED OBJECT,ASPHALT EMBANKMENT,1.0,0.0,CLEAR,, NO UNUSUAL CONDITIONS,, ,A,DAYLIGHT,37.371259,-121.92705,,,,,A,NO PEDESTRIANS INVOLVED,5/8/2023 7:00:00 PM,A,VC 22107,True,1.0,US-101 S/B TO SR-87 S/B,,,5/17/2023 8:31:05 AM,A,N,1405.0,AIRPORT PARKWAY,F,,D,5/17/2023 8:31:08 AM,5/17/2023 8:31:08 AM,False,True,4,,5/8/2023 7:10:00 PM,1910,False,,,True
2070764,9340-2023-01986,1,False,9340,5/7/2023 3:30:00 PM,1530.0,087,1368.0,4313.0,San Jose,43.0,True,True,B,SIDE SWIPE,,Sunday,NotApplicable,False,,,False,True,False,SANTA CLARA SUPERIOR COURT HALL OF JUSTICE,C,OTHER MOTOR VEHICLE,,1.0,0.0,CLEAR,, NO UNUSUAL CONDITIONS,, ,A,DAYLIGHT,37.322107,-121.89038,,,,,A,NO PEDESTRIANS INVOLVED,5/7/2023 3:30:00 PM,A,VC 21658(A),True,1.0,SR-87 N/B TO I-280 N/B,,,5/17/2023 7:50:03 AM,A,N,791.0,WEST VIRGINIA AVENUE,F,,D,5/17/2023 7:50:09 AM,5/17/2023 7:50:09 AM,False,True,4,,5/7/2023 3:40:00 PM,1540,False,,,True
2070754,9340-2023-01982,1,False,9340,5/7/2023 1:10:00 AM,110.0,281,1368.0,4313.0,San Jose,43.0,True,True,E,HIT OBJECT,,Sunday,Yes,False,,,False,True,False,SANTA CLARA SUPERIOR COURT HALL OF JUSTICE,I,FIXED OBJECT,CONCRETE BARRIER,1.0,0.0,CLEAR,, NO UNUSUAL CONDITIONS,, ,D,DARK-NO STREET LIGHTS,37.32419,-121.891702,,,,,A,NO PEDESTRIANS INVOLVED,5/7/2023 1:10:00 AM,A,VC 22107,False,1.0,I-280 N/B TO SR-87 S/B,,,5/17/2023 7:41:34 AM,A,N,1077.0,ALMADEN BLVD,F,,D,5/17/2023 7:41:37 AM,5/17/2023 7:41:37 AM,False,True,4,True,5/7/2023 1:16:00 AM,0116,False,,False,True
2070750,9340-2023-01971,1,False,9340,5/6/2023 4:52:00 PM,1652.0,088,1368.0,4313.0,San Jose,43.0,True,True,C,REAR END,,Saturday,NotApplicable,False,,,False,True,True,SANTA CLARA SUPERIOR COURT HALL OF JUSTICE,C,OTHER MOTOR VEHICLE,,1.0,0.0,CLOUDY,, NO UNUSUAL CONDITIONS,, ,A,DAYLIGHT,37.340703,-121.928358,,,,,A,NO PEDESTRIANS INVOLVED,5/6/2023 4:52:00 PM,A,VC 22350,False,1.0,I-880 N/B,,,5/17/2023 7:37:46 AM,A,S,951.0,THE ALAMEDA,F,,D,5/17/2023 7:37:50 AM,5/17/2023 7:37:50 AM,False,True,4,,5/6/2023 4:55:00 PM,1655,False,,,True
2070288,9340-2023-01927,1,False,9340,5/4/2023 7:45:00 AM,745.0,901,1368.0,4313.0,San Jose,43.0,True,True,C,REAR END,,Thursday,NotApplicable,False,,,False,False,True,SANTA CLARA SUPERIOR COURT HALL OF JUSTICE,C,OTHER MOTOR VEHICLE,,0.0,0.0,CLOUDY,, NO UNUSUAL CONDITIONS,, School Bus Collision,A,DAYLIGHT,37.320318,-121.80825,,,,,A,NO PEDESTRIANS INVOLVED,5/4/2023 7:45:00 AM,A,VC 22350,False,1.0,CAPITOL EXPY. S/B,,,5/16/2023 4:11:16 PM,A,N,90.0,EVERGREEN PL.,F,,A,5/16/2023 4:11:21 PM,5/16/2023 4:11:21 PM,False,False,4,,5/4/2023 8:00:00 AM,0800,False,,True,
2070222,9340-2023-02028,1,False,9340,5/10/2023 8:40:00 PM,2040.0,681,1368.0,4313.0,San Jose,43.0,True,True,C,REAR END,,Wednesday,NotApplicable,False,M,,False,True,False,SANTA CLARA SUPERIOR COURT HALL OF JUSTICE,C,OTHER MOTOR VEHICLE,,0.0,0.0,CLEAR,, NO UNUSUAL CONDITIONS,, ,C,DARK-STREET LIGHTS,37.35087,-121.8365,,,,,A,NO PEDESTRIANS INVOLVED,5/10/2023 8:40:00 PM,A,VC 22350,False,1.0,I-680 N/B TO JACKSON AVE ,,,5/16/2023 2:46:58 PM,A,W,45.0,JACKSON AVE,F,,A,5/16/2023 2:47:01 PM,5/16/2023 2:47:01 PM,False,True,4,,5/10/2023 9:00:00 PM,2100,False,,,True
2070195,9340-2023-02027,1,False,9340,5/10/2023 6:20:00 PM,1820.0,681,1368.0,4313.0,San Jose,43.0,True,True,C,REAR END,,Wednesday,NotApplicable,False,,,False,True,False,SANTA CLARA SUPERIOR COURT HALL OF JUSTICE,C,OTHER MOTOR VEHICLE,,0.0,0.0,CLEAR,, NO UNUSUAL CONDITIONS,, ,A,DAYLIGHT,37.40911,-121.87886,,,,,A,NO PEDESTRIANS INVOLVED,5/10/2023 6:20:00 PM,A,VC 22350,False,1.0,I-680 S/B,,,5/16/2023 2:25:16 PM,A,N,1325.0,CROPLEY AVE,F,,D,5/16/2023 2:25:18 PM,5/16/2023 2:25:18 PM,False,True,4,,5/10/2023 7:00:00 PM,1900,False,,,True
2070155,9340-2023-02029,1,False,9340,5/10/2023 4:00:00 PM,1600.0,087,1368.0,4313.0,San Jose,43.0,True,True,C,REAR END,,Wednesday,NotApplicable,False,,,False,True,False,SANTA CLARA SUPERIOR COURT HALL OF JUSTICE,C,OTHER MOTOR VEHICLE,,0.0,0.0,CLEAR,, NO UNUSUAL CONDITIONS,, ,A,DAYLIGHT,37.35922,-121.915193,,,,,A,NO PEDESTRIANS INVOLVED,5/10/2023 4:00:00 PM,A,VC 22350,True,1.0,SR-87 S/B,,,5/16/2023 1:45:40 PM,A,S,2133.0,SKYPORT DRIVE,F,,D,5/16/2023 1:45:44 PM,5/16/2023 1:45:44 PM,False,True,4,,5/10/2023 4:05:00 PM,1605,False,,,True
2070114,9340-2023-02010,1,False,9340,5/9/2023 4:45:00 PM,1645.0,120,1368.0,4313.0,San Jose,43.0,True,True,C,REAR END,,Tuesday,Yes,False,,,False,True,False,SANTA CLARA SUPERIOR COURT HALL OF JUSTICE,C,OTHER MOTOR VEHICLE,,3.0,0.0,CLEAR,, NO UNUSUAL CONDITIONS,, ,A,DAYLIGHT,37.37366,-121.92767,,,,,A,NO PEDESTRIANS INVOLVED,5/9/2023 4:45:00 PM,A,VC 22350,False,1.0,US-101 S/B,,,5/16/2023 12:54:36 PM,A,N,2400.0,BROKAW RD.,F,,D,5/16/2023 12:56:04 PM,5/16/2023 12:56:04 PM,False,True,4,,5/9/2023 4:54:00 PM,1654,False,,,True
2069958,9340-2023-01987,1,False,9340,5/7/2023 4:30:00 PM,1630.0,087,1368.0,4313.0,San Jose,43.0,True,True,C,REAR END,,Sunday,NotApplicable,False,,,False,True,False,SANTA CLARA SUPERIOR COURT HALL OF JUSTICE,C,OTHER MOTOR VEHICLE,,0.0,0.0,CLEAR,, NO UNUSUAL CONDITIONS,, ,A,DAYLIGHT,37.311391,-121.884142,,,,,A,NO PEDESTRIANS INVOLVED,5/7/2023 4:30:00 PM,A,VC 22350,True,1.0,SR-87 N/B,,,5/16/2023 10:20:34 AM,A,S,500.0,ALMA AVENUE,F,,D,5/16/2023 10:20:36 AM,5/16/2023 10:20:36 AM,False,True,4,,5/7/2023 4:40:00 PM,1640,False,,,True
2069949,9340-2023-01985,1,False,9340,5/7/2023 4:10:00 PM,1610.0,110,1368.0,4313.0,San Jose,43.0,True,True,C,REAR END,,Sunday,NotApplicable,False,,,False,True,False,SANTA CLARA SUPERIOR COURT HALL OF JUSTICE,C,OTHER MOTOR VEHICLE,,0.0,0.0,CLEAR,, NO UNUSUAL CONDITIONS,, ,A,DAYLIGHT,37.257371,-121.799251,,,,,A,NO PEDESTRIANS INVOLVED,5/7/2023 4:10:00 PM,A,VC 22350,False,1.0,US-101 S/B TO BLOSSOM HILL RD.,,,5/16/2023 10:14:12 AM,A,N,15.0,BLOSSOM HILL RD,F,,D,5/16/2023 10:14:14 AM,5/16/2023 10:14:14 AM,False,True,4,,5/7/2023 4:24:00 PM,1624,False,,,True
2069935,9340-2023-01994,1,False,9340,5/7/2023 4:00:00 PM,1600.0,120,1368.0,4313.0,San Jose,43.0,True,True,B,SIDE SWIPE,,Sunday,NotApplicable,False,,,False,True,False,SANTA CLARA SUPERIOR COURT HALL OF JUSTICE,C,OTHER MOTOR VEHICLE,,0.0,0.0,CLEAR,, NO UNUSUAL CONDITIONS,, ,A,DAYLIGHT,37.376388,-121.940194,,,,,A,NO PEDESTRIANS INVOLVED,5/7/2023 4:00:00 PM,A,VC 22107,False,1.0,US-101 S/B,,,5/16/2023 10:04:56 AM,A,S,416.0,TRIMBLE RD,F,,D,5/16/2023 10:04:58 AM,5/16/2023 10:04:58 AM,False,True,4,,5/7/2023 4:15:00 PM,1615,False,,,True
2069927,9340-2023-01984,1,False,9340,5/7/2023 3:45:00 PM,1545.0,282,1368.0,4313.0,San Jose,43.0,True,True,C,REAR END,,Sunday,NotApplicable,False,,,False,True,False,SANTA CLARA SUPERIOR COURT HALL OF JUSTICE,C,OTHER MOTOR VEHICLE,,0.0,0.0,CLEAR,, NO UNUSUAL CONDITIONS,, ,A,DAYLIGHT,37.31628,-121.959541,,,,,A,NO PEDESTRIANS INVOLVED,5/7/2023 3:45:00 PM,A,VC 22350,False,1.0,I-280 S/B,,,5/16/2023 9:58:52 AM,A,N,2685.0,WINCHESTER BLVD,F,,D,5/16/2023 9:58:54 AM,5/16/2023 9:58:54 AM,False,True,4,,5/7/2023 4:20:00 PM,1620,False,,,True
2069903,9340-2023-01983,1,False,9340,5/7/2023 10:28:00 AM,1028.0,282,1368.0,4313.0,San Jose,43.0,True,True,E,HIT OBJECT,,Sunday,NotApplicable,False,,,False,True,False,SANTA CLARA SUPERIOR COURT HALL OF JUSTICE,J,OTHER OBJECT,METAL DEBRIS,0.0,0.0,CLOUDY,, NO UNUSUAL CONDITIONS,, ,A,DAYLIGHT,37.316195,-121.970811,,,,,A,NO PEDESTRIANS INVOLVED,5/7/2023 10:28:00 AM,C,,,,I-280 S/B,,,5/16/2023 9:41:41 AM,A,S,1214.0,SARATOGA AVENUE,F,,D,5/16/2023 9:41:43 AM,5/16/2023 9:41:43 AM,False,True,4,,5/7/2023 10:40:00 AM,1040,True,EMBEDDED,,True
2069793,9340-2023-01993,1,False,9340,5/6/2023 10:40:00 PM,2240.0,089,1368.0,4313.0,San Jose,43.0,True,True,C,REAR END,,Saturday,NotApplicable,False,,,False,True,True,SANTA CLARA SUPERIOR COURT HALL OF JUSTICE,C,OTHER MOTOR VEHICLE,,1.0,0.0,CLEAR,, NO UNUSUAL CONDITIONS,, ,C,DARK-STREET LIGHTS,37.383074,-121.904803,,,,,A,NO PEDESTRIANS INVOLVED,5/6/2023 10:40:00 PM,A,VC 22350,False,1.0,I-880 S/B,,,5/16/2023 8:18:26 AM,A,N,250.0,BROKAW ROAD,F,,D,5/16/2023 8:18:29 AM,5/16/2023 8:18:29 AM,False,True,4,,5/6/2023 10:44:00 PM,2244,False,,,True
2069754,9340-2023-01946,1,False,9340,5/5/2023 5:20:00 PM,1720.0,083,1368.0,4313.0,San Jose,43.0,True,True,C,REAR END,,Friday,NotApplicable,False,,,False,True,False,SANTA CLARA SUPERIOR COURT HALL OF JUSTICE,C,OTHER MOTOR VEHICLE,,2.0,0.0,CLOUDY,, NO UNUSUAL CONDITIONS,, ,A,DAYLIGHT,37.25057,-121.898777,,,,,A,NO PEDESTRIANS INVOLVED,5/5/2023 5:20:00 PM,A,VC 22350,False,1.0,SR-85 S/B,,,5/16/2023 7:48:24 AM,A,N,1000.0,MERIDIAN AVE,F,,D,5/16/2023 7:48:34 AM,5/16/2023 7:48:34 AM,False,True,4,,5/5/2023 5:24:00 PM,1724,False,,,True
2069745,9340-2023-01925,1,False,9340,5/4/2023 11:17:00 AM,1117.0,087,1368.0,4313.0,San Jose,43.0,True,True,B,SIDE SWIPE,,Thursday,NotApplicable,False,M,,False,True,False,SANTA CLARA SUPERIOR COURT HALL OF JUSTICE,C,OTHER MOTOR VEHICLE,,0.0,0.0,CLOUDY,, NO UNUSUAL CONDITIONS,, ,A,DAYLIGHT,37.329075,-121.896444,,,,,A,NO PEDESTRIANS INVOLVED,5/4/2023 11:17:00 AM,A,VC 22107,False,1.0,SR-87 S/B TO PARK AVENUE,,,5/16/2023 7:44:24 AM,A,N,20.0,PARK AVE,F,,D,5/16/2023 7:44:30 AM,5/16/2023 7:44:30 AM,False,True,4,,5/4/2023 11:31:00 AM,1131,True,EMBEDDED,,True
2069421,9340-2023-01910,1,False,9340,5/3/2023 3:00:00 PM,1500.0,901,1368.0,4313.0,San Jose,43.0,True,True,B,SIDE SWIPE,,Wednesday,NotApplicable,False,,,False,False,False,SANTA CLARA SUPERIOR COURT HALL OF JUSTICE,C,OTHER MOTOR VEHICLE,,0.0,0.0,CLOUDY,, NO UNUSUAL CONDITIONS,, Courtesy Report,A,DAYLIGHT,37.317865,-121.832634,,,,,A,NO PEDESTRIANS INVOLVED,5/3/2023 3:00:00 PM,A,VC 22107,False,1.0,TULLY RD,,,5/15/2023 5:38:25 PM,A,,,US-101 S/B,,,A,5/15/2023 5:38:47 PM,5/15/2023 5:38:47 PM,False,False,4,,5/3/2023 3:05:00 PM,1505,False,,,True
2069344,9340-2023-01995,1,False,9340,5/7/2023 2:20:00 AM,220.0,681,1368.0,4313.0,San Jose,43.0,True,True,E,HIT OBJECT,,Sunday,Yes,False,,,False,True,True,SANTA CLARA SUPERIOR COURT HALL OF JUSTICE,I,FIXED OBJECT,CENTER DIVIDER WALL,1.0,0.0,CLEAR,, NO UNUSUAL CONDITIONS,, ,C,DARK-STREET LIGHTS,37.347793,-121.840787,,,,,A,NO PEDESTRIANS INVOLVED,5/7/2023 2:20:00 AM,A,VC 23152(a),True,1.0,I-680 N/B,,,5/15/2023 3:36:45 PM,A,S,0.33,JACKSON AVE,M,,D,5/15/2023 3:36:51 PM,5/15/2023 3:36:51 PM,False,True,4,,5/7/2023 2:24:00 AM,0224,True,EMBEDDED,True,
2069189,9340-2023-01916,1,False,9340,5/3/2023 6:20:00 PM,1820.0,087,1368.0,4313.0,San Jose,43.0,True,True,C,REAR END,,Wednesday,NotApplicable,False,M,,False,True,False,SANTA CLARA SUPERIOR COURT HALL OF JUSTICE,E,PARKED MOTOR VEHICLE,,0.0,0.0,CLEAR,, NO UNUSUAL CONDITIONS,, ,A,DAYLIGHT,37.338984,-121.898412,,,,,A,NO PEDESTRIANS INVOLVED,5/3/2023 6:20:00 PM,A,VC 22350,False,1.0,SR-87 N/B ,,,5/15/2023 1:21:43 PM,A,N,600.0,JULIAN STREET,F,,D,5/15/2023 1:21:49 PM,5/15/2023 1:21:49 PM,False,True,4,,5/3/2023 6:25:00 PM,1825,False,,,True
2069167,9340-2023-01969,1,False,9340,5/6/2023 3:10:00 PM,1510.0,089,1368.0,4313.0,San Jose,43.0,True,True,C,REAR END,,Saturday,NotApplicable,False,,,False,True,True,SANTA CLARA SUPERIOR COURT HALL OF JUSTICE,C,OTHER MOTOR VEHICLE,,0.0,0.0,CLOUDY,, NO UNUSUAL CONDITIONS,, ,A,DAYLIGHT,37.406256,-121.910242,,,,,A,NO PEDESTRIANS INVOLVED,5/6/2023 3:10:00 PM,A,VC 22350,False,1.0,I-880 S/B,,,5/15/2023 1:02:35 PM,B,N,1711.0,MONTAGUE EXPRESSWAY,F,,D,5/15/2023 1:02:39 PM,5/15/2023 1:02:39 PM,False,True,4,,5/6/2023 3:18:00 PM,1518,False,,,True
2069085,9340-2023-01956,1,False,9340,5/6/2023 12:00:00 AM,1705.0,282,1368.0,4313.0,San Jose,43.0,True,True,C,REAR END,,Saturday,NotApplicable,False,,,False,True,False,SANTA CLARA SUPERIOR COURT HALL OF JUSTICE,C,OTHER MOTOR VEHICLE,,0.0,0.0,CLOUDY,, NO UNUSUAL CONDITIONS,, ,A,DAYLIGHT,37.31721,-121.940794,,,,,A,NO PEDESTRIANS INVOLVED,5/6/2023 12:00:00 AM,A,VC 22350,False,1.0,I-280 S/B,,,5/15/2023 11:49:59 AM,B,N,35.0,SR-17,F,,D,5/15/2023 11:50:01 AM,5/15/2023 11:50:01 AM,False,True,4,,5/6/2023 12:00:00 AM,1734,False,,,True
2069057,9340-2023-01963,1,False,9340,5/5/2023 9:50:00 PM,2150.0,681,1368.0,4313.0,San Jose,43.0,True,True,B,SIDE SWIPE,,Friday,NotApplicable,False,M,,False,True,False,SANTA CLARA SUPERIOR COURT HALL OF JUSTICE,C,OTHER MOTOR VEHICLE,,0.0,0.0,RAINING,, NO UNUSUAL CONDITIONS,, ,D,DARK-NO STREET LIGHTS,37.34982,-121.83859,,,,,A,NO PEDESTRIANS INVOLVED,5/5/2023 9:50:00 PM,A,VC 22107,False,1.0,I-680 N/B,,,5/15/2023 11:30:04 AM,B,S,326.0,JACKSON AVE,F,,D,5/15/2023 11:30:21 AM,5/15/2023 11:30:21 AM,False,True,4,,5/5/2023 10:20:00 PM,2220,False,,,True