Collision Id,	Report Number,	Report Version,	Is Preliminary,	NCIC Code,Crash Date Time,	Crash Time Description,	Beat,City Id,	City Code,	City Name,County Code,	City Is Active,	City Is Incorporated,	Collision Type Code,Collision Type Description,	Collision Type Other Desc,	Day Of Week,	DispatchNotified,	HasPhotographs,	HitRun,	IsAttachmentsMailed,	IsDeleted,	IsHighwayRelated,	IsTowAway,	JudicialDistrict,	MotorVehicleInvolvedWithCode,	MotorVehicleInvolvedWithDesc,MotorVehicleInvolvedWithOtherDesc,	NumberInjured,	NumberKilled,Weather 1, Weather 2, Road Condition 1, Road Condition 2, Special Condition,LightingCode, LightingDescription,Latitude,Longitude,MilepostDirection,MilepostDistance,MilepostMarker,MilepostUnitOfMeasure,	PedestrianActionCode,PedestrianActionDesc,PreparedDate,	Primary Collision Factor Code,Primary Collision Factor Violation,PrimaryCollisionFactorIsCited,	PrimaryCollisionPartyNumber,	PrimaryRoad,	ReportingDistrict,	ReportingDistrictCode,ReviewedDate,	RoadwaySurfaceCode,SecondaryDirection,	SecondaryDistance,	SecondaryRoad,	SecondaryUnitOfMeasure,	SketchDesc,	TrafficControlDeviceCode,CreatedDate,	ModifiedDate,IsCountyRoad,IsFreeway,CHP555Version,	IsAdditonalObjectStruck,NotificationDate,	NotificationTimeDescription,	HasDigitalMediaFiles,	EvidenceNumber,	IsLocationReferToNarrative,	IsAOIOneSameAsLocation
2077251,9340-2023-02082,1,False,9340,5/14/2023 12:35:00 PM,1235.0,088,1368.0,4313.0,San Jose,43.0,True,True,C,REAR END,,Sunday,NotApplicable,False,,,False,True,False,SANTA CLARA SUPERIOR COURT HALL OF JUSTICE,C,OTHER MOTOR VEHICLE,,0.0,0.0,CLEAR,, NO UNUSUAL CONDITIONS,, ,A,DAYLIGHT,37.324558,-121.94092,,,,,A,NO PEDESTRIANS INVOLVED,5/14/2023 12:35:00 PM,A,VC 22350,False,1.0,I-880 S/B,,,5/25/2023 8:38:10 AM,A,N,434.0,STEVENS CREEK BLVD,F,,D,5/25/2023 8:38:13 AM,5/25/2023 8:38:13 AM,False,True,4,,5/14/2023 12:45:00 PM,1245,False,,,True
2077248,9340-2023-02087,1,False,9340,5/15/2023 3:20:00 AM,320.0,089,1368.0,4313.0,San Jose,43.0,True,True,F,OVERTURNED,,Monday,NotApplicable,False,,,False,True,False,SANTA CLARA SUPERIOR COURT HALL OF JUSTICE,A,NON-COLLISION,,0.0,0.0,CLEAR,, NO UNUSUAL CONDITIONS,, ,D,DARK-NO STREET LIGHTS,37.364233,-121.902742,,,,,A,NO PEDESTRIANS INVOLVED,5/15/2023 3:20:00 AM,A,VC 22350,False,1.0,I-880 S/B TO US-101 S/B,,,5/25/2023 8:36:57 AM,A,N,140.0,I-880,F,,D,5/25/2023 8:36:59 AM,5/25/2023 8:36:59 AM,False,True,4,,5/15/2023 3:23:00 AM,0323,False,,,True
2077247,9340-2023-02080,1,False,9340,5/14/2023 8:55:00 AM,855.0,089,1368.0,4313.0,San Jose,43.0,True,True,C,REAR END,,Sunday,NotApplicable,False,M,,False,True,False,SANTA CLARA SUPERIOR COURT HALL OF JUSTICE,C,OTHER MOTOR VEHICLE,,0.0,0.0,CLEAR,, NO UNUSUAL CONDITIONS,, ,A,DAYLIGHT,37.426444,-121.916974,,,,,A,NO PEDESTRIANS INVOLVED,5/14/2023 8:55:00 AM,A,VC 22350,False,1.0,I-880 S/B,,,5/25/2023 8:36:17 AM,A,N,247.0,SR-237 W/B,F,,D,5/25/2023 8:36:19 AM,5/25/2023 8:36:19 AM,False,True,4,,5/14/2023 9:00:00 AM,0900,False,,,True
2077242,9340-2023-02086,1,False,9340,5/14/2023 3:03:00 AM,303.0,083,1368.0,4313.0,San Jose,43.0,True,True,E,HIT OBJECT,,Sunday,Yes,False,,,False,True,True,SANTA CLARA SUPERIOR COURT HALL OF JUSTICE,I,FIXED OBJECT,CONCRETE BARRIER,4.0,0.0,CLEAR,, NO UNUSUAL CONDITIONS,, ,D,DARK-NO STREET LIGHTS,37.248478,-121.831995,,,,,A,NO PEDESTRIANS INVOLVED,5/14/2023 3:03:00 AM,A,VC 22107,False,1.0,SR-85 N/B,,,5/25/2023 8:30:50 AM,A,S,1550.0,BLOSSOM HILL RD,F,,D,5/25/2023 8:30:51 AM,5/25/2023 8:30:51 AM,False,True,4,,5/14/2023 3:05:00 AM,0305,False,,,True
2077229,9340-2023-02077,1,False,9340,5/14/2023 5:15:00 AM,515.0,087,1368.0,4313.0,San Jose,43.0,True,True,C,REAR END,,Sunday,Yes,False,,,False,True,False,SANTA CLARA SUPERIOR COURT HALL OF JUSTICE,C,OTHER MOTOR VEHICLE,,0.0,0.0,CLEAR,, NO UNUSUAL CONDITIONS,, ,C,DARK-STREET LIGHTS,37.363881,-121.918096,,,,,A,NO PEDESTRIANS INVOLVED,5/14/2023 5:15:00 AM,A,VC 23152(a),True,1.0,SR-87 N/B TO SKYPORT DRIVE,,,5/25/2023 8:21:15 AM,A,S,200.0,SKYPORT DRIVE,F,,D,5/25/2023 8:21:17 AM,5/25/2023 8:21:17 AM,False,True,4,,5/14/2023 5:20:00 AM,0520,False,,,True
2077221,9340-2023-02062,1,False,9340,5/13/2023 6:20:00 AM,620.0,083,1368.0,4313.0,San Jose,43.0,True,True,F,OVERTURNED,,Saturday,NotApplicable,False,,,False,True,False,SANTA CLARA SUPERIOR COURT HALL OF JUSTICE,I,FIXED OBJECT,DIRT EMBANKMENT,0.0,0.0,CLEAR,, NO UNUSUAL CONDITIONS,, ,B,DUSK-DAWN,37.254737,-121.877393,,,,,A,NO PEDESTRIANS INVOLVED,5/13/2023 6:20:00 AM,A,VC 22350,False,1.0,SR-85 S/B TO ALMADEN EXPRESSWAY,,,5/25/2023 8:17:06 AM,A,N,412.0,ALMADEN EXPRESSWAY,F,,D,5/25/2023 8:17:09 AM,5/25/2023 8:17:09 AM,False,True,4,,5/13/2023 6:21:00 AM,0621,True,EMBEDDED,,True
2077215,9340-2023-02071,1,False,9340,5/13/2023 7:20:00 PM,1920.0,083,1368.0,4313.0,San Jose,43.0,True,True,D,BROADSIDE,,Saturday,Yes,False,,,False,True,True,SANTA CLARA SUPERIOR COURT HALL OF JUSTICE,C,OTHER MOTOR VEHICLE,,1.0,0.0,CLEAR,, NO UNUSUAL CONDITIONS,, ,A,DAYLIGHT,37.25521,-121.85227,,,,,A,NO PEDESTRIANS INVOLVED,5/13/2023 7:20:00 PM,A,VC 22107,False,1.0,SR-87 S/B TO SR-85 S/B,,,5/25/2023 8:15:22 AM,A,S,1880.0,SANTA TERESA BLVD,F,,D,5/25/2023 8:15:24 AM,5/25/2023 8:15:24 AM,False,True,4,True,5/13/2023 7:25:00 PM,1925,False,,,True
2077211,9340-2023-02072,1,False,9340,5/13/2023 6:20:00 PM,1820.0,281,1368.0,4313.0,San Jose,43.0,True,True,C,REAR END,,Saturday,NotApplicable,False,,,False,True,False,SANTA CLARA SUPERIOR COURT HALL OF JUSTICE,C,OTHER MOTOR VEHICLE,,0.0,0.0,CLEAR,, NO UNUSUAL CONDITIONS,, ,A,DAYLIGHT,37.316675,-121.919819,,,,,A,NO PEDESTRIANS INVOLVED,5/13/2023 6:20:00 PM,A,VC 22350,False,1.0,I-280 S/B,,,5/25/2023 8:12:22 AM,A,S,1125.0,LEIGH AVE,F,,D,5/25/2023 8:12:25 AM,5/25/2023 8:12:25 AM,False,True,4,,5/13/2023 6:45:00 PM,1845,False,,,True
2077210,9340-2023-02070,1,False,9340,5/13/2023 6:05:00 PM,1805.0,281,1368.0,4313.0,San Jose,43.0,True,True,B,SIDE SWIPE,,Saturday,NotApplicable,False,M,,False,True,False,SANTA CLARA SUPERIOR COURT HALL OF JUSTICE,C,OTHER MOTOR VEHICLE,,0.0,0.0,CLEAR,, NO UNUSUAL CONDITIONS,, ,A,DAYLIGHT,37.324966,-121.887615,,,,,A,NO PEDESTRIANS INVOLVED,5/13/2023 6:05:00 PM,A,VC 22107,False,1.0,I-280 N/B,,,5/25/2023 8:11:08 AM,A,S,1317.0,SR-87,F,,D,5/25/2023 8:11:16 AM,5/25/2023 8:11:16 AM,False,True,4,,5/13/2023 6:18:00 PM,1818,False,,,True
2077201,9340-2023-02069,3,False,9340,5/13/2023 3:25:00 PM,1525.0,120,1368.0,4313.0,San Jose,43.0,True,True,C,REAR END,,Saturday,Yes,False,,,False,True,True,SANTA CLARA SUPERIOR COURT HALL OF JUSTICE,C,OTHER MOTOR VEHICLE,,3.0,0.0,CLEAR,, NO UNUSUAL CONDITIONS,, ,A,DAYLIGHT,37.363218,-121.891941,,,,,A,NO PEDESTRIANS INVOLVED,5/13/2023 3:25:00 PM,A,VC 22107,True,1.0,US-101 N/B,,,10/6/2023 1:08:15 PM,A,N,75.0,OLD OAKLAND RD.,F,,D,5/25/2023 7:58:10 AM,10/6/2023 1:08:22 PM,False,True,4,,5/13/2023 3:37:00 PM,1537,False,,,True
2077197,9340-2023-02068,1,False,9340,5/13/2023 12:53:00 PM,1253.0,083,1368.0,4313.0,San Jose,43.0,True,True,C,REAR END,,Saturday,Yes,False,,,False,True,True,SANTA CLARA SUPERIOR COURT HALL OF JUSTICE,C,OTHER MOTOR VEHICLE,,6.0,0.0,CLEAR,, NO UNUSUAL CONDITIONS,, ,A,DAYLIGHT,37.256142,-121.87036,,,,,A,NO PEDESTRIANS INVOLVED,5/13/2023 12:53:00 PM,A,VC 22350,False,3.0,SR-85 N/B,,,5/25/2023 7:55:27 AM,A,S,88.0,CHERRY AVENUE,F,,D,5/25/2023 7:55:31 AM,5/25/2023 7:55:31 AM,False,True,4,,5/13/2023 12:57:00 PM,1257,True,EMBEDDED,,True
2077196,9340-2023-02066,1,False,9340,5/13/2023 10:40:00 AM,1040.0,281,1368.0,4313.0,San Jose,43.0,True,True,C,REAR END,,Saturday,NotApplicable,False,,,False,False,False,SANTA CLARA SUPERIOR COURT HALL OF JUSTICE,C,OTHER MOTOR VEHICLE,,0.0,0.0,CLEAR,, NO UNUSUAL CONDITIONS,, ,A,DAYLIGHT,37.3187,-121.90264,,,,,A,NO PEDESTRIANS INVOLVED,5/13/2023 10:40:00 AM,A,VC 22350,False,1.0,I-280 N/B,,,5/25/2023 7:54:31 AM,A,N,1000.0,BIRD AVE,F,,D,5/25/2023 7:54:40 AM,5/25/2023 7:54:40 AM,False,False,4,,5/13/2023 10:51:00 AM,1051,False,,,True
2077194,9340-2023-02064,1,False,9340,5/13/2023 9:50:00 AM,950.0,120,1368.0,4313.0,San Jose,43.0,True,True,C,REAR END,,Saturday,NotApplicable,False,,,False,True,True,SANTA CLARA SUPERIOR COURT HALL OF JUSTICE,C,OTHER MOTOR VEHICLE,,0.0,0.0,CLEAR,, NO UNUSUAL CONDITIONS,, ,A,DAYLIGHT,37.36373,-121.89761,,,,,A,NO PEDESTRIANS INVOLVED,5/13/2023 9:50:00 AM,A,VC 22350,False,1.0,US-101 N/B,,,5/25/2023 7:53:15 AM,A,S,1105.0,I-880,F,,D,5/25/2023 7:53:21 AM,5/25/2023 7:53:21 AM,False,True,4,,5/13/2023 9:53:00 AM,0953,False,,,True
2077190,9340-2023-02063,1,False,9340,5/13/2023 6:05:00 AM,605.0,110,1368.0,4313.0,San Jose,43.0,True,True,C,REAR END,,Saturday,Yes,False,,,False,True,False,SANTA CLARA SUPERIOR COURT HALL OF JUSTICE,C,OTHER MOTOR VEHICLE,,1.0,0.0,CLEAR,, NO UNUSUAL CONDITIONS,, ,A,DAYLIGHT,37.31983,-121.832325,,,,,A,NO PEDESTRIANS INVOLVED,5/13/2023 6:05:00 AM,A,VC 22350,False,1.0,US-101 NB FROM TULLY RD,,,5/25/2023 7:50:08 AM,A,N,525.0,TULLY RD,F,,A,5/25/2023 7:50:15 AM,5/25/2023 7:50:15 AM,False,True,4,,5/13/2023 6:35:00 AM,0635,True,AREA PHOTO FILE,,True
2077179,9340-2023-02059,1,False,9340,5/13/2023 12:50:00 AM,50.0,088,1368.0,4313.0,San Jose,43.0,True,True,E,HIT OBJECT,,Saturday,Yes,False,,,False,True,True,SANTA CLARA SUPERIOR COURT HALL OF JUSTICE,I,FIXED OBJECT,CONCRETE BARRIER,1.0,0.0,CLEAR,, NO UNUSUAL CONDITIONS,, ,D,DARK-NO STREET LIGHTS,37.357951,-121.907579,,,,,A,NO PEDESTRIANS INVOLVED,5/13/2023 12:50:00 AM,A,VC 23152(a),True,1.0,I-880 S/B ,,,5/25/2023 7:41:09 AM,A,S,350.0,N FIRST STREET,F,,D,5/25/2023 7:41:10 AM,5/25/2023 7:41:10 AM,False,True,4,,5/13/2023 12:57:00 AM,0057,False,,,True
2077165,9340-2023-02057,1,False,9340,5/13/2023 12:30:00 AM,30.0,087,1368.0,4313.0,San Jose,43.0,True,True,C,REAR END,,Saturday,NotApplicable,False,M,,False,True,True,SANTA CLARA SUPERIOR COURT HALL OF JUSTICE,C,OTHER MOTOR VEHICLE,,1.0,0.0,CLEAR,, NO UNUSUAL CONDITIONS,, ,D,DARK-NO STREET LIGHTS,37.285409,-121.868078,,,,,A,NO PEDESTRIANS INVOLVED,5/13/2023 12:30:00 AM,A,VC 22350,False,2.0,SR-87 N/B,,,5/25/2023 7:30:12 AM,A,S,3590.0,CURTNER AVE,F,,D,5/25/2023 7:30:15 AM,5/25/2023 7:30:15 AM,False,True,4,True,5/13/2023 12:36:00 AM,0036,True,EMBEDDED,,True
2076791,9340-2023-02056,1,False,9340,5/12/2023 10:20:00 PM,2220.0,610,1368.0,4313.0,San Jose,43.0,True,True,C,REAR END,,Friday,NotApplicable,False,F,,False,True,False,SANTA CLARA SUPERIOR COURT HALL OF JUSTICE,C,OTHER MOTOR VEHICLE,,0.0,0.0,CLEAR,, NO UNUSUAL CONDITIONS,, ,D,DARK-NO STREET LIGHTS,37.393195,-121.872197,,,,,A,NO PEDESTRIANS INVOLVED,5/12/2023 10:20:00 PM,A,VC 22350,False,1.0,I-680 N/B,,,5/24/2023 6:20:11 PM,A,S,835.0,HOSTETTER RD,F,,D,5/24/2023 6:20:30 PM,5/24/2023 6:20:30 PM,False,True,4,,5/12/2023 10:45:00 PM,2245,False,,,True
2076790,9340-2023-02055,1,False,9340,5/12/2023 8:47:00 PM,2047.0,089,1368.0,4313.0,San Jose,43.0,True,True,C,REAR END,,Friday,NotApplicable,False,,,False,True,True,SANTA CLARA SUPERIOR COURT HALL OF JUSTICE,C,OTHER MOTOR VEHICLE,,1.0,0.0,CLEAR,, NO UNUSUAL CONDITIONS,, ,D,DARK-NO STREET LIGHTS,37.447565,-121.921766,,,,,A,NO PEDESTRIANS INVOLVED,5/12/2023 8:47:00 PM,A,VC 22350,False,1.0,I-880 S/B,,,5/24/2023 6:15:50 PM,A,S,2455.0,DIXON LANDING RD,F,,D,5/24/2023 6:16:17 PM,5/24/2023 6:16:17 PM,False,True,4,,5/12/2023 8:48:00 PM,2048,False,,,True
2076788,9340-2023-02054,1,False,9340,5/12/2023 8:46:00 PM,2046.0,089,1368.0,4313.0,San Jose,43.0,True,True,C,REAR END,,Friday,NotApplicable,False,,,False,True,True,SANTA CLARA SUPERIOR COURT HALL OF JUSTICE,C,OTHER MOTOR VEHICLE,,0.0,0.0,CLEAR,, NO UNUSUAL CONDITIONS,, ,D,DARK-NO STREET LIGHTS,37.447474,-121.921706,,,,,A,NO PEDESTRIANS INVOLVED,5/12/2023 8:46:00 PM,A,VC 22350,False,1.0,I-880 S/B,,,5/24/2023 6:12:24 PM,A,S,2490.0,DIXON LANDING RD,F,,D,5/24/2023 6:12:57 PM,5/24/2023 6:12:57 PM,False,True,4,,5/12/2023 8:47:00 PM,2047,False,,,True
2076787,9340-2023-02051,1,False,9340,5/12/2023 6:00:00 PM,1800.0,110,1368.0,4313.0,San Jose,43.0,True,True,B,SIDE SWIPE,,Friday,NotApplicable,False,M,,False,True,False,SANTA CLARA SUPERIOR COURT HALL OF JUSTICE,C,OTHER MOTOR VEHICLE,,0.0,0.0,CLEAR,, NO UNUSUAL CONDITIONS,, ,A,DAYLIGHT,37.36254,-121.887669,,,,,A,NO PEDESTRIANS INVOLVED,5/12/2023 6:00:00 PM,A,VC 21658(A),False,1.0,US-101 S/B,,,5/24/2023 5:58:50 PM,A,N,467.0,HEDDING ST,F,,D,5/24/2023 6:00:32 PM,5/24/2023 6:00:32 PM,False,True,4,,5/12/2023 6:02:00 PM,1802,False,,,True
2076786,9340-2023-02050,1,False,9340,5/12/2023 5:05:00 PM,1705.0,240,1368.0,4313.0,San Jose,43.0,True,True,E,HIT OBJECT,,Friday,Yes,False,,,False,True,True,SANTA CLARA SUPERIOR COURT HALL OF JUSTICE,I,FIXED OBJECT,BUSH,1.0,0.0,CLEAR,, NO UNUSUAL CONDITIONS,, ,A,DAYLIGHT,37.420551,-121.937848,,,,,A,NO PEDESTRIANS INVOLVED,5/12/2023 5:05:00 PM,A,VC 23152(a),True,1.0,SR-237 E/B,,,5/24/2023 5:55:53 PM,A,E,538.0,ZANKER RD,F,,D,5/24/2023 5:56:10 PM,5/24/2023 5:56:10 PM,False,True,4,,5/12/2023 5:24:00 PM,1724,False,,True,
2076785,9340-2023-02047,1,False,9340,5/12/2023 12:55:00 PM,1255.0,281,1368.0,4313.0,San Jose,43.0,True,True,B,SIDE SWIPE,,Friday,NotApplicable,False,,,False,True,False,SANTA CLARA SUPERIOR COURT HALL OF JUSTICE,C,OTHER MOTOR VEHICLE,,0.0,0.0,CLEAR,, NO UNUSUAL CONDITIONS,, ,A,DAYLIGHT,37.32518,-121.886405,,,,,A,NO PEDESTRIANS INVOLVED,5/12/2023 12:55:00 PM,A,VC 21658(A),False,1.0,I-280 N/B,,,5/24/2023 5:52:26 PM,A,S,1628.0,SR-87 N/B,F,,D,5/24/2023 5:52:56 PM,5/24/2023 5:52:56 PM,False,True,4,,5/12/2023 1:05:00 PM,1305,True,EMBEDDED,,True
2076783,9340-2023-02045,1,False,9340,5/12/2023 7:20:00 AM,720.0,282,1368.0,4313.0,San Jose,43.0,True,True,B,SIDE SWIPE,,Friday,NotApplicable,False,,,False,True,False,SANTA CLARA SUPERIOR COURT HALL OF JUSTICE,C,OTHER MOTOR VEHICLE,,0.0,0.0,CLEAR,, NO UNUSUAL CONDITIONS,, ,A,DAYLIGHT,37.317183,-121.944945,,,,,A,NO PEDESTRIANS INVOLVED,5/12/2023 7:20:00 AM,A,VC 21750(a),True,1.0,I-280 N/B,,,5/24/2023 5:38:28 PM,A,N,970.0,I-880 S/B,F,,D,5/24/2023 5:39:06 PM,5/24/2023 5:39:06 PM,False,True,4,,5/12/2023 7:29:00 AM,0729,True,EMBEDDED,,True
2098066,9340-2023-02530,1,False,9340,6/13/2023 7:45:00 AM,745.0,172,1368.0,4313.0,San Jose,43.0,True,True,C,REAR END,,Tuesday,NotApplicable,False,,,False,True,False,SANTA CLARA SUPERIOR COURT HALL OF JUSTICE,C,OTHER MOTOR VEHICLE,,1.0,0.0,CLEAR,, NO UNUSUAL CONDITIONS,, ,A,DAYLIGHT,37.296497,-121.93943,,,,,A,NO PEDESTRIANS INVOLVED,6/13/2023 7:45:00 AM,A,VC 22350,False,1.0,SR-17 N/B,,,6/20/2023 1:14:16 PM,A,N,800.0,HAMILTON AVE,F,,D,6/20/2023 1:14:18 PM,6/20/2023 1:14:18 PM,False,True,4,,6/13/2023 7:50:00 AM,0750,True,EMBEDDED,,True
2098009,9340-2023-02550,1,False,9340,6/14/2023 6:10:00 PM,1810.0,281,1368.0,4313.0,San Jose,43.0,True,True,C,REAR END,,Wednesday,NotApplicable,False,,,False,True,False,SANTA CLARA SUPERIOR COURT HALL OF JUSTICE,C,OTHER MOTOR VEHICLE,,0.0,0.0,CLEAR,, NO UNUSUAL CONDITIONS,, ,A,DAYLIGHT,37.327526,-121.877716,,,,,A,NO PEDESTRIANS INVOLVED,6/14/2023 6:10:00 PM,A,VC 22350,False,1.0,I-280 S/B,,,6/20/2023 12:11:33 PM,A,N,575.0,7TH STREET,F,,D,6/20/2023 12:11:35 PM,6/20/2023 12:11:35 PM,False,True,4,,6/14/2023 6:40:00 PM,1840,False,,,True
2097980,9340-2023-02514,1,False,9340,6/11/2023 11:50:00 PM,2350.0,281,1368.0,4313.0,San Jose,43.0,True,True,B,SIDE SWIPE,,Sunday,NotApplicable,False,M,,False,True,False,SANTA CLARA SUPERIOR COURT HALL OF JUSTICE,C,OTHER MOTOR VEHICLE,,0.0,0.0,CLEAR,, NO UNUSUAL CONDITIONS,, ,C,DARK-STREET LIGHTS,37.333249,-121.862539,,,,,A,NO PEDESTRIANS INVOLVED,6/11/2023 11:50:00 PM,A,VC 22107,False,1.0,I-280 N/B,,,6/20/2023 11:53:26 AM,A,N,0.27,MCLAUGHLIN AVE,M,,D,6/20/2023 11:53:28 AM,6/20/2023 11:53:28 AM,False,True,4,,6/11/2023 11:55:00 PM,2355,False,,,True
2097976,9340-2023-02505,1,False,9340,6/11/2023 11:40:00 AM,1140.0,083,1368.0,4313.0,San Jose,43.0,True,True,C,REAR END,,Sunday,NotApplicable,False,M,,False,True,False,SANTA CLARA SUPERIOR COURT HALL OF JUSTICE,C,OTHER MOTOR VEHICLE,,0.0,0.0,CLEAR,, NO UNUSUAL CONDITIONS,, ,A,DAYLIGHT,37.25703,-121.875028,,,,,A,NO PEDESTRIANS INVOLVED,6/11/2023 11:40:00 AM,A,VC 22350,False,1.0,SR-85 NB TO ALMADEN EXPY,,,6/20/2023 11:46:33 AM,A,S,230.0,ALMADEN EXPY,F,,A,6/20/2023 11:46:35 AM,6/20/2023 11:46:35 AM,False,True,4,,6/11/2023 11:45:00 AM,1145,True,EMBEDDED,False,True
2097972,9340-2023-02506,1,False,9340,6/11/2023 10:55:00 AM,1055.0,282,1368.0,4313.0,San Jose,43.0,True,True,C,REAR END,,Sunday,NotApplicable,False,,,False,True,False,SANTA CLARA SUPERIOR COURT HALL OF JUSTICE,C,OTHER MOTOR VEHICLE,,0.0,0.0,CLEAR,, NO UNUSUAL CONDITIONS,, ,A,DAYLIGHT,37.320751,-121.995246,,,,,A,NO PEDESTRIANS INVOLVED,6/11/2023 10:55:00 AM,A,VC 22350,False,1.0,I-280 N/B,,,6/20/2023 11:43:34 AM,A,S,200.0,LAWRENCE EXPY,F,,D,6/20/2023 11:43:35 AM,6/20/2023 11:43:35 AM,False,True,4,,6/11/2023 11:05:00 AM,1105,False,,False,True
2097969,9340-2023-02504,1,False,9340,6/11/2023 10:54:00 AM,1054.0,282,1368.0,4313.0,San Jose,43.0,True,True,C,REAR END,,Sunday,NotApplicable,False,,,False,True,True,SANTA CLARA SUPERIOR COURT HALL OF JUSTICE,C,OTHER MOTOR VEHICLE,,1.0,0.0,CLEAR,, OBSTRUCTION ON ROADWAY*,, ,A,DAYLIGHT,37.322159,-121.997747,,,,,A,NO PEDESTRIANS INVOLVED,6/11/2023 10:54:00 AM,A,VC 22350,False,2.0,I-280 N/B,,,6/20/2023 11:41:13 AM,A,N,664.0,LAWRENCE EXPRESSWAY,F,,D,6/20/2023 11:41:15 AM,6/20/2023 11:41:15 AM,False,True,4,,6/11/2023 10:59:00 AM,1059,True,EMBEDDED,,True
2097963,9340-2023-02501,1,False,9340,6/10/2023 10:15:00 AM,1015.0,088,1368.0,4313.0,San Jose,43.0,True,True,C,REAR END,,Saturday,NotApplicable,False,M,,False,True,False,SANTA CLARA SUPERIOR COURT HALL OF JUSTICE,C,OTHER MOTOR VEHICLE,,0.0,0.0,CLEAR,, NO UNUSUAL CONDITIONS,, ,A,DAYLIGHT,37.336092,-121.934363,,,,,A,NO PEDESTRIANS INVOLVED,6/10/2023 10:15:00 AM,A,VC 22350,False,1.0,I-880 S/B,,,6/20/2023 11:37:42 AM,A,N,799.0,BASCOM AVE.,F,,D,6/20/2023 11:37:46 AM,6/20/2023 11:37:46 AM,False,True,4,,6/10/2023 3:54:00 PM,1554,False,,,True
2097905,9340-2023-02507,1,False,9340,6/11/2023 4:09:00 PM,1609.0,281,1368.0,4313.0,San Jose,43.0,True,True,B,SIDE SWIPE,,Sunday,NotApplicable,False,,,False,True,False,SANTA CLARA SUPERIOR COURT HALL OF JUSTICE,C,OTHER MOTOR VEHICLE,,0.0,0.0,CLEAR,, NO UNUSUAL CONDITIONS,, ,A,DAYLIGHT,37.32379,-121.894231,,,,,A,NO PEDESTRIANS INVOLVED,6/11/2023 4:09:00 PM,A,VC 22107,False,1.0,I-280 N/B TO BIRD AVE,,,6/20/2023 10:53:18 AM,A,N,455.0,SR-87,F,,D,6/20/2023 10:53:20 AM,6/20/2023 10:53:20 AM,False,True,4,,6/11/2023 4:20:00 PM,1620,False,,,True
2097885,9340-2023-02498,1,False,9340,6/10/2023 6:50:00 PM,1850.0,281,1368.0,4313.0,San Jose,43.0,True,True,E,HIT OBJECT,,Saturday,NotApplicable,False,,,False,True,False,SANTA CLARA SUPERIOR COURT HALL OF JUSTICE,J,OTHER OBJECT,UNKNOWN DEBRIS,0.0,0.0,CLEAR,, NO UNUSUAL CONDITIONS,, ,A,DAYLIGHT,37.31727,-121.936678,,,,,A,NO PEDESTRIANS INVOLVED,6/10/2023 6:50:00 PM,A,VC 23114(a),True,2.0,I-280 S/B,,,6/20/2023 10:42:33 AM,A,N,265.0,MACARTHUR AVE,F,,D,6/20/2023 10:42:34 AM,6/20/2023 10:42:34 AM,False,True,4,,6/10/2023 8:30:00 PM,2030,False,,,True
2097880,9340-2023-02499,1,False,9340,6/10/2023 2:55:00 PM,1455.0,281,1368.0,4313.0,San Jose,43.0,True,True,B,SIDE SWIPE,,Saturday,NotApplicable,False,,,False,True,True,SANTA CLARA SUPERIOR COURT HALL OF JUSTICE,D,MOTOR VEHICLE ON OTHER ROADWAY,,0.0,0.0,CLEAR,, NO UNUSUAL CONDITIONS,, ,A,DAYLIGHT,37.317704,-121.935279,,,,,A,NO PEDESTRIANS INVOLVED,6/10/2023 2:55:00 PM,A,VC 22107,False,1.0,I-280 N/B TO I-880/SR-17,,,6/20/2023 10:39:44 AM,A,S,160.0,MACARTHUR AVE,F,,A,6/20/2023 10:39:48 AM,6/20/2023 10:39:48 AM,False,True,4,,6/10/2023 3:00:00 PM,1500,False,,,True
2097847,9340-2023-02488,1,False,9340,6/9/2023 10:30:00 PM,2230.0,281,1368.0,4313.0,San Jose,43.0,True,True,C,REAR END,,Friday,NotApplicable,False,M,,False,True,False,SANTA CLARA SUPERIOR COURT HALL OF JUSTICE,C,OTHER MOTOR VEHICLE,,0.0,0.0,CLEAR,, NO UNUSUAL CONDITIONS,, ,C,DARK-STREET LIGHTS,37.314528,-121.911209,,,,,A,NO PEDESTRIANS INVOLVED,6/9/2023 10:30:00 PM,D,,,,I-280 S/B,,,6/20/2023 10:15:51 AM,A,N,32.0,RACE STREET,F,,D,6/20/2023 10:15:54 AM,6/20/2023 10:15:54 AM,False,True,4,,6/9/2023 10:53:00 PM,2253,False,,,True
2097731,9340-2023-02466,1,False,9340,6/8/2023 7:50:00 AM,750.0,281,1368.0,4313.0,San Jose,43.0,True,True,C,REAR END,,Thursday,NotApplicable,False,,,False,True,False,SANTA CLARA SUPERIOR COURT HALL OF JUSTICE,C,OTHER MOTOR VEHICLE,,0.0,0.0,CLEAR,, NO UNUSUAL CONDITIONS,, ,A,DAYLIGHT,37.33354,-121.86168,,,,,A,NO PEDESTRIANS INVOLVED,6/8/2023 7:50:00 AM,A,VC 22350,False,1.0,I-280 S/B,,,6/20/2023 8:48:00 AM,A,N,0.3,MCLAUGHLIN AVE,M,,D,6/20/2023 8:48:02 AM,6/20/2023 8:48:02 AM,False,True,4,,6/8/2023 7:50:00 AM,0750,False,,,True