Collision Id,	Report Number,	Report Version,	Is Preliminary,	NCIC Code,Crash Date Time,	Crash Time Description,	Beat,City Id,	City Code,	City Name,County Code,	City Is Active,	City Is Incorporated,	Collision Type Code,Collision Type Description,	Collision Type Other Desc,	Day Of Week,	DispatchNotified,	HasPhotographs,	HitRun,	IsAttachmentsMailed,	IsDeleted,	IsHighwayRelated,	IsTowAway,	JudicialDistrict,	MotorVehicleInvolvedWithCode,	MotorVehicleInvolvedWithDesc,MotorVehicleInvolvedWithOtherDesc,	NumberInjured,	NumberKilled,Weather 1, Weather 2, Road Condition 1, Road Condition 2, Special Condition,LightingCode, LightingDescription,Latitude,Longitude,MilepostDirection,MilepostDistance,MilepostMarker,MilepostUnitOfMeasure,	PedestrianActionCode,PedestrianActionDesc,PreparedDate,	Primary Collision Factor Code,Primary Collision Factor Violation,PrimaryCollisionFactorIsCited,	PrimaryCollisionPartyNumber,	PrimaryRoad,	ReportingDistrict,	ReportingDistrictCode,ReviewedDate,	RoadwaySurfaceCode,SecondaryDirection,	SecondaryDistance,	SecondaryRoad,	SecondaryUnitOfMeasure,	SketchDesc,	TrafficControlDeviceCode,CreatedDate,	ModifiedDate,IsCountyRoad,IsFreeway,CHP555Version,	IsAdditonalObjectStruck,NotificationDate,	NotificationTimeDescription,	HasDigitalMediaFiles,	EvidenceNumber,	IsLocationReferToNarrative,	IsAOIOneSameAsLocation
2090047,9340-2023-02295,1,False,9340,5/27/2023 12:45:00 PM,1245.0,087,1368.0,4313.0,San Jose,43.0,True,True,F,OVERTURNED,,Saturday,NotApplicable,False,,,False,True,False,SANTA CLARA SUPERIOR COURT HALL OF JUSTICE,A,NON-COLLISION,,0.0,0.0,CLEAR,, NO UNUSUAL CONDITIONS,, ,A,DAYLIGHT,37.309263,-121.88305,,,,,A,NO PEDESTRIANS INVOLVED,5/27/2023 12:45:00 PM,A,VC 22107,False,1.0,SR-87 S/B,,,6/9/2023 8:55:10 AM,A,S,270.0,ALMA AVE,F,,D,6/9/2023 8:55:15 AM,6/9/2023 8:55:15 AM,False,True,4,,5/27/2023 12:50:00 PM,1250,False,,,True
2090037,9340-2023-02303,1,False,9340,5/27/2023 11:45:00 AM,1145.0,282,1368.0,4313.0,San Jose,43.0,True,True,C,REAR END,,Saturday,Yes,False,M,,False,True,False,SANTA CLARA SUPERIOR COURT HALL OF JUSTICE,C,OTHER MOTOR VEHICLE,,3.0,0.0,CLEAR,, NO UNUSUAL CONDITIONS,, ,A,DAYLIGHT,37.316915,-121.948772,,,,,A,NO PEDESTRIANS INVOLVED,5/27/2023 11:45:00 AM,A,VC 23152(a),True,1.0,I-280 N/B,,,6/9/2023 8:42:48 AM,A,S,350.0,WINCHESTER BLVD,F,,D,6/9/2023 8:48:04 AM,6/9/2023 8:48:04 AM,False,True,4,,5/27/2023 11:51:00 AM,1151,True,EMBEDDED,,True
2090020,9340-2023-02299,1,False,9340,5/27/2023 11:20:00 AM,1120.0,681,1368.0,4313.0,San Jose,43.0,True,True,C,REAR END,,Saturday,NotApplicable,False,,,False,True,False,SANTA CLARA SUPERIOR COURT HALL OF JUSTICE,C,OTHER MOTOR VEHICLE,,0.0,0.0,CLEAR,, NO UNUSUAL CONDITIONS,, ,A,DAYLIGHT,37.362696,-121.843108,,,,,A,NO PEDESTRIANS INVOLVED,5/27/2023 11:20:00 AM,A,VC 22350,False,1.0,I-680 S/B,,,6/9/2023 8:34:46 AM,A,N,1199.0,ALUM ROCK AVE,F,,D,6/9/2023 8:34:52 AM,6/9/2023 8:34:52 AM,False,True,4,,5/27/2023 11:25:00 AM,1125,False,,,True
2090017,9340-2023-02290,1,False,9340,5/27/2023 11:05:00 AM,1105.0,282,1368.0,4313.0,San Jose,43.0,True,True,E,HIT OBJECT,,Saturday,NotApplicable,False,,,False,True,True,SANTA CLARA SUPERIOR COURT HALL OF JUSTICE,I,FIXED OBJECT,CONCRETE BARRIER,1.0,0.0,CLEAR,, NO UNUSUAL CONDITIONS,, ,A,DAYLIGHT,37.316506,-121.955942,,,,,A,NO PEDESTRIANS INVOLVED,5/27/2023 11:05:00 AM,A,VC 22107,False,1.0,I-280 S/B,,,6/9/2023 8:33:25 AM,A,N,1656.0,WINCHESTER BLVD,F,,D,6/9/2023 8:33:35 AM,6/9/2023 8:33:35 AM,False,True,4,,5/27/2023 11:06:00 AM,1106,True,EMBEDDED,,False
2090012,9340-2023-02298,1,False,9340,5/27/2023 6:30:00 AM,630.0,120,1368.0,4313.0,San Jose,43.0,True,True,B,SIDE SWIPE,,Saturday,NotApplicable,False,M,,False,True,False,SANTA CLARA SUPERIOR COURT HALL OF JUSTICE,C,OTHER MOTOR VEHICLE,,0.0,0.0,CLOUDY,, NO UNUSUAL CONDITIONS,, ,A,DAYLIGHT,37.363846,-121.901382,,,,,A,NO PEDESTRIANS INVOLVED,5/27/2023 6:30:00 AM,A,VC 22107,False,1.0,US-101 S/B,,,6/9/2023 8:31:41 AM,A,S,138.0,I-880 N/B,F,,D,6/9/2023 8:31:49 AM,6/9/2023 8:31:49 AM,False,True,4,,5/27/2023 7:00:00 AM,0700,False,,,True
2089472,9340-2023-02356,1,False,9340,5/31/2023 9:50:00 PM,2150.0,083,1368.0,4313.0,San Jose,43.0,True,True,C,REAR END,,Wednesday,NotApplicable,False,M,,False,True,False,SANTA CLARA SUPERIOR COURT HALL OF JUSTICE,C,OTHER MOTOR VEHICLE,,0.0,0.0,CLEAR,, NO UNUSUAL CONDITIONS,, ,D,DARK-NO STREET LIGHTS,37.251247,-121.909335,,,,,A,NO PEDESTRIANS INVOLVED,5/31/2023 9:50:00 PM,A,VC 22350,False,1.0,SR-85 N/B TO CAMDEN AVE,,,6/8/2023 1:43:07 PM,A,S,350.0,CAMDEN AVE,F,,A,6/8/2023 1:43:12 PM,6/8/2023 1:43:12 PM,False,True,4,,5/31/2023 10:00:00 PM,2200,True,#E2023300858,,True
2089468,9340-2023-02297,1,False,9340,5/27/2023 10:30:00 AM,1030.0,089,1368.0,4313.0,San Jose,43.0,True,True,C,REAR END,,Saturday,NotApplicable,False,,,False,True,False,SANTA CLARA SUPERIOR COURT HALL OF JUSTICE,C,OTHER MOTOR VEHICLE,,0.0,0.0,CLEAR,, NO UNUSUAL CONDITIONS,, ,A,DAYLIGHT,37.370823,-121.90194,,,,,A,NO PEDESTRIANS INVOLVED,5/27/2023 10:30:00 AM,A,VC 22350,False,1.0,I-880 S/B,,,6/8/2023 1:40:31 PM,A,N,1221.0,OLD BAYSHORE HWY,F,,D,6/8/2023 1:40:46 PM,6/8/2023 1:40:46 PM,False,True,4,,5/27/2023 10:35:00 AM,1035,False,,,True
2089451,9340-2023-02354,1,False,9340,5/31/2023 6:20:00 PM,1820.0,089,1368.0,4313.0,San Jose,43.0,True,True,C,REAR END,,Wednesday,NotApplicable,False,,,False,True,False,SANTA CLARA SUPERIOR COURT HALL OF JUSTICE,C,OTHER MOTOR VEHICLE,,0.0,0.0,CLEAR,, NO UNUSUAL CONDITIONS,, ,A,DAYLIGHT,37.410657,-121.91152,,,,,A,NO PEDESTRIANS INVOLVED,5/31/2023 6:20:00 PM,A,VC 22350,False,1.0,I-880 S/B,,,6/8/2023 1:24:05 PM,A,S,1740.0,TASMAN DR,F,,D,6/8/2023 1:24:08 PM,6/8/2023 1:24:08 PM,False,True,4,,5/31/2023 6:22:00 PM,1822,False,,True,
2089436,9340-2023-02349,1,False,9340,5/31/2023 5:30:00 PM,1730.0,281,1368.0,4313.0,San Jose,43.0,True,True,E,HIT OBJECT,,Wednesday,NotApplicable,False,,,False,True,False,SANTA CLARA SUPERIOR COURT HALL OF JUSTICE,I,FIXED OBJECT,EMBANKMENT,1.0,0.0,CLEAR,, NO UNUSUAL CONDITIONS,, ,A,DAYLIGHT,37.322723,-121.896019,,,,,A,NO PEDESTRIANS INVOLVED,5/31/2023 5:30:00 PM,A,VC 22107,False,1.0,I-280 S/B TO SR-87 ,,,6/8/2023 1:11:27 PM,A,S,590.0,BIRD AVE,F,,D,6/8/2023 1:13:24 PM,6/8/2023 1:13:24 PM,False,True,4,True,5/31/2023 5:35:00 PM,1735,False,,,True
2089430,9340-2023-02347,1,False,9340,5/31/2023 3:55:00 PM,1555.0,281,1368.0,4313.0,San Jose,43.0,True,True,B,SIDE SWIPE,,Wednesday,NotApplicable,False,,,False,True,False,SANTA CLARA SUPERIOR COURT HALL OF JUSTICE,C,OTHER MOTOR VEHICLE,,1.0,0.0,CLEAR,, NO UNUSUAL CONDITIONS,, ,A,DAYLIGHT,37.316929,-121.931638,,,,,A,NO PEDESTRIANS INVOLVED,5/31/2023 3:55:00 PM,A,VC 21658(A),False,1.0,I-280 S/B,,,6/8/2023 1:09:29 PM,A,S,7.0,S. BASCOM AVE,F,,D,6/8/2023 1:09:31 PM,6/8/2023 1:09:31 PM,False,True,4,,5/31/2023 4:05:00 PM,1605,False,,,True
2089426,9340-2023-02344,1,False,9340,5/30/2023 11:31:00 PM,2331.0,120,1368.0,4313.0,San Jose,43.0,True,True,E,HIT OBJECT,,Tuesday,NotApplicable,False,,,False,True,True,SANTA CLARA SUPERIOR COURT HALL OF JUSTICE,J,OTHER OBJECT,TIRE,0.0,0.0,CLEAR,, NO UNUSUAL CONDITIONS,, ,C,DARK-STREET LIGHTS,37.36372,-121.900627,,,,,A,NO PEDESTRIANS INVOLVED,5/30/2023 11:31:00 PM,A,VC 22350,False,1.0,US-101 S/B,,,6/8/2023 1:06:57 PM,B,S,312.0,I-880,F,,D,6/8/2023 1:06:59 PM,6/8/2023 1:06:59 PM,False,True,4,,5/30/2023 11:32:00 PM,2332,False,,False,True
2089422,9340-2023-02342,1,False,9340,5/30/2023 11:25:00 PM,2325.0,120,1368.0,4313.0,San Jose,43.0,True,True,E,HIT OBJECT,,Tuesday,NotApplicable,False,,,False,True,False,SANTA CLARA SUPERIOR COURT HALL OF JUSTICE,I,FIXED OBJECT,GUARD RAIL,1.0,0.0,CLEAR,, FLOODED*,, ,C,DARK-STREET LIGHTS,37.363662,-121.898773,,,,,A,NO PEDESTRIANS INVOLVED,5/30/2023 11:25:00 PM,A,VC 22350,False,1.0,US-101 N/B,,,6/8/2023 1:04:49 PM,B,N,158.0,N. 10TH ST,F,,A,6/8/2023 1:04:51 PM,6/8/2023 1:04:51 PM,False,True,4,,5/30/2023 11:30:00 PM,2330,False,,False,True
2089409,9340-2023-02337,1,False,9340,5/30/2023 5:00:00 PM,1700.0,681,1368.0,4313.0,San Jose,43.0,True,True,C,REAR END,,Tuesday,NotApplicable,False,,,False,True,False,SANTA CLARA SUPERIOR COURT HALL OF JUSTICE,C,OTHER MOTOR VEHICLE,,0.0,0.0,CLEAR,, NO UNUSUAL CONDITIONS,, ,A,DAYLIGHT,37.393471,-121.872729,,,,,A,NO PEDESTRIANS INVOLVED,5/30/2023 5:00:00 PM,A,VC 22350,False,1.0,I-680 S/B,,,6/8/2023 12:54:13 PM,A,S,635.0,HOSTETTER RD,F,,D,6/8/2023 12:54:15 PM,6/8/2023 12:54:15 PM,False,True,4,,5/30/2023 5:15:00 PM,1715,False,,,True
2089403,9340-2023-02325,1,False,9340,5/29/2023 10:30:00 AM,1030.0,240,1368.0,4313.0,San Jose,43.0,True,True,B,SIDE SWIPE,,Monday,NotApplicable,False,,,False,True,False,SANTA CLARA SUPERIOR COURT HALL OF JUSTICE,C,OTHER MOTOR VEHICLE,,0.0,0.0,CLEAR,, NO UNUSUAL CONDITIONS,, ,A,DAYLIGHT,37.419348,-121.944039,,,,,A,NO PEDESTRIANS INVOLVED,5/29/2023 10:30:00 AM,A,VC 22107,False,1.0,SR-237 E/B,,,6/8/2023 12:47:58 PM,A,W,1214.0,ZANKER RD,F,,D,6/8/2023 12:48:06 PM,6/8/2023 12:48:06 PM,False,True,4,,5/29/2023 10:35:00 AM,1035,False,,,True
2089400,9340-2023-02328,1,False,9340,5/29/2023 10:00:00 AM,1000.0,120,1368.0,4313.0,San Jose,43.0,True,True,B,SIDE SWIPE,,Monday,NotApplicable,False,,,False,True,False,SANTA CLARA SUPERIOR COURT HALL OF JUSTICE,C,OTHER MOTOR VEHICLE,,0.0,0.0,CLEAR,, NO UNUSUAL CONDITIONS,, ,A,DAYLIGHT,37.37561,-121.936647,,,,,A,NO PEDESTRIANS INVOLVED,5/29/2023 10:00:00 AM,A,VC 21658(A),False,1.0,US-101 S/B,,,6/8/2023 12:43:27 PM,A,S,1494.0,DE LA CRUZ BLVD,F,,D,6/8/2023 12:43:30 PM,6/8/2023 12:43:30 PM,False,True,4,,5/29/2023 10:05:00 AM,1005,False,,,True
2089331,9330-2023-01379,1,False,9340,5/18/2023 3:15:00 PM,1515.0,281,1368.0,4313.0,San Jose,43.0,True,True,C,REAR END,,Thursday,NotApplicable,False,,,False,True,False,SANTA CLARA SUPERIOR COURT HALL OF JUSTICE,C,OTHER MOTOR VEHICLE,,0.0,0.0,CLEAR,, NO UNUSUAL CONDITIONS,, ,A,DAYLIGHT,37.276761,-121.864034,,,,,A,NO PEDESTRIANS INVOLVED,5/18/2023 3:15:00 PM,A,VC 22350,False,1.0,SR-87 S/B TO CAPITOL EXPY,,,6/8/2023 11:33:50 AM,A,N,0.2,CAPITOL EXPRESSWAY,M,,D,6/8/2023 11:35:00 AM,6/8/2023 11:35:00 AM,False,True,4,,5/18/2023 3:20:00 PM,1520,False,,,True
2089325,9340-2023-02448,1,False,9340,5/26/2023 6:22:00 PM,1822.0,110,1368.0,4313.0,San Jose,43.0,True,True,C,REAR END,,Friday,NotApplicable,False,M,,False,True,False,SANTA CLARA SUPERIOR COURT HALL OF JUSTICE,C,OTHER MOTOR VEHICLE,,0.0,0.0,CLEAR,, NO UNUSUAL CONDITIONS,, ,A,DAYLIGHT,37.335184,-121.849096,,,,,A,NO PEDESTRIANS INVOLVED,5/26/2023 6:22:00 PM,A,VC 22106,False,1.0,US-101 S/B TO STORY RD E/B,,,6/8/2023 11:27:28 AM,A,S,24.0,STORY RD,F,,D,6/8/2023 11:27:31 AM,6/8/2023 11:27:31 AM,False,True,4,,5/26/2023 6:33:00 PM,1833,True,EMBEDDED,,True
2089315,9340-2023-02280,1,False,9340,5/26/2023 3:00:00 PM,1500.0,903,1368.0,4313.0,San Jose,43.0,True,True,B,SIDE SWIPE,,Friday,NotApplicable,False,,,False,False,False,SANTA CLARA SUPERIOR COURT HALL OF JUSTICE,E,PARKED MOTOR VEHICLE,,0.0,0.0,CLEAR,, NO UNUSUAL CONDITIONS,, School Bus Collision,A,DAYLIGHT,37.369083,-121.859489,,,,,A,NO PEDESTRIANS INVOLVED,5/26/2023 3:00:00 PM,A,VC 22107,False,1.0,617 N. JACKSON AVE.,,,6/8/2023 11:16:44 AM,A,E,324.0,EDUCATIONAL PARK DR.,F,,D,6/8/2023 11:16:48 AM,6/8/2023 11:16:48 AM,True,False,4,,5/26/2023 3:52:00 PM,1552,False,,,True
2089104,9340-2023-02288,1,False,9340,5/26/2023 11:05:00 PM,2305.0,110,1368.0,4313.0,San Jose,43.0,True,True,B,SIDE SWIPE,,Friday,NotApplicable,False,M,,False,True,False,SANTA CLARA SUPERIOR COURT HALL OF JUSTICE,C,OTHER MOTOR VEHICLE,,0.0,0.0,CLEAR,, NO UNUSUAL CONDITIONS,, ,C,DARK-STREET LIGHTS,37.32357,-121.83672,,,,,A,NO PEDESTRIANS INVOLVED,5/26/2023 11:05:00 PM,A,VC 22107,False,1.0,US-101 S/B,,,6/8/2023 8:34:31 AM,A,N,0.444,TULLY ROAD,M,,D,6/8/2023 8:36:16 AM,6/8/2023 8:36:16 AM,False,True,4,,5/26/2023 11:15:00 PM,2315,False,,,True
2089098,9340-2023-02289,1,False,9340,5/26/2023 11:00:00 PM,2300.0,010,1368.0,4313.0,San Jose,43.0,True,True,B,SIDE SWIPE,,Friday,NotApplicable,False,M,,False,False,False,SANTA CLARA SUPERIOR COURT HALL OF JUSTICE,E,PARKED MOTOR VEHICLE,,0.0,0.0,CLEAR,, NO UNUSUAL CONDITIONS,, ,D,DARK-NO STREET LIGHTS,37.375225,-121.82795,,,,,A,NO PEDESTRIANS INVOLVED,5/26/2023 11:00:00 PM,A,VC 22107,False,1.0,206 N. CLAREMONT AVE,,,6/8/2023 8:33:03 AM,A,N,115.0,MADELINE DR,F,,D,6/8/2023 8:33:09 AM,6/8/2023 8:33:09 AM,True,False,4,,5/27/2023 10:14:00 AM,1014,True,EMBEDDED,,True
2089094,9340-2023-02286,1,False,9340,5/26/2023 8:55:00 PM,2055.0,281,1368.0,4313.0,San Jose,43.0,True,True,B,SIDE SWIPE,,Friday,Yes,False,M,,False,False,True,SANTA CLARA SUPERIOR COURT HALL OF JUSTICE,C,OTHER MOTOR VEHICLE,,0.0,0.0,CLEAR,, NO UNUSUAL CONDITIONS,, ,C,DARK-STREET LIGHTS,37.322371,-121.923879,,,,,A,NO PEDESTRIANS INVOLVED,5/26/2023 8:55:00 PM,A,VC 23152(a),True,1.0,343 LEIGH AVE,,,6/8/2023 8:27:39 AM,A,S,346.0,SAN CARLOS AVE,F,,D,6/8/2023 8:30:33 AM,6/8/2023 8:30:33 AM,False,False,4,,5/26/2023 9:13:00 PM,2113,False,,,True
2089075,9340-2023-02311,1,False,9340,5/26/2023 6:20:00 PM,1820.0,110,1368.0,4313.0,San Jose,43.0,True,True,B,SIDE SWIPE,,Friday,NotApplicable,False,M,,False,True,False,SANTA CLARA SUPERIOR COURT HALL OF JUSTICE,C,OTHER MOTOR VEHICLE,,0.0,0.0,CLEAR,, NO UNUSUAL CONDITIONS,, ,A,DAYLIGHT,37.335262,-121.848327,,,,,A,NO PEDESTRIANS INVOLVED,5/26/2023 6:20:00 PM,A,VC 22107,False,1.0,US-101 S/B TO STORY RD,,,6/8/2023 8:14:17 AM,A,S,138.0,STORY RD,F,,D,6/8/2023 8:17:19 AM,6/8/2023 8:17:19 AM,False,True,4,,5/26/2023 6:33:00 PM,1833,False,,,True
2089066,9340-2023-02293,1,False,9340,5/26/2023 4:15:00 PM,1615.0,281,1368.0,4313.0,San Jose,43.0,True,True,C,REAR END,,Friday,NotApplicable,False,,,False,True,True,SANTA CLARA SUPERIOR COURT HALL OF JUSTICE,C,OTHER MOTOR VEHICLE,,0.0,0.0,CLEAR,, NO UNUSUAL CONDITIONS,, ,A,DAYLIGHT,37.3305,-121.867252,,,,,A,NO PEDESTRIANS INVOLVED,5/26/2023 4:15:00 PM,A,VC 22350,False,1.0,I-280 N/B,,,6/8/2023 8:09:02 AM,A,S,1337.0,11TH ST,F,,D,6/8/2023 8:09:05 AM,6/8/2023 8:09:05 AM,False,True,4,,5/26/2023 4:35:00 PM,1635,False,,,True
2089064,9340-2023-02282,1,False,9340,5/26/2023 4:03:00 PM,1603.0,681,1368.0,4313.0,San Jose,43.0,True,True,C,REAR END,,Friday,NotApplicable,False,M,,False,True,False,SANTA CLARA SUPERIOR COURT HALL OF JUSTICE,C,OTHER MOTOR VEHICLE,,0.0,0.0,CLEAR,, NO UNUSUAL CONDITIONS,, ,A,DAYLIGHT,37.399846,-121.875986,,,,,A,NO PEDESTRIANS INVOLVED,5/26/2023 4:03:00 PM,A,VC 22350,False,1.0,I-680 S/B,,,6/8/2023 8:08:22 AM,A,N,118.0,CAPITOL AVE.,F,,D,6/8/2023 8:08:24 AM,6/8/2023 8:08:24 AM,False,True,4,,5/26/2023 4:15:00 PM,1615,False,,,True
2089057,9340-2023-02292,1,False,9340,5/26/2023 3:40:00 PM,1540.0,281,1368.0,4313.0,San Jose,43.0,True,True,C,REAR END,,Friday,NotApplicable,False,,,False,False,False,SANTA CLARA SUPERIOR COURT HALL OF JUSTICE,C,OTHER MOTOR VEHICLE,,0.0,0.0,CLEAR,, NO UNUSUAL CONDITIONS,, ,A,DAYLIGHT,37.3156,-121.936624,,,,,A,NO PEDESTRIANS INVOLVED,5/26/2023 3:40:00 PM,A,VC 22107,False,1.0,2400 MOORPARK AVE (PARKING LOT),,,6/8/2023 8:00:49 AM,A,S,155.0,MOORPARK AVE,F,,D,6/8/2023 8:00:51 AM,6/8/2023 8:00:51 AM,False,False,4,,5/26/2023 3:55:00 PM,1555,False,,,True
2089055,9340-2023-02090,1,False,9340,5/13/2023 11:00:00 PM,2300.0,110,1368.0,4313.0,San Jose,43.0,True,True,E,HIT OBJECT,,Saturday,Yes,False,,,False,True,False,SANTA CLARA SUPERIOR COURT HALL OF JUSTICE,I,FIXED OBJECT,METAL/WOOD GUARDRAIL,0.0,0.0,CLEAR,, NO UNUSUAL CONDITIONS,, ,A,DAYLIGHT,37.285981,-121.80918,,,,,A,NO PEDESTRIANS INVOLVED,5/13/2023 11:00:00 PM,A,VC 23152(a),True,1.0,US-101 N/B,,,6/8/2023 7:56:42 AM,A,N,1510.0,HELLYER AVE,F,,D,6/8/2023 7:56:43 AM,6/8/2023 7:56:43 AM,False,True,4,,5/13/2023 11:10:00 PM,2310,False,,,True
2089048,9340-2023-02084,1,False,9340,5/13/2023 3:30:00 AM,330.0,089,1368.0,4313.0,San Jose,43.0,True,True,C,REAR END,,Saturday,Yes,False,M,,False,True,False,SANTA CLARA SUPERIOR COURT HALL OF JUSTICE,C,OTHER MOTOR VEHICLE,,0.0,0.0,CLEAR,, NO UNUSUAL CONDITIONS,, ,D,DARK-NO STREET LIGHTS,37.401106,-121.909001,,,,,A,NO PEDESTRIANS INVOLVED,5/13/2023 3:30:00 AM,A,VC 22350,False,1.0,I-880 S/B,,,6/8/2023 7:44:41 AM,A,S,20.0,MONTAGUE EXPY,F,,D,6/8/2023 7:44:42 AM,6/8/2023 7:44:42 AM,False,True,4,,5/13/2023 3:30:00 AM,0330,False,,,
2089017,9340-2023-02231,1,False,9340,5/24/2023 12:50:00 AM,50.0,083,1368.0,4313.0,San Jose,43.0,True,True,C,REAR END,,Wednesday,NotApplicable,False,M,,False,True,False,SANTA CLARA SUPERIOR COURT HALL OF JUSTICE,C,OTHER MOTOR VEHICLE,,0.0,0.0,CLEAR,, NO UNUSUAL CONDITIONS,, ,C,DARK-STREET LIGHTS,37.249026,-121.909638,,,,,A,NO PEDESTRIANS INVOLVED,5/24/2023 12:50:00 AM,A,VC 22350,False,1.0,SR-85 S/B TO CAMDEN AVE,,,6/8/2023 7:09:23 AM,A,N,12.0,CAMDEN AVE,F,,A,6/8/2023 7:13:26 AM,6/8/2023 7:13:26 AM,False,True,4,,5/24/2023 1:10:00 AM,0110,True,EMBEDDED,,True
2089004,9340-2023-02278,1,False,9340,5/26/2023 1:32:00 PM,1332.0,681,1368.0,4313.0,San Jose,43.0,True,True,C,REAR END,,Friday,NotApplicable,False,M,,False,True,True,SANTA CLARA SUPERIOR COURT HALL OF JUSTICE,C,OTHER MOTOR VEHICLE,,1.0,0.0,CLEAR,, NO UNUSUAL CONDITIONS,, ,A,DAYLIGHT,37.348181,-121.840039,,,,,A,NO PEDESTRIANS INVOLVED,5/26/2023 1:32:00 PM,A,VC 22350,False,1.0,I-680 N/B,,,6/8/2023 6:59:06 AM,A,S,1424.0,JACKSON AVE.,F,,D,6/8/2023 6:59:09 AM,6/8/2023 6:59:09 AM,False,True,4,,5/26/2023 2:11:00 PM,1411,False,,,True
2088993,9340-2023-02270,1,False,9340,5/26/2023 7:15:00 AM,715.0,281,1368.0,4313.0,San Jose,43.0,True,True,C,REAR END,,Friday,NotApplicable,False,,,False,True,False,SANTA CLARA SUPERIOR COURT HALL OF JUSTICE,C,OTHER MOTOR VEHICLE,,0.0,0.0,CLEAR,, NO UNUSUAL CONDITIONS,, ,A,DAYLIGHT,37.317307,-121.904781,,,,,A,NO PEDESTRIANS INVOLVED,5/26/2023 7:15:00 AM,A,VC 22350,False,1.0,I-280 N/B ,,,6/8/2023 6:50:55 AM,A,S,729.0,LINCOLN AVE,F,,D,6/8/2023 6:50:58 AM,6/8/2023 6:50:58 AM,False,True,4,,5/26/2023 7:18:00 AM,0718,False,,,True
2088447,9340-2023-02355,1,False,9340,5/31/2023 5:30:00 PM,1730.0,083,1368.0,4313.0,San Jose,43.0,True,True,B,SIDE SWIPE,,Wednesday,NotApplicable,False,M,,False,True,False,SANTA CLARA SUPERIOR COURT HALL OF JUSTICE,C,OTHER MOTOR VEHICLE,,0.0,0.0,CLEAR,, NO UNUSUAL CONDITIONS,, ,A,DAYLIGHT,37.255075,-121.849535,,,,,A,NO PEDESTRIANS INVOLVED,5/31/2023 5:30:00 PM,A,VC 22107,False,1.0,SR-85 S/B,,,6/7/2023 1:44:24 PM,A,S,2640.0,SANTA TERESA BLVD,F,,D,6/7/2023 1:44:30 PM,6/7/2023 1:44:30 PM,False,True,4,,5/31/2023 5:55:00 PM,1755,False,,,True
2088429,9340-2023-02313,1,False,9340,5/27/2023 5:30:00 PM,1730.0,110,1368.0,4313.0,San Jose,43.0,True,True,E,HIT OBJECT,,Saturday,NotApplicable,False,M,,False,True,True,SANTA CLARA SUPERIOR COURT HALL OF JUSTICE,I,FIXED OBJECT,CONCRETE SOUND WALL,0.0,0.0,CLEAR,, NO UNUSUAL CONDITIONS,, ,A,DAYLIGHT,37.351677,-121.862733,,,,,A,NO PEDESTRIANS INVOLVED,5/27/2023 5:30:00 PM,A,VC 22107,False,1.0,US-101 N/B TO MCKEE RD,,,6/7/2023 1:25:47 PM,A,N,875.0,EAST SANTA CLARA STREET,F,,D,6/7/2023 1:25:49 PM,6/7/2023 1:25:49 PM,False,True,4,,5/27/2023 5:50:00 PM,1750,False,,,True
2088394,9340-2023-02333,1,False,9340,5/30/2023 8:19:00 AM,819.0,282,1368.0,4313.0,San Jose,43.0,True,True,F,OVERTURNED,,Tuesday,NotApplicable,False,,,False,True,False,SANTA CLARA SUPERIOR COURT HALL OF JUSTICE,A,NON-COLLISION,,0.0,0.0,CLEAR,, NO UNUSUAL CONDITIONS,, ,A,DAYLIGHT,37.316904,-121.974788,,,,,A,NO PEDESTRIANS INVOLVED,5/30/2023 8:19:00 AM,A,VC 22107,False,1.0,I-280 S/B,,,6/7/2023 12:58:15 PM,A,S,87.0,SARATOGA AVENUE O/C,F,,D,6/7/2023 12:58:17 PM,6/7/2023 12:58:17 PM,False,True,4,,5/30/2023 8:25:00 AM,0825,False,,,True
2088370,9340-2023-02346,1,False,9340,5/31/2023 8:15:00 AM,815.0,087,1368.0,4313.0,San Jose,43.0,True,True,C,REAR END,,Wednesday,NotApplicable,False,,,False,True,False,SANTA CLARA SUPERIOR COURT HALL OF JUSTICE,C,OTHER MOTOR VEHICLE,,0.0,0.0,CLEAR,, NO UNUSUAL CONDITIONS,, ,A,DAYLIGHT,37.300897,-121.875978,,,,,A,NO PEDESTRIANS INVOLVED,5/31/2023 8:15:00 AM,A,VC 22350,False,2.0,SR-87 N/B,,,6/7/2023 12:29:09 PM,A,S,350.0,ALMADEN EXPY,F,,D,6/7/2023 12:29:15 PM,6/7/2023 12:29:15 PM,False,True,4,,5/31/2023 8:40:00 AM,0840,False,,,True