Collision Id,	Report Number,	Report Version,	Is Preliminary,	NCIC Code,Crash Date Time,	Crash Time Description,	Beat,City Id,	City Code,	City Name,County Code,	City Is Active,	City Is Incorporated,	Collision Type Code,Collision Type Description,	Collision Type Other Desc,	Day Of Week,	DispatchNotified,	HasPhotographs,	HitRun,	IsAttachmentsMailed,	IsDeleted,	IsHighwayRelated,	IsTowAway,	JudicialDistrict,	MotorVehicleInvolvedWithCode,	MotorVehicleInvolvedWithDesc,MotorVehicleInvolvedWithOtherDesc,	NumberInjured,	NumberKilled,Weather 1, Weather 2, Road Condition 1, Road Condition 2, Special Condition,LightingCode, LightingDescription,Latitude,Longitude,MilepostDirection,MilepostDistance,MilepostMarker,MilepostUnitOfMeasure,	PedestrianActionCode,PedestrianActionDesc,PreparedDate,	Primary Collision Factor Code,Primary Collision Factor Violation,PrimaryCollisionFactorIsCited,	PrimaryCollisionPartyNumber,	PrimaryRoad,	ReportingDistrict,	ReportingDistrictCode,ReviewedDate,	RoadwaySurfaceCode,SecondaryDirection,	SecondaryDistance,	SecondaryRoad,	SecondaryUnitOfMeasure,	SketchDesc,	TrafficControlDeviceCode,CreatedDate,	ModifiedDate,IsCountyRoad,IsFreeway,CHP555Version,	IsAdditonalObjectStruck,NotificationDate,	NotificationTimeDescription,	HasDigitalMediaFiles,	EvidenceNumber,	IsLocationReferToNarrative,	IsAOIOneSameAsLocation
2121820,9340-2023-02892,1,False,9340,7/9/2023 2:40:00 AM,240.0,120,1368.0,4313.0,San Jose,43.0,True,True,C,REAR END,,Sunday,Yes,False,,,False,True,False,SANTA CLARA SUPERIOR COURT HALL OF JUSTICE,C,OTHER MOTOR VEHICLE,,1.0,0.0,CLEAR,, NO UNUSUAL CONDITIONS,, ,D,DARK-NO STREET LIGHTS,37.370839,-121.913429,,,,,A,NO PEDESTRIANS INVOLVED,7/9/2023 2:40:00 AM,A,VC 23152(a),False,1.0,US-101 N/B ,,,7/20/2023 9:12:23 AM,A,S,1000.0,N. FIRST ST,F,,D,7/20/2023 9:12:23 AM,7/20/2023 9:12:23 AM,False,True,4,,7/9/2023 2:45:00 AM,0245,False,,,True
2121774,9340-2023-02843,1,False,9340,7/6/2023 6:55:00 AM,655.0,110,1368.0,4313.0,San Jose,43.0,True,True,C,REAR END,,Thursday,NotApplicable,False,M,,False,True,False,SANTA CLARA SUPERIOR COURT HALL OF JUSTICE,C,OTHER MOTOR VEHICLE,,1.0,0.0,CLEAR,, NO UNUSUAL CONDITIONS,, ,A,DAYLIGHT,37.343727,-121.860551,,,,,A,NO PEDESTRIANS INVOLVED,7/6/2023 6:55:00 AM,A,VC 22350,False,1.0,US-101 N/B ,,,7/20/2023 8:35:08 AM,A,S,500.0,ALUM ROCK AVE.,F,,D,7/20/2023 8:35:16 AM,7/20/2023 8:35:16 AM,False,True,4,,7/6/2023 7:05:00 AM,0705,False,,,
2121095,9340-2023-02918,1,False,9340,7/11/2023 8:40:00 AM,840.0,281,1368.0,4313.0,San Jose,43.0,True,True,C,REAR END,,Tuesday,NotApplicable,False,,,False,True,False,SANTA CLARA SUPERIOR COURT HALL OF JUSTICE,C,OTHER MOTOR VEHICLE,,0.0,0.0,CLEAR,, NO UNUSUAL CONDITIONS,, ,A,DAYLIGHT,37.317461,-121.936269,,,,,A,NO PEDESTRIANS INVOLVED,7/11/2023 8:40:00 AM,A,VC 22350,False,1.0,I-280 N/B,,,7/19/2023 2:03:43 PM,A,N,60.0,MCARTHUR AVENUE,F,,D,7/19/2023 2:03:46 PM,7/19/2023 2:03:46 PM,False,True,4,,7/11/2023 9:00:00 AM,0900,True,EMBEDDED,,True
2121056,9340-2023-02881,1,False,9340,7/8/2023 8:15:00 PM,2015.0,089,1368.0,4313.0,San Jose,43.0,True,True,C,REAR END,,Saturday,NotApplicable,False,M,,False,True,False,SANTA CLARA SUPERIOR COURT HALL OF JUSTICE,C,OTHER MOTOR VEHICLE,,0.0,0.0,CLEAR,, NO UNUSUAL CONDITIONS,, ,A,DAYLIGHT,37.36396,-121.903281,,,,,A,NO PEDESTRIANS INVOLVED,7/8/2023 8:15:00 PM,A,VC 22350,False,1.0,I-880 S/B TO US-101 S/B,,,7/19/2023 1:37:47 PM,A,N,260.0,I-880,F,,D,7/19/2023 1:37:50 PM,7/19/2023 1:37:50 PM,False,True,4,,7/8/2023 8:25:00 PM,2025,False,,,True
2121048,9340-2023-02869,1,False,9340,7/7/2023 5:15:00 PM,1715.0,110,1368.0,4313.0,San Jose,43.0,True,True,C,REAR END,,Friday,Yes,False,,,False,True,False,SANTA CLARA SUPERIOR COURT HALL OF JUSTICE,C,OTHER MOTOR VEHICLE,,0.0,0.0,CLEAR,, NO UNUSUAL CONDITIONS,, ,A,DAYLIGHT,37.36315,-121.88972,,,,,A,NO PEDESTRIANS INVOLVED,7/7/2023 5:15:00 PM,A,VC 22350,False,1.0,US-101 N/B TO OAKLAND RD ,,,7/19/2023 1:34:01 PM,A,S,488.0,OAKLAND RD,F,,D,7/19/2023 1:34:03 PM,7/19/2023 1:34:03 PM,False,True,4,,7/7/2023 5:20:00 PM,1720,False,,,True
2121025,9340-2023-02902,1,False,9340,7/10/2023 2:20:00 PM,1420.0,088,1368.0,4313.0,San Jose,43.0,True,True,C,REAR END,,Monday,NotApplicable,False,,,False,True,False,SANTA CLARA SUPERIOR COURT HALL OF JUSTICE,C,OTHER MOTOR VEHICLE,,0.0,0.0,CLEAR,, NO UNUSUAL CONDITIONS,, ,A,DAYLIGHT,37.34148,-121.9277,,,,,A,NO PEDESTRIANS INVOLVED,7/10/2023 2:20:00 PM,A,VC 22350,False,1.0,I-880 S/B FROM THE ALAMEDA,,,7/19/2023 1:14:40 PM,A,S,560.0,THE ALAMEDA,F,,A,7/19/2023 1:15:58 PM,7/19/2023 1:15:58 PM,False,True,4,,7/10/2023 2:30:00 PM,1430,False,,,True
2120986,9340-2023-02905,1,False,9340,7/10/2023 6:43:00 PM,1843.0,281,1368.0,4313.0,San Jose,43.0,True,True,B,SIDE SWIPE,,Monday,NotApplicable,False,,,False,True,False,SANTA CLARA SUPERIOR COURT HALL OF JUSTICE,C,OTHER MOTOR VEHICLE,,0.0,0.0,CLEAR,, NO UNUSUAL CONDITIONS,, ,A,DAYLIGHT,37.315141,-121.908868,,,,,A,NO PEDESTRIANS INVOLVED,7/10/2023 6:43:00 PM,A,VC 21658(A),False,1.0,I-280 S/B,,,7/19/2023 12:45:06 PM,A,S,600.0,RACE STREET,F,,D,7/19/2023 12:45:08 PM,7/19/2023 12:45:08 PM,False,True,4,,7/10/2023 6:45:00 PM,1845,False,,,True
2120933,9340-2023-02880,1,False,9340,7/8/2023 8:00:00 PM,2000.0,281,1368.0,4313.0,San Jose,43.0,True,True,E,HIT OBJECT,,Saturday,NotApplicable,False,,,False,True,True,SANTA CLARA SUPERIOR COURT HALL OF JUSTICE,I,FIXED OBJECT,METAL GUARDRAIL,0.0,0.0,CLEAR,, NO UNUSUAL CONDITIONS,, ,B,DUSK-DAWN,37.312611,-121.914019,,,,,A,NO PEDESTRIANS INVOLVED,7/8/2023 8:00:00 PM,A,VC 22350,False,1.0,I-280 S/B FROM MERIDIAN,,,7/19/2023 12:07:43 PM,A,S,260.0,MERIDIAN AVE,F,,D,7/19/2023 12:07:45 PM,7/19/2023 12:07:45 PM,False,True,4,,7/8/2023 8:10:00 PM,2010,True,EMBEDDED,,True
2120932,9340-2023-02882,1,False,9340,7/8/2023 6:30:00 PM,1830.0,120,1368.0,4313.0,San Jose,43.0,True,True,C,REAR END,,Saturday,NotApplicable,False,M,,False,True,False,SANTA CLARA SUPERIOR COURT HALL OF JUSTICE,C,OTHER MOTOR VEHICLE,,0.0,0.0,CLEAR,, NO UNUSUAL CONDITIONS,, ,A,DAYLIGHT,37.363289,-121.892866,,,,,A,NO PEDESTRIANS INVOLVED,7/8/2023 6:30:00 PM,A,VC 22350,False,1.0,US-101 N/B,,,7/19/2023 12:06:28 PM,A,N,721.0,OAKLAND RD,F,,D,7/19/2023 12:06:31 PM,7/19/2023 12:06:31 PM,False,True,4,,7/8/2023 7:50:00 PM,1950,False,,False,True
2120620,9340-2023-02872,1,False,9340,7/8/2023 12:02:00 AM,2.0,120,1368.0,4313.0,San Jose,43.0,True,True,E,HIT OBJECT,,Saturday,NotApplicable,False,,,False,True,False,SANTA CLARA SUPERIOR COURT HALL OF JUSTICE,I,FIXED OBJECT,TREE,1.0,0.0,CLEAR,, NO UNUSUAL CONDITIONS,, ,A,DAYLIGHT,37.372106,-121.915751,,,,,A,NO PEDESTRIANS INVOLVED,7/8/2023 12:02:00 AM,A,VC 22107,False,1.0,US-101 N/B TO BROKAW ROAD ,,,7/19/2023 8:10:16 AM,A,S,690.0,BROKAW RD,F,,D,7/19/2023 8:10:18 AM,7/19/2023 8:10:18 AM,False,True,4,,7/8/2023 12:04:00 AM,0004,False,,,True
2120612,9340-2023-02862,1,False,9340,7/7/2023 2:00:00 PM,1400.0,281,1368.0,4313.0,San Jose,43.0,True,True,B,SIDE SWIPE,,Friday,NotApplicable,False,M,,False,True,False,SANTA CLARA SUPERIOR COURT HALL OF JUSTICE,C,OTHER MOTOR VEHICLE,,0.0,0.0,CLEAR,, NO UNUSUAL CONDITIONS,, ,A,DAYLIGHT,37.317222,-121.935352,,,,,A,NO PEDESTRIANS INVOLVED,7/7/2023 2:00:00 PM,A,VC 22107,False,1.0,I-280 S/B,,,7/19/2023 8:04:05 AM,A,S,160.0,MACARTHUR AVE,F,,D,7/19/2023 8:04:10 AM,7/19/2023 8:04:10 AM,False,True,4,,7/7/2023 2:25:00 PM,1425,True,EMBEDDED,,True
2120560,9725-2023-00930,1,False,9725,7/9/2023 10:40:00 PM,2240.0,015,1368.0,4313.0,San Jose,43.0,True,True,C,REAR END,,Sunday,NotApplicable,False,M,,False,True,False,SANTA CLARA SUPERIOR COURT SANTA CLARA COURTHOUSE,C,OTHER MOTOR VEHICLE,,0.0,0.0,CLEAR,, NO UNUSUAL CONDITIONS,, ,C,DARK-STREET LIGHTS,37.256964,-121.79307,,,,,A,NO PEDESTRIANS INVOLVED,7/9/2023 10:40:00 PM,A,VC 22350,False,1.0,US-101 NORTHBOUND TO BLOSSOM HILL ROAD,,,7/19/2023 7:17:38 AM,A,S,30.0,BLOSSOM HILL ROAD,F,,A,7/19/2023 7:17:53 AM,7/19/2023 7:17:53 AM,False,False,4,,7/9/2023 11:38:00 PM,2338,False,,,True
2120514,9340-2023-02865,1,False,9340,7/4/2023 8:00:00 PM,2000.0,681,1368.0,4313.0,San Jose,43.0,True,True,E,HIT OBJECT,,Tuesday,NotApplicable,False,M,,False,True,False,SANTA CLARA SUPERIOR COURT HALL OF JUSTICE,I,FIXED OBJECT,TREE,0.0,0.0,CLEAR,, NO UNUSUAL CONDITIONS,, ,A,DAYLIGHT,37.358417,-121.840662,,,,,A,NO PEDESTRIANS INVOLVED,7/4/2023 8:00:00 PM,A,VC 22107,False,1.0,I-680 S/B,,,7/19/2023 6:27:57 AM,D,S,500.0,CAPITOL EXWY,F,,D,7/19/2023 6:28:02 AM,7/19/2023 6:28:02 AM,False,True,4,,7/4/2023 8:05:00 PM,2005,False,,,True
2120051,9340-2023-02894,1,False,9340,7/10/2023 6:35:00 AM,635.0,120,1368.0,4313.0,San Jose,43.0,True,True,C,REAR END,,Monday,NotApplicable,False,,,False,True,True,SANTA CLARA SUPERIOR COURT HALL OF JUSTICE,C,OTHER MOTOR VEHICLE,,0.0,0.0,CLEAR,, NO UNUSUAL CONDITIONS,, ,A,DAYLIGHT,37.377912,-121.947237,,,,,A,NO PEDESTRIANS INVOLVED,7/10/2023 6:35:00 AM,A,VC 22350,False,1.0,US-101 NB,,,7/18/2023 1:23:20 PM,A,N,1630.0,TRIMBLE RD,F,,D,7/18/2023 1:23:28 PM,7/18/2023 1:23:28 PM,False,True,4,,7/10/2023 6:38:00 AM,0638,True,EMBEDDED,,True
2119812,9340-2023-02853,1,False,9340,7/6/2023 5:15:00 PM,1715.0,681,1368.0,4313.0,San Jose,43.0,True,True,C,REAR END,,Thursday,NotApplicable,False,M,,False,True,False,SANTA CLARA SUPERIOR COURT HALL OF JUSTICE,C,OTHER MOTOR VEHICLE,,0.0,0.0,CLEAR,, NO UNUSUAL CONDITIONS,, ,A,DAYLIGHT,37.386819,-121.865579,,,,,A,NO PEDESTRIANS INVOLVED,7/6/2023 5:15:00 PM,A,VC 22350,False,1.0,I-680 S/B,,,7/18/2023 10:09:22 AM,A,N,1090.0,BERRYESSA RD,F,,D,7/18/2023 10:09:24 AM,7/18/2023 10:09:24 AM,False,False,4,,7/6/2023 5:20:00 PM,1720,False,,,True
2119804,9340-2023-02854,1,False,9340,7/6/2023 4:25:00 PM,1625.0,110,1368.0,4313.0,San Jose,43.0,True,True,C,REAR END,,Thursday,NotApplicable,False,,,False,True,False,SANTA CLARA SUPERIOR COURT HALL OF JUSTICE,C,OTHER MOTOR VEHICLE,,1.0,0.0,CLEAR,, NO UNUSUAL CONDITIONS,, ,A,DAYLIGHT,37.34061,-121.85317,,,,,A,NO PEDESTRIANS INVOLVED,7/6/2023 4:25:00 PM,A,VC 22350,False,1.0,US-101 S/B,,,7/18/2023 10:04:29 AM,A,N,205.0,I-680,F,,D,7/18/2023 10:04:32 AM,7/18/2023 10:04:32 AM,False,True,4,,7/6/2023 4:45:00 PM,1645,False,,,True
2119784,9340-2023-02840,1,False,9340,7/6/2023 2:20:00 AM,220.0,281,1368.0,4313.0,San Jose,43.0,True,True,E,HIT OBJECT,,Thursday,Yes,False,,,False,True,False,SANTA CLARA SUPERIOR COURT HALL OF JUSTICE,I,FIXED OBJECT,DIRT AND GRASS SHOULDER,2.0,0.0,CLOUDY,, NO UNUSUAL CONDITIONS,, ,C,DARK-STREET LIGHTS,37.322138,-121.939839,,,,,A,NO PEDESTRIANS INVOLVED,7/6/2023 2:20:00 AM,A,VC 23152(a),False,1.0,I-280 N/B,,,7/18/2023 9:56:00 AM,A,S,340.0,STEVENS CREEK BLVD,F,,A,7/18/2023 9:56:02 AM,7/18/2023 9:56:02 AM,False,True,4,,7/6/2023 2:24:00 AM,0224,True,20230218,True,
2119621,9340-2023-02866,1,False,9340,7/7/2023 3:50:00 PM,1550.0,230,1368.0,4313.0,San Jose,43.0,True,True,C,REAR END,,Friday,NotApplicable,False,F,,False,True,True,SANTA CLARA SUPERIOR COURT HALL OF JUSTICE,C,OTHER MOTOR VEHICLE,,3.0,0.0,CLEAR,, NO UNUSUAL CONDITIONS,, ,A,DAYLIGHT,37.418873,-121.965011,,,,,A,NO PEDESTRIANS INVOLVED,7/7/2023 3:50:00 PM,A,VC 22350,False,1.0,SR-237 E/B,,,7/18/2023 7:47:22 AM,A,E,500.0,GREAT AMERICA PKY,F,,D,7/18/2023 7:47:27 AM,7/18/2023 7:47:27 AM,False,True,4,,7/7/2023 3:55:00 PM,1555,False,,,True
2119606,9340-2023-02873,1,False,9340,7/7/2023 11:40:00 PM,2340.0,120,1368.0,4313.0,San Jose,43.0,True,True,B,SIDE SWIPE,,Friday,NotApplicable,False,,,False,True,False,SANTA CLARA SUPERIOR COURT HALL OF JUSTICE,C,OTHER MOTOR VEHICLE,,0.0,0.0,CLEAR,, NO UNUSUAL CONDITIONS,, ,C,DARK-STREET LIGHTS,37.376928,-121.943077,,,,,A,NO PEDESTRIANS INVOLVED,7/7/2023 11:40:00 PM,A,VC 21658(a),False,1.0,US-101 S/B,,,7/18/2023 7:38:03 AM,A,N,420.0,TRIMBLE RD,F,,D,7/18/2023 7:38:05 AM,7/18/2023 7:38:05 AM,False,True,4,,7/7/2023 11:45:00 PM,2345,False,,,True
2141273,9340-2023-03177,1,False,9340,7/29/2023 11:20:00 PM,2320.0,087,1368.0,4313.0,San Jose,43.0,True,True,C,REAR END,,Saturday,NotApplicable,False,,,False,True,True,SANTA CLARA SUPERIOR COURT HALL OF JUSTICE,C,OTHER MOTOR VEHICLE,,0.0,0.0,CLEAR,, NO UNUSUAL CONDITIONS,, ,C,DARK-STREET LIGHTS,37.321979,-121.890195,,,,,A,NO PEDESTRIANS INVOLVED,7/29/2023 11:20:00 PM,A,VC 22350,False,1.0,SR-87 N/B TO I-280 S/B ,,,8/10/2023 7:50:33 PM,A,S,725.0,I-280,F,,D,8/10/2023 7:50:37 PM,8/10/2023 7:50:37 PM,False,True,4,,7/29/2023 11:27:00 PM,2327,False,,,True
2141270,9340-2023-03217,1,False,9340,8/1/2023 3:35:00 PM,1535.0,281,1368.0,4313.0,San Jose,43.0,True,True,C,REAR END,,Tuesday,NotApplicable,False,M,,False,True,False,SANTA CLARA SUPERIOR COURT HALL OF JUSTICE,C,OTHER MOTOR VEHICLE,,0.0,0.0,CLEAR,, NO UNUSUAL CONDITIONS,, ,A,DAYLIGHT,37.316755,-121.926607,,,,,A,NO PEDESTRIANS INVOLVED,8/1/2023 3:35:00 PM,A,VC 22350,False,,I-280 S/B,,,8/10/2023 7:18:48 PM,A,S,20.0,LELAND AVE,F,,D,8/10/2023 7:18:52 PM,8/10/2023 7:18:52 PM,False,True,4,,8/1/2023 3:36:00 PM,1536,False,,,True
2141158,9340-2023-03258,1,False,9340,8/3/2023 11:25:00 PM,2325.0,083,1368.0,4313.0,San Jose,43.0,True,True,C,REAR END,,Thursday,NotApplicable,False,,,False,True,True,SANTA CLARA SUPERIOR COURT HALL OF JUSTICE,C,OTHER MOTOR VEHICLE,,0.0,0.0,CLEAR,, NO UNUSUAL CONDITIONS,, ,D,DARK-NO STREET LIGHTS,37.242898,-121.808167,,,,,A,NO PEDESTRIANS INVOLVED,8/3/2023 11:25:00 PM,A,VC 22350,False,1.0,SR-85 S/B TO COTTLE RD.,,,8/10/2023 3:24:51 PM,A,N,300.0,COTTLE RD,F,,D,8/10/2023 3:24:53 PM,8/10/2023 3:24:53 PM,False,True,4,,8/3/2023 11:30:00 PM,2330,False,,,True
2141142,9340-2023-03257,1,False,9340,8/4/2023 12:30:00 AM,30.0,681,1368.0,4313.0,San Jose,43.0,True,True,E,HIT OBJECT,,Friday,NotApplicable,False,,,False,True,False,SANTA CLARA SUPERIOR COURT HALL OF JUSTICE,I,FIXED OBJECT,GUARDRAIL,0.0,0.0,CLEAR,, NO UNUSUAL CONDITIONS,, ,C,DARK-STREET LIGHTS,37.367003,-121.846021,,,,,A,NO PEDESTRIANS INVOLVED,8/4/2023 12:30:00 AM,A,VC 22350,False,1.0,I-680 S/B TO MCKEE RD E/B,,,8/10/2023 3:12:26 PM,A,S,217.0,MCKEE ROAD,F,,D,8/10/2023 3:12:27 PM,8/10/2023 3:12:27 PM,False,True,4,,8/4/2023 12:35:00 AM,0035,False,,,True
2141140,9340-2023-03223,1,False,9340,8/1/2023 6:32:00 PM,1832.0,120,1368.0,4313.0,San Jose,43.0,True,True,C,REAR END,,Tuesday,NotApplicable,False,,,False,True,True,SANTA CLARA SUPERIOR COURT HALL OF JUSTICE,C,OTHER MOTOR VEHICLE,,0.0,0.0,CLEAR,, NO UNUSUAL CONDITIONS,, ,A,DAYLIGHT,37.367576,-121.907578,,,,,A,NO PEDESTRIANS INVOLVED,8/1/2023 6:32:00 PM,A,VC 22350,False,1.0,US-101 S/B,,,8/10/2023 3:11:23 PM,A,S,3070.0,FIRST STREET,F,,D,8/10/2023 3:11:25 PM,8/10/2023 3:11:25 PM,False,True,4,,8/1/2023 6:46:00 PM,1846,False,,,True
2141120,9340-2023-03179,1,False,9340,7/29/2023 11:15:00 PM,2315.0,681,1368.0,4313.0,San Jose,43.0,True,True,E,HIT OBJECT,,Saturday,Yes,False,,,False,True,True,SANTA CLARA SUPERIOR COURT HALL OF JUSTICE,I,FIXED OBJECT,CONCRETE BARRIER,5.0,0.0,CLEAR,, NO UNUSUAL CONDITIONS,, ,D,DARK-NO STREET LIGHTS,37.400908,-121.876793,,,,,A,NO PEDESTRIANS INVOLVED,7/29/2023 11:15:00 PM,A,VC 22350,False,1.0,I-680 S/B TO W/B N. CAPITOL AVENUE,,,8/10/2023 2:53:30 PM,A,N,384.0,N. CAPITOL AVE,F,,D,8/10/2023 2:53:34 PM,8/10/2023 2:53:34 PM,False,True,4,True,7/29/2023 11:22:00 PM,2322,False,,,False
2140818,9340-2023-03242,1,False,9340,8/3/2023 6:20:00 AM,620.0,281,1368.0,4313.0,San Jose,43.0,True,True,C,REAR END,,Thursday,NotApplicable,False,,,False,True,False,SANTA CLARA SUPERIOR COURT HALL OF JUSTICE,C,OTHER MOTOR VEHICLE,,0.0,0.0,CLEAR,, NO UNUSUAL CONDITIONS,, ,A,DAYLIGHT,37.328608,-121.873991,,,,,A,NO PEDESTRIANS INVOLVED,8/3/2023 6:20:00 AM,A,VC 22350,True,1.0,I-280 N/B FROM 10TH ST,,,8/10/2023 10:40:50 AM,A,N,500.0,10TH STREET,F,,A,8/10/2023 10:40:52 AM,8/10/2023 10:40:52 AM,False,True,4,,8/3/2023 6:22:00 AM,0622,True,EMBEDDED,,True
2140796,9340-2023-03241,1,False,9340,8/3/2023 3:45:00 AM,345.0,110,1368.0,4313.0,San Jose,43.0,True,True,C,REAR END,,Thursday,NotApplicable,False,,,False,True,True,SANTA CLARA SUPERIOR COURT HALL OF JUSTICE,C,OTHER MOTOR VEHICLE,,0.0,0.0,CLEAR,, NO UNUSUAL CONDITIONS,, ,C,DARK-STREET LIGHTS,37.284625,-121.809246,,,,,A,NO PEDESTRIANS INVOLVED,8/3/2023 3:45:00 AM,A,VC 22350,False,1.0,US-101 N/B,,,8/10/2023 10:22:03 AM,A,N,1000.0,HELLYER AVE,F,,D,8/10/2023 10:24:18 AM,8/10/2023 10:24:18 AM,False,True,4,,8/3/2023 3:50:00 AM,0350,False,,,True
2140763,9340-2023-03196,1,False,9340,7/31/2023 8:50:00 AM,850.0,120,1368.0,4313.0,San Jose,43.0,True,True,B,SIDE SWIPE,,Monday,NotApplicable,False,,,False,True,False,SANTA CLARA SUPERIOR COURT HALL OF JUSTICE,C,OTHER MOTOR VEHICLE,,0.0,0.0,CLEAR,, NO UNUSUAL CONDITIONS,, ,A,DAYLIGHT,37.374947,-121.933192,,,,,A,NO PEDESTRIANS INVOLVED,7/31/2023 8:50:00 AM,A,VC 22107,False,,US-101 S/B,,,8/10/2023 10:10:26 AM,A,S,2350.0,DE LA CRUZ,F,,D,8/10/2023 10:10:33 AM,8/10/2023 10:10:33 AM,False,True,4,,7/31/2023 8:55:00 AM,0855,True,EMBEDDED,,True
2140741,9340-2023-03209,1,False,9340,7/31/2023 4:05:00 PM,1605.0,089,1368.0,4313.0,San Jose,43.0,True,True,C,REAR END,,Monday,NotApplicable,False,,,False,True,False,SANTA CLARA SUPERIOR COURT HALL OF JUSTICE,C,OTHER MOTOR VEHICLE,,0.0,0.0,CLEAR,, NO UNUSUAL CONDITIONS,, ,A,DAYLIGHT,37.363428,-121.8996,,,,,A,NO PEDESTRIANS INVOLVED,7/31/2023 4:05:00 PM,A,VC 22350,False,1.0,I-880 N/B TO US-101 S/B,,,8/10/2023 9:56:44 AM,A,S,433.0,10TH STREET,M,,D,8/10/2023 9:56:47 AM,8/10/2023 9:56:47 AM,False,True,4,,7/31/2023 4:36:00 PM,1636,False,,,True
2140716,9340-2023-03200,1,False,9340,7/31/2023 2:15:00 PM,1415.0,681,1368.0,4313.0,San Jose,43.0,True,True,B,SIDE SWIPE,,Monday,NotApplicable,False,M,,False,True,False,SANTA CLARA SUPERIOR COURT HALL OF JUSTICE,C,OTHER MOTOR VEHICLE,,0.0,0.0,CLEAR,, NO UNUSUAL CONDITIONS,, ,A,DAYLIGHT,37.357311,-121.839789,,,,,A,NO PEDESTRIANS INVOLVED,7/31/2023 2:15:00 PM,A,VC 22107,False,1.0,I-680 S/B,,,8/10/2023 9:42:46 AM,A,N,619.0,CAPITOL EXPY,F,,D,8/10/2023 9:42:50 AM,8/10/2023 9:42:50 AM,False,True,4,,7/31/2023 2:30:00 PM,1430,False,,,True
2140704,9340-2023-03203,1,False,9340,7/31/2023 9:30:00 AM,930.0,281,1368.0,4313.0,San Jose,43.0,True,True,C,REAR END,,Monday,NotApplicable,False,,,False,True,False,SANTA CLARA SUPERIOR COURT HALL OF JUSTICE,C,OTHER MOTOR VEHICLE,,0.0,0.0,CLEAR,, NO UNUSUAL CONDITIONS,, ,A,DAYLIGHT,37.327706,-121.880582,,,,,A,NO PEDESTRIANS INVOLVED,7/31/2023 9:30:00 AM,A,VC 22350,False,1.0,I-280 N/B FROM REED STREET,,,8/10/2023 9:33:38 AM,A,S,186.0,3RD STREET,F,,A,8/10/2023 9:35:24 AM,8/10/2023 9:35:24 AM,False,True,4,,7/31/2023 9:40:00 AM,0940,False,,,True
2140684,9340-2023-03197,1,False,9340,7/31/2023 6:45:00 AM,645.0,281,1368.0,4313.0,San Jose,43.0,True,True,C,REAR END,,Monday,NotApplicable,False,,,False,True,False,SANTA CLARA SUPERIOR COURT HALL OF JUSTICE,C,OTHER MOTOR VEHICLE,,0.0,0.0,CLEAR,, NO UNUSUAL CONDITIONS,, ,A,DAYLIGHT,37.330272,-121.867376,,,,,A,NO PEDESTRIANS INVOLVED,7/31/2023 6:45:00 AM,A,VC 22107,False,1.0,I-280 N/B,,,8/10/2023 9:18:22 AM,A,S,1278.0,11TH ST,F,,D,8/10/2023 9:20:51 AM,8/10/2023 9:20:51 AM,False,True,4,,7/31/2023 6:50:00 AM,0650,False,,,True
2140669,9340-2023-03190,1,False,9340,7/31/2023 12:05:00 AM,5.0,088,1368.0,4313.0,San Jose,43.0,True,True,E,HIT OBJECT,,Monday,NotApplicable,False,,,False,True,True,SANTA CLARA SUPERIOR COURT HALL OF JUSTICE,I,FIXED OBJECT,EMBANKMENT,0.0,0.0,CLEAR,, NO UNUSUAL CONDITIONS,, ,E,DARK-STREET LIGHTS NOT FUNCTIONING*,37.341683,-121.926479,,,,,A,NO PEDESTRIANS INVOLVED,7/31/2023 12:05:00 AM,A,VC 22107,False,1.0,I-880 N/B,,,8/10/2023 9:13:04 AM,A,S,300.0,THE ALAMEDA,F,,D,8/10/2023 9:13:05 AM,8/10/2023 9:13:05 AM,False,True,4,,7/31/2023 12:09:00 AM,0009,False,,,True
2140609,9340-2023-03181,1,False,9340,7/30/2023 5:10:00 AM,510.0,282,1368.0,4313.0,San Jose,43.0,True,True,C,REAR END,,Sunday,Yes,False,M,,False,True,False,SANTA CLARA SUPERIOR COURT HALL OF JUSTICE,C,OTHER MOTOR VEHICLE,,0.0,0.0,CLEAR,, NO UNUSUAL CONDITIONS,, ,B,DUSK-DAWN,37.316656,-121.962004,,,,,A,NO PEDESTRIANS INVOLVED,7/30/2023 5:10:00 AM,A,VC 23152(a),True,1.0,I-280 N/B,,,8/10/2023 8:39:53 AM,A,S,742.0,SAN THOMAS EXPY,F,,D,8/10/2023 8:41:21 AM,8/10/2023 8:41:21 AM,False,True,4,,7/30/2023 5:15:00 AM,0515,False,,False,True