Collision Id,	Report Number,	Report Version,	Is Preliminary,	NCIC Code,Crash Date Time,	Crash Time Description,	Beat,City Id,	City Code,	City Name,County Code,	City Is Active,	City Is Incorporated,	Collision Type Code,Collision Type Description,	Collision Type Other Desc,	Day Of Week,	DispatchNotified,	HasPhotographs,	HitRun,	IsAttachmentsMailed,	IsDeleted,	IsHighwayRelated,	IsTowAway,	JudicialDistrict,	MotorVehicleInvolvedWithCode,	MotorVehicleInvolvedWithDesc,MotorVehicleInvolvedWithOtherDesc,	NumberInjured,	NumberKilled,Weather 1, Weather 2, Road Condition 1, Road Condition 2, Special Condition,LightingCode, LightingDescription,Latitude,Longitude,MilepostDirection,MilepostDistance,MilepostMarker,MilepostUnitOfMeasure,	PedestrianActionCode,PedestrianActionDesc,PreparedDate,	Primary Collision Factor Code,Primary Collision Factor Violation,PrimaryCollisionFactorIsCited,	PrimaryCollisionPartyNumber,	PrimaryRoad,	ReportingDistrict,	ReportingDistrictCode,ReviewedDate,	RoadwaySurfaceCode,SecondaryDirection,	SecondaryDistance,	SecondaryRoad,	SecondaryUnitOfMeasure,	SketchDesc,	TrafficControlDeviceCode,CreatedDate,	ModifiedDate,IsCountyRoad,IsFreeway,CHP555Version,	IsAdditonalObjectStruck,NotificationDate,	NotificationTimeDescription,	HasDigitalMediaFiles,	EvidenceNumber,	IsLocationReferToNarrative,	IsAOIOneSameAsLocation
2147376,9340-2023-03297,1,False,9340,8/6/2023 10:30:00 PM,2230.0,110,1368.0,4313.0,San Jose,43.0,True,True,B,SIDE SWIPE,,Sunday,NotApplicable,False,,,False,True,True,SANTA CLARA SUPERIOR COURT HALL OF JUSTICE,E,PARKED MOTOR VEHICLE,,0.0,0.0,CLEAR,, NO UNUSUAL CONDITIONS,, ,D,DARK-NO STREET LIGHTS,37.337718,-121.848984,,,,,A,NO PEDESTRIANS INVOLVED,8/6/2023 10:30:00 PM,A,VC 22107,False,1.0,US-101 N/B TO I-280 N/B,,,8/18/2023 8:26:19 AM,A,N,573.0,STORY RD,F,,D,8/18/2023 8:26:22 AM,8/18/2023 8:26:22 AM,False,True,4,,8/6/2023 10:31:00 PM,2231,False,,,True
2147368,9340-2023-03442,1,False,9340,8/6/2023 12:13:00 AM,13.0,110,1368.0,4313.0,San Jose,43.0,True,True,B,SIDE SWIPE,,Sunday,NotApplicable,False,M,,False,True,False,SANTA CLARA SUPERIOR COURT HALL OF JUSTICE,E,PARKED MOTOR VEHICLE,,0.0,0.0,CLEAR,, NO UNUSUAL CONDITIONS,, ,C,DARK-STREET LIGHTS,37.303924,-121.817035,,,,,A,NO PEDESTRIANS INVOLVED,8/6/2023 12:13:00 AM,A,VC 22107,False,1.0,US-101 N/B FROM CAPITOL AVE,,,8/18/2023 8:20:16 AM,A,N,215.0,CAPITOL AVE,F,,D,8/18/2023 8:20:24 AM,8/18/2023 8:20:24 AM,False,True,4,False,8/6/2023 11:15:00 AM,1115,False,,,True
2146708,9340-2023-03278,1,False,9340,8/4/2023 8:25:00 PM,2025.0,281,1368.0,4313.0,San Jose,43.0,True,True,B,SIDE SWIPE,,Friday,Yes,False,,,False,True,True,SANTA CLARA SUPERIOR COURT HALL OF JUSTICE,C,OTHER MOTOR VEHICLE,,2.0,0.0,CLEAR,, NO UNUSUAL CONDITIONS,, ,D,DARK-NO STREET LIGHTS,37.318424,-121.903008,,,,,A,NO PEDESTRIANS INVOLVED,8/4/2023 8:25:00 PM,A,VC 23152(a),True,1.0,I-280 N/B,,,8/17/2023 1:54:07 PM,A,S,1380.0,LINCOLN AVENUE,F,,D,8/17/2023 1:54:24 PM,8/17/2023 1:54:24 PM,False,True,4,True,8/4/2023 8:28:00 PM,2028,False,,,True
2146535,9340-2023-03318,1,False,9340,8/8/2023 7:05:00 AM,705.0,281,1368.0,4313.0,San Jose,43.0,True,True,C,REAR END,,Tuesday,NotApplicable,False,,,False,True,False,SANTA CLARA SUPERIOR COURT HALL OF JUSTICE,C,OTHER MOTOR VEHICLE,,0.0,0.0,CLEAR,, NO UNUSUAL CONDITIONS,, ,A,DAYLIGHT,37.33417,-121.861352,,,,,A,NO PEDESTRIANS INVOLVED,8/8/2023 7:05:00 AM,A,VC 22350,False,1.0,I-280 N/B,,,8/17/2023 11:25:56 AM,A,N,1235.0,MCLAUGHLIN AVE,F,,D,8/17/2023 11:25:58 AM,8/17/2023 11:25:58 AM,False,True,4,,8/8/2023 7:06:00 AM,0706,True,EMBEDDED,,True
2146523,9340-2023-03316,4,False,9340,8/7/2023 9:40:00 PM,2140.0,281,1368.0,4313.0,San Jose,43.0,True,True,C,REAR END,,Monday,Yes,False,,,False,True,True,SANTA CLARA SUPERIOR COURT HALL OF JUSTICE,C,OTHER MOTOR VEHICLE,,4.0,1.0,CLEAR,, NO UNUSUAL CONDITIONS,, Fatal,C,DARK-STREET LIGHTS,37.324891,-121.887913,,,,,A,NO PEDESTRIANS INVOLVED,8/7/2023 9:40:00 PM,A,VC 22107,False,1.0,I-280 N/B,,,4/14/2025 4:51:23 PM,A,S,1198.0,SR-87,F,,D,8/17/2023 11:16:54 AM,4/14/2025 4:53:42 PM,False,True,4,,8/7/2023 9:45:00 PM,2145,True,EMBEDDED,True,False
2146450,9340-2023-03319,1,False,9340,8/8/2023 6:50:00 AM,650.0,087,1368.0,4313.0,San Jose,43.0,True,True,C,REAR END,,Tuesday,NotApplicable,False,,,False,True,True,SANTA CLARA SUPERIOR COURT HALL OF JUSTICE,C,OTHER MOTOR VEHICLE,,0.0,0.0,CLEAR,, NO UNUSUAL CONDITIONS,, ,A,DAYLIGHT,37.25627,-121.86072,,,,,A,NO PEDESTRIANS INVOLVED,8/8/2023 6:50:00 AM,A,VC 22350,False,1.0,SR-87 S/B TO SR-85 N/B,,,8/17/2023 10:22:41 AM,A,S,600.0,WINFIELD BLVD,F,,A,8/17/2023 10:22:45 AM,8/17/2023 10:22:45 AM,False,True,4,,8/8/2023 6:58:00 AM,0658,False,,,True
2146431,9340-2023-03334,1,False,9340,8/8/2023 3:00:00 PM,1500.0,901,1368.0,4313.0,San Jose,43.0,True,True,G,VEHICLE/PEDESTRAIN,,Tuesday,NotApplicable,False,,,False,False,False,SANTA CLARA SUPERIOR COURT HALL OF JUSTICE,B,PEDESTRIAN,,1.0,0.0,CLEAR,, NO UNUSUAL CONDITIONS,, School Bus Collision,A,DAYLIGHT,37.34798,-121.811535,,,,,B,CROSSING IN CROSS WALK AT INTERSECTION,8/8/2023 3:00:00 PM,A,VC 21456(b),False,1.0,MT MCKINLEY DR,,,8/17/2023 10:09:24 AM,A,E,10.0,S. WHITE RD,F,,A,8/17/2023 10:09:30 AM,8/17/2023 10:09:30 AM,False,False,4,,8/8/2023 3:29:00 PM,1529,False,,,True
2146395,9340-2023-03289,1,False,9340,8/6/2023 3:10:00 AM,310.0,120,1368.0,4313.0,San Jose,43.0,True,True,C,REAR END,,Sunday,Yes,False,F,,False,True,True,SANTA CLARA SUPERIOR COURT HALL OF JUSTICE,C,OTHER MOTOR VEHICLE,,1.0,0.0,CLEAR,, NO UNUSUAL CONDITIONS,, ,D,DARK-NO STREET LIGHTS,37.37509,-121.933776,,,,,A,NO PEDESTRIANS INVOLVED,8/6/2023 3:10:00 AM,A,VC 22350,False,1.0,US-101 S/B,,,8/17/2023 9:37:36 AM,A,N,1670.0,SR-87,F,,D,8/17/2023 9:37:39 AM,8/17/2023 9:37:39 AM,False,True,4,,8/6/2023 3:15:00 AM,0315,False,,,True
2146389,9340-2023-03283,1,False,9340,8/5/2023 1:50:00 PM,1350.0,120,1368.0,4313.0,San Jose,43.0,True,True,E,HIT OBJECT,,Saturday,NotApplicable,False,M,,False,True,False,SANTA CLARA SUPERIOR COURT HALL OF JUSTICE,G,BICYCLE,,0.0,0.0,CLEAR,, NO UNUSUAL CONDITIONS,, ,A,DAYLIGHT,37.371666,-121.915887,,,,,A,NO PEDESTRIANS INVOLVED,8/5/2023 1:50:00 PM,A,VC 23114(a),False,1.0,US-101 N/B ,,,8/17/2023 9:30:54 AM,A,S,341.0,N. FIRST ST,F,,D,8/17/2023 9:30:57 AM,8/17/2023 9:30:57 AM,False,True,4,,8/5/2023 2:20:00 PM,1420,False,,,True
2146377,9340-2023-03275,1,False,9340,8/5/2023 10:55:00 AM,1055.0,110,1368.0,4313.0,San Jose,43.0,True,True,C,REAR END,,Saturday,NotApplicable,False,,,False,True,False,SANTA CLARA SUPERIOR COURT HALL OF JUSTICE,C,OTHER MOTOR VEHICLE,,0.0,0.0,CLEAR,, CONSTRUCTION-REPAIR ZONE,, ,A,DAYLIGHT,37.342446,-121.85501,,,,,A,NO PEDESTRIANS INVOLVED,8/5/2023 10:55:00 AM,A,VC 22350,False,1.0,US-101 S/B,,,8/17/2023 9:16:02 AM,A,N,1750.0,I-280,F,,D,8/17/2023 9:20:27 AM,8/17/2023 9:20:27 AM,False,True,4,,8/5/2023 11:05:00 AM,1105,True,EMBEDDED,,True
2146361,9340-2023-03279,1,False,9340,8/5/2023 4:38:00 PM,1638.0,087,1368.0,4313.0,San Jose,43.0,True,True,C,REAR END,,Saturday,NotApplicable,False,,,False,True,True,SANTA CLARA SUPERIOR COURT HALL OF JUSTICE,C,OTHER MOTOR VEHICLE,,0.0,0.0,CLEAR,, NO UNUSUAL CONDITIONS,, On-Duty Emergency Vehicle,A,DAYLIGHT,37.311591,-121.884301,,,,,A,NO PEDESTRIANS INVOLVED,8/5/2023 4:38:00 PM,A,VC 22350,False,1.0,SR-87 N/B,,,8/17/2023 9:04:02 AM,A,N,1500.0,ALMA AVE,F,,D,8/17/2023 9:07:35 AM,8/17/2023 9:07:35 AM,False,True,4,,8/5/2023 4:50:00 PM,1650,False,,,True
2146344,9340-2023-03312,1,False,9340,8/6/2023 3:40:00 AM,340.0,088,1368.0,4313.0,San Jose,43.0,True,True,D,BROADSIDE,,Sunday,Yes,False,,,False,True,True,SANTA CLARA SUPERIOR COURT HALL OF JUSTICE,C,OTHER MOTOR VEHICLE,,1.0,0.0,CLEAR,, NO UNUSUAL CONDITIONS,, ,C,DARK-STREET LIGHTS,37.341812,-121.926016,,,,,A,NO PEDESTRIANS INVOLVED,8/6/2023 3:40:00 AM,A,VC 23152(a),True,1.0,I-880 N/B FROM THE ALAMEDA,,,8/17/2023 8:55:03 AM,A,S,255.0,THE ALAMEDA,F,,D,8/17/2023 8:55:46 AM,8/17/2023 8:55:46 AM,False,True,4,,8/6/2023 3:44:00 AM,0344,False,,,True
2146338,9340-2023-03299,1,False,9340,8/7/2023 12:00:00 AM,2200.0,087,1368.0,4313.0,San Jose,43.0,True,True,E,HIT OBJECT,,Monday,NotApplicable,False,,,False,True,False,SANTA CLARA SUPERIOR COURT HALL OF JUSTICE,I,FIXED OBJECT,CONCRETE BARRIER,1.0,0.0,CLEAR,, NO UNUSUAL CONDITIONS,, ,C,DARK-STREET LIGHTS,37.348418,-121.90753,,,,,A,NO PEDESTRIANS INVOLVED,8/7/2023 12:00:00 AM,A,VC 22107,False,1.0,SR-87 S/B,,,8/17/2023 8:53:05 AM,A,N,825.0,TAYLOR AVE,F,,D,8/17/2023 8:53:11 AM,8/17/2023 8:53:11 AM,False,True,4,,8/7/2023 12:00:00 AM,2215,False,,,True
2146320,9340-2023-03305,1,False,9340,8/7/2023 2:11:00 AM,211.0,083,1368.0,4313.0,San Jose,43.0,True,True,E,HIT OBJECT,,Monday,Yes,False,,,False,True,True,SANTA CLARA SUPERIOR COURT HALL OF JUSTICE,I,FIXED OBJECT,CHAIN LINK/STL POLE FENCE,0.0,0.0,CLEAR,, NO UNUSUAL CONDITIONS,, ,C,DARK-STREET LIGHTS,37.251152,-121.909298,,,,,A,NO PEDESTRIANS INVOLVED,8/7/2023 2:11:00 AM,A,VC 23152(a),True,1.0,SR-85 N/B,,,8/17/2023 8:37:24 AM,A,S,280.0,CAMDEN AVE.,F,,D,8/17/2023 8:37:26 AM,8/17/2023 8:37:26 AM,False,True,4,True,8/7/2023 2:13:00 AM,0213,False,,,False
2145801,9340-2023-03272,1,False,9340,8/4/2023 3:50:00 PM,1550.0,901,1368.0,4313.0,San Jose,43.0,True,True,B,SIDE SWIPE,,Friday,NotApplicable,False,,,False,False,False,SANTA CLARA SUPERIOR COURT HALL OF JUSTICE,C,OTHER MOTOR VEHICLE,,0.0,0.0,CLEAR,, NO UNUSUAL CONDITIONS,, School Bus Collision,A,DAYLIGHT,37.327083,-121.836562,,,,,A,NO PEDESTRIANS INVOLVED,8/4/2023 3:50:00 PM,A,VC 22106,False,1.0,1915 SARASOTA WAY,,,8/16/2023 7:12:35 PM,A,N,35.0,WAYWORD DR,F,,D,8/16/2023 7:12:50 PM,8/16/2023 7:12:50 PM,False,False,4,,8/4/2023 3:56:00 PM,1556,False,,,True
2145741,9340-2023-03368,1,False,9340,8/10/2023 8:10:00 PM,2010.0,281,1368.0,4313.0,San Jose,43.0,True,True,C,REAR END,,Thursday,Yes,False,,,False,True,False,SANTA CLARA SUPERIOR COURT HALL OF JUSTICE,C,OTHER MOTOR VEHICLE,,1.0,0.0,CLEAR,, NO UNUSUAL CONDITIONS,, ,D,DARK-NO STREET LIGHTS,37.336868,-121.856194,,,,,A,NO PEDESTRIANS INVOLVED,8/10/2023 8:10:00 PM,A,VC 22350,False,1.0,I-280 S/B,,,8/16/2023 4:23:05 PM,A,S,327.0,MCLAUGHLIN AVE,F,,D,8/16/2023 4:23:08 PM,8/16/2023 4:23:08 PM,False,True,4,,8/10/2023 8:13:00 PM,2013,False,,,True
2145724,9340-2023-03372,1,False,9340,8/10/2023 4:30:00 PM,1630.0,083,1368.0,4313.0,San Jose,43.0,True,True,C,REAR END,,Thursday,Yes,False,,,False,True,True,SANTA CLARA SUPERIOR COURT HALL OF JUSTICE,C,OTHER MOTOR VEHICLE,,1.0,0.0,CLEAR,, NO UNUSUAL CONDITIONS,, ,A,DAYLIGHT,37.255358,-121.859462,,,,,A,NO PEDESTRIANS INVOLVED,8/10/2023 4:30:00 PM,A,VC 22350,False,1.0,SR-85 S/B,,,8/16/2023 4:06:23 PM,A,N,106.0,SANTA TERESA BLVD,F,,D,8/16/2023 4:06:26 PM,8/16/2023 4:06:26 PM,False,True,4,,8/10/2023 4:40:00 PM,1640,False,,,True
2145642,9340-2023-03322,1,False,9340,8/8/2023 7:40:00 AM,740.0,120,1368.0,4313.0,San Jose,43.0,True,True,C,REAR END,,Tuesday,Yes,False,,,False,True,True,SANTA CLARA SUPERIOR COURT HALL OF JUSTICE,C,OTHER MOTOR VEHICLE,,1.0,0.0,CLEAR,, NO UNUSUAL CONDITIONS,, ,A,DAYLIGHT,37.376674,-121.941136,,,,,A,NO PEDESTRIANS INVOLVED,8/8/2023 7:40:00 AM,A,VC 22350,False,1.0,US-101 N/B,,,8/16/2023 2:58:14 PM,A,S,119.0,TRIMBLE RD,F,,D,8/16/2023 2:58:18 PM,8/16/2023 2:58:18 PM,False,True,4,,8/8/2023 7:46:00 AM,0746,True,EMBEDDED,,True
2145603,9340-2023-03327,1,False,9340,8/8/2023 9:40:00 AM,940.0,281,1368.0,4313.0,San Jose,43.0,True,True,C,REAR END,,Tuesday,NotApplicable,False,M,,False,True,False,SANTA CLARA SUPERIOR COURT HALL OF JUSTICE,C,OTHER MOTOR VEHICLE,,0.0,0.0,CLEAR,, NO UNUSUAL CONDITIONS,, ,A,DAYLIGHT,37.317272,-121.90475,,,,,A,NO PEDESTRIANS INVOLVED,8/8/2023 9:40:00 AM,A,VC 22350,False,1.0,I-280 N/B,,,8/16/2023 2:27:47 PM,A,S,1950.0,RACE ST,F,,D,8/16/2023 2:27:50 PM,8/16/2023 2:27:50 PM,False,True,4,,8/8/2023 11:10:00 AM,1110,True,EMBEDDED,,True
2145581,9340-2023-03331,1,False,9340,8/8/2023 5:50:00 PM,1750.0,087,1368.0,4313.0,San Jose,43.0,True,True,C,REAR END,,Tuesday,NotApplicable,False,,,False,True,False,SANTA CLARA SUPERIOR COURT HALL OF JUSTICE,C,OTHER MOTOR VEHICLE,,2.0,0.0,CLEAR,, NO UNUSUAL CONDITIONS,, ,A,DAYLIGHT,37.33474,-121.897342,,,,,A,NO PEDESTRIANS INVOLVED,8/8/2023 5:50:00 PM,A,VC 22350,False,1.0,SR-87 S/B,,,8/16/2023 2:16:46 PM,A,S,731.0,JULIAN STREET,F,,D,8/16/2023 2:16:51 PM,8/16/2023 2:16:51 PM,False,True,4,,8/8/2023 5:50:00 PM,1750,False,,,True
2145545,9340-2023-03332,1,False,9340,8/8/2023 3:30:00 PM,1530.0,110,1368.0,4313.0,San Jose,43.0,True,True,B,SIDE SWIPE,,Tuesday,NotApplicable,False,,,False,True,False,SANTA CLARA SUPERIOR COURT HALL OF JUSTICE,C,OTHER MOTOR VEHICLE,,0.0,0.0,CLEAR,, NO UNUSUAL CONDITIONS,, ,A,DAYLIGHT,37.28803,-121.80979,,,,,A,NO PEDESTRIANS INVOLVED,8/8/2023 3:30:00 PM,A,VC 22107,False,1.0,US-101 S/B,,,8/16/2023 1:55:11 PM,A,S,2343.0,YERBA BUENA RD,F,,D,8/16/2023 1:55:13 PM,8/16/2023 1:55:13 PM,False,True,4,,8/8/2023 3:42:00 PM,1542,False,,,True
2145538,9340-2023-03352,1,False,9340,8/9/2023 7:09:00 PM,1909.0,110,1368.0,4313.0,San Jose,43.0,True,True,E,HIT OBJECT,,Wednesday,NotApplicable,False,,,False,True,True,SANTA CLARA SUPERIOR COURT HALL OF JUSTICE,I,FIXED OBJECT,TREE ,0.0,0.0,CLEAR,, NO UNUSUAL CONDITIONS,, ,A,DAYLIGHT,37.311974,-121.824827,,,,,A,NO PEDESTRIANS INVOLVED,8/9/2023 7:09:00 PM,C,,,,US-101 N/B,,,8/16/2023 1:50:19 PM,A,S,2993.0,TULLY RD,F,,D,8/16/2023 1:52:15 PM,8/16/2023 1:52:15 PM,False,True,4,,8/9/2023 7:15:00 PM,1915,False,,False,True
2145476,9340-2023-03347,1,False,9340,8/9/2023 6:20:00 PM,1820.0,281,1368.0,4313.0,San Jose,43.0,True,True,B,SIDE SWIPE,,Wednesday,NotApplicable,False,,,False,True,False,SANTA CLARA SUPERIOR COURT HALL OF JUSTICE,C,OTHER MOTOR VEHICLE,,1.0,0.0,CLEAR,, NO UNUSUAL CONDITIONS,, ,A,DAYLIGHT,37.315577,-121.915708,,,,,A,NO PEDESTRIANS INVOLVED,8/9/2023 6:20:00 PM,A,VC 21658(A),False,1.0,I-280 S/B,,,8/16/2023 1:20:07 PM,A,N,253.0,MERIDAN AVE,F,,D,8/16/2023 1:20:09 PM,8/16/2023 1:20:09 PM,False,True,4,,8/9/2023 6:25:00 PM,1825,False,,,True
2145472,9340-2023-03248,1,False,9340,8/3/2023 4:37:00 PM,1637.0,240,1368.0,4313.0,San Jose,43.0,True,True,E,HIT OBJECT,,Thursday,NotApplicable,False,,,False,True,True,SANTA CLARA SUPERIOR COURT HALL OF JUSTICE,I,FIXED OBJECT,METAL GUARDRAIL,0.0,0.0,CLEAR,, NO UNUSUAL CONDITIONS,, ,A,DAYLIGHT,37.419378,-121.949297,,,,,A,NO PEDESTRIANS INVOLVED,8/3/2023 4:37:00 PM,A,VC 22107,False,1.0,SR-237 W/B,,,8/16/2023 1:14:31 PM,A,W,2725.0,ZANKER RD,F,,D,8/16/2023 1:14:34 PM,8/16/2023 1:14:34 PM,False,True,4,,8/3/2023 4:42:00 PM,1642,False,,,True
2145371,9340-2023-03358,1,False,9340,8/9/2023 1:43:00 PM,1343.0,110,1368.0,4313.0,San Jose,43.0,True,True,C,REAR END,,Wednesday,NotApplicable,False,,,False,True,False,SANTA CLARA SUPERIOR COURT HALL OF JUSTICE,C,OTHER MOTOR VEHICLE,,3.0,0.0,CLEAR,, NO UNUSUAL CONDITIONS,, ,A,DAYLIGHT,37.363147,-121.891213,,,,,A,NO PEDESTRIANS INVOLVED,8/9/2023 1:43:00 PM,A,VC 22350,False,1.0,US-101 N/B,,,8/16/2023 11:46:56 AM,A,S,40.0,OAKLAND RD,F,,D,8/16/2023 11:47:04 AM,8/16/2023 11:47:04 AM,False,True,4,,8/9/2023 1:45:00 PM,1345,False,,,True
2145257,9340-2023-03286,1,False,9340,8/4/2023 9:25:00 PM,2125.0,087,1368.0,4313.0,San Jose,43.0,True,True,C,REAR END,,Friday,NotApplicable,False,,,False,True,False,SANTA CLARA SUPERIOR COURT HALL OF JUSTICE,C,OTHER MOTOR VEHICLE,,0.0,0.0,CLEAR,, NO UNUSUAL CONDITIONS,, ,D,DARK-NO STREET LIGHTS,37.294768,-121.872396,,,,,A,NO PEDESTRIANS INVOLVED,8/4/2023 9:25:00 PM,A,VC 22350,False,1.0,SR-87 N/B TO CURTNER,,,8/16/2023 10:19:32 AM,A,S,25.0,CURTNER AVE,F,,D,8/16/2023 10:22:52 AM,8/16/2023 10:22:52 AM,False,True,4,,8/5/2023 12:11:00 AM,0011,False,,,True
2145251,9340-2023-03303,1,False,9340,8/7/2023 7:57:00 AM,757.0,087,1368.0,4313.0,San Jose,43.0,True,True,C,REAR END,,Monday,NotApplicable,False,,,False,True,True,SANTA CLARA SUPERIOR COURT HALL OF JUSTICE,C,OTHER MOTOR VEHICLE,,2.0,0.0,CLEAR,, NO UNUSUAL CONDITIONS,, ,A,DAYLIGHT,37.286164,-121.868574,,,,,A,NO PEDESTRIANS INVOLVED,8/7/2023 7:57:00 AM,A,VC 22350,True,1.0,SR-87 N/B,,,8/16/2023 10:18:49 AM,A,S,1500.0,CAROL DRIVE,F,,D,8/16/2023 10:18:55 AM,8/16/2023 10:18:55 AM,False,True,4,,8/7/2023 8:00:00 AM,0800,True,EMBEDDED,,True
2145247,9340-2023-03301,1,False,9340,8/7/2023 7:35:00 AM,735.0,281,1368.0,4313.0,San Jose,43.0,True,True,B,SIDE SWIPE,,Monday,NotApplicable,False,,,False,True,False,SANTA CLARA SUPERIOR COURT HALL OF JUSTICE,C,OTHER MOTOR VEHICLE,,0.0,0.0,CLEAR,, NO UNUSUAL CONDITIONS,, ,A,DAYLIGHT,37.33747,-121.85528,,,,,A,NO PEDESTRIANS INVOLVED,8/7/2023 7:35:00 AM,A,VC 21658(A),False,1.0,I-280 S/B,,,8/16/2023 10:17:16 AM,A,S,635.0,MCLAUGHLIN AVE,F,,D,8/16/2023 10:17:19 AM,8/16/2023 10:17:19 AM,False,True,4,,8/7/2023 7:40:00 AM,0740,False,,,True
2145197,9340-2023-03290,1,False,9340,8/6/2023 1:55:00 AM,155.0,110,1368.0,4313.0,San Jose,43.0,True,True,C,REAR END,,Sunday,Yes,False,F,,False,True,True,SANTA CLARA SUPERIOR COURT HALL OF JUSTICE,C,OTHER MOTOR VEHICLE,,1.0,0.0,CLEAR,, NO UNUSUAL CONDITIONS,, ,D,DARK-NO STREET LIGHTS,37.312888,-121.826402,,,,,A,NO PEDESTRIANS INVOLVED,8/6/2023 1:55:00 AM,A,VC 22107,False,1.0,US-101 S/B,,,8/16/2023 9:46:52 AM,A,S,2458.0,TULLY ROAD,F,,D,8/16/2023 9:46:56 AM,8/16/2023 9:46:56 AM,False,True,4,True,8/6/2023 2:23:00 AM,0223,False,,,True
2145065,9725-2023-01098,1,False,9725,8/11/2023 3:35:00 PM,1535.0,013,1368.0,4313.0,San Jose,43.0,True,True,B,SIDE SWIPE,,Friday,NotApplicable,False,,,False,True,False,SANTA CLARA SUPERIOR COURT DOWNTOWN SUPERIOR COURT,C,OTHER MOTOR VEHICLE,,0.0,0.0,CLEAR,, OBSTRUCTION ON ROADWAY*,, ,A,DAYLIGHT,37.205628,-121.717101,,,,,A,NO PEDESTRIANS INVOLVED,8/11/2023 3:35:00 PM,A,VC 21658(A),False,1.0,US-101 SOUTHBOUND,,,8/16/2023 7:44:07 AM,A,S,2300.0,BAILEY ROAD,F,,D,8/16/2023 7:44:14 AM,8/16/2023 7:44:14 AM,False,True,4,,8/11/2023 3:42:00 PM,1542,False,,True,
2144693,9340-2023-03354,1,False,9340,8/9/2023 7:55:00 PM,1955.0,281,1368.0,4313.0,San Jose,43.0,True,True,C,REAR END,,Wednesday,NotApplicable,False,,,False,True,False,SANTA CLARA SUPERIOR COURT HALL OF JUSTICE,C,OTHER MOTOR VEHICLE,,0.0,0.0,CLEAR,, NO UNUSUAL CONDITIONS,, ,A,DAYLIGHT,37.317029,-121.933183,,,,,A,NO PEDESTRIANS INVOLVED,8/9/2023 7:55:00 PM,A,VC 22350,False,1.0,I-280 S/B,,,8/15/2023 8:42:29 PM,A,N,338.0,BASCOM AVE,F,,D,8/15/2023 8:42:36 PM,8/15/2023 8:42:36 PM,False,True,4,,8/9/2023 8:00:00 PM,2000,False,,,True
2144690,9340-2023-03350,1,False,9340,8/9/2023 5:30:00 PM,1730.0,083,1368.0,4313.0,San Jose,43.0,True,True,B,SIDE SWIPE,,Wednesday,NotApplicable,False,M,,False,True,False,SANTA CLARA SUPERIOR COURT HALL OF JUSTICE,C,OTHER MOTOR VEHICLE,,0.0,0.0,CLEAR,, NO UNUSUAL CONDITIONS,, ,A,DAYLIGHT,37.250819,-121.906113,,,,,A,NO PEDESTRIANS INVOLVED,8/9/2023 5:30:00 PM,A,VC 22107,False,1.0,SR-85 N/B,,,8/15/2023 8:13:20 PM,A,S,1186.0,CAMDEN AVE,F,,D,8/15/2023 8:13:30 PM,8/15/2023 8:13:30 PM,False,True,4,,8/9/2023 5:45:00 PM,1745,False,,,True
2144682,9340-2023-03353,1,False,9340,8/9/2023 6:37:00 PM,1837.0,087,1368.0,4313.0,San Jose,43.0,True,True,C,REAR END,,Wednesday,NotApplicable,False,,,False,True,False,SANTA CLARA SUPERIOR COURT HALL OF JUSTICE,C,OTHER MOTOR VEHICLE,,0.0,0.0,CLEAR,, NO UNUSUAL CONDITIONS,, ,A,DAYLIGHT,37.319356,-121.890381,,,,,A,NO PEDESTRIANS INVOLVED,8/9/2023 6:37:00 PM,A,VC 22350,False,1.0,I-280 S/B-N/B TO SR-87 S/B,,,8/15/2023 7:42:28 PM,A,S,182.0,WEST VRIGINIA STREET,F,,D,8/15/2023 7:42:34 PM,8/15/2023 7:42:34 PM,False,True,4,,8/9/2023 6:47:00 PM,1847,False,,,True
2144675,9340-2023-03355,1,False,9340,8/9/2023 7:10:00 PM,1910.0,282,1368.0,4313.0,San Jose,43.0,True,True,C,REAR END,,Wednesday,NotApplicable,False,,,False,True,False,SANTA CLARA SUPERIOR COURT HALL OF JUSTICE,C,OTHER MOTOR VEHICLE,,0.0,0.0,CLEAR,, NO UNUSUAL CONDITIONS,, ,A,DAYLIGHT,37.316151,-121.970293,,,,,A,NO PEDESTRIANS INVOLVED,8/9/2023 7:10:00 PM,A,VC 22350,False,1.0,I-280 S/B,,,8/15/2023 7:17:03 PM,A,S,1400.0,SARATOGA AVE,F,,D,8/15/2023 7:17:07 PM,8/15/2023 7:17:07 PM,False,True,4,,8/9/2023 7:15:00 PM,1915,False,,,True
2144587,9340-2023-03324,1,False,9340,8/8/2023 12:40:00 PM,1240.0,282,1368.0,4313.0,San Jose,43.0,True,True,B,SIDE SWIPE,,Tuesday,NotApplicable,False,,,False,True,False,SANTA CLARA SUPERIOR COURT HALL OF JUSTICE,C,OTHER MOTOR VEHICLE,,0.0,0.0,CLEAR,, NO UNUSUAL CONDITIONS,, ,A,DAYLIGHT,37.316296,-121.96253,,,,,A,NO PEDESTRIANS INVOLVED,8/8/2023 12:40:00 PM,A,VC 21658(a),False,1.0,I-280 S/B,,,8/15/2023 3:51:45 PM,A,N,3555.0,WINCHESTER BL.,F,,D,8/15/2023 3:51:52 PM,8/15/2023 3:51:52 PM,False,True,4,False,8/8/2023 12:55:00 PM,1255,False,,,True