Collision Id,	Report Number,	Report Version,	Is Preliminary,	NCIC Code,Crash Date Time,	Crash Time Description,	Beat,City Id,	City Code,	City Name,County Code,	City Is Active,	City Is Incorporated,	Collision Type Code,Collision Type Description,	Collision Type Other Desc,	Day Of Week,	DispatchNotified,	HasPhotographs,	HitRun,	IsAttachmentsMailed,	IsDeleted,	IsHighwayRelated,	IsTowAway,	JudicialDistrict,	MotorVehicleInvolvedWithCode,	MotorVehicleInvolvedWithDesc,MotorVehicleInvolvedWithOtherDesc,	NumberInjured,	NumberKilled,Weather 1, Weather 2, Road Condition 1, Road Condition 2, Special Condition,LightingCode, LightingDescription,Latitude,Longitude,MilepostDirection,MilepostDistance,MilepostMarker,MilepostUnitOfMeasure,	PedestrianActionCode,PedestrianActionDesc,PreparedDate,	Primary Collision Factor Code,Primary Collision Factor Violation,PrimaryCollisionFactorIsCited,	PrimaryCollisionPartyNumber,	PrimaryRoad,	ReportingDistrict,	ReportingDistrictCode,ReviewedDate,	RoadwaySurfaceCode,SecondaryDirection,	SecondaryDistance,	SecondaryRoad,	SecondaryUnitOfMeasure,	SketchDesc,	TrafficControlDeviceCode,CreatedDate,	ModifiedDate,IsCountyRoad,IsFreeway,CHP555Version,	IsAdditonalObjectStruck,NotificationDate,	NotificationTimeDescription,	HasDigitalMediaFiles,	EvidenceNumber,	IsLocationReferToNarrative,	IsAOIOneSameAsLocation
2144484,9340-2023-03265,1,False,9340,8/4/2023 3:55:00 PM,1555.0,120,1368.0,4313.0,San Jose,43.0,True,True,C,REAR END,,Friday,NotApplicable,False,,,False,True,False,SANTA CLARA SUPERIOR COURT HALL OF JUSTICE,A,NON-COLLISION,,0.0,0.0,CLEAR,, NO UNUSUAL CONDITIONS,, ,A,DAYLIGHT,37.381652,-121.963507,,,,,A,NO PEDESTRIANS INVOLVED,8/4/2023 3:55:00 PM,A,VC 22350,False,1.0,US-101 S/B ,,,8/15/2023 2:23:18 PM,A,S,145.0,SAN TOMAS EXPY,F,,D,8/15/2023 2:23:28 PM,8/15/2023 2:23:28 PM,False,True,4,,8/4/2023 3:57:00 PM,1557,False,,,True
2144479,9340-2023-03310,1,False,9340,8/7/2023 9:15:00 AM,915.0,110,1368.0,4313.0,San Jose,43.0,True,True,C,REAR END,,Monday,Yes,False,,,False,True,True,SANTA CLARA SUPERIOR COURT HALL OF JUSTICE,C,OTHER MOTOR VEHICLE,,1.0,0.0,CLEAR,, NO UNUSUAL CONDITIONS,, ,A,DAYLIGHT,37.286001,-121.80936,,,,,A,NO PEDESTRIANS INVOLVED,8/7/2023 9:15:00 AM,A,VC 22350,False,1.0,US-101 N/B ,,,8/15/2023 2:20:49 PM,A,N,1000.0,HELLYER AVE.,F,,D,8/15/2023 2:20:53 PM,8/15/2023 2:20:53 PM,False,True,4,,8/7/2023 9:20:00 AM,0920,False,,,True
2144470,9340-2023-03314,1,False,9340,8/7/2023 5:30:00 PM,1730.0,681,1368.0,4313.0,San Jose,43.0,True,True,B,SIDE SWIPE,,Monday,NotApplicable,False,,,False,True,False,SANTA CLARA SUPERIOR COURT HALL OF JUSTICE,C,OTHER MOTOR VEHICLE,,0.0,0.0,CLEAR,, NO UNUSUAL CONDITIONS,, ,A,DAYLIGHT,37.362791,-121.842806,,,,,A,NO PEDESTRIANS INVOLVED,8/7/2023 5:30:00 PM,A,VC 21658(A),False,1.0,I-680 N/B,,,8/15/2023 2:15:18 PM,A,S,2000.0,MCKEE RD,F,,D,8/15/2023 2:15:25 PM,8/15/2023 2:15:25 PM,False,True,4,,8/7/2023 5:35:00 PM,1735,False,,,True
2144064,9340-2023-03262,1,False,9340,8/4/2023 9:20:00 AM,920.0,120,1368.0,4313.0,San Jose,43.0,True,True,C,REAR END,,Friday,NotApplicable,False,M,,False,True,True,SANTA CLARA SUPERIOR COURT HALL OF JUSTICE,C,OTHER MOTOR VEHICLE,,0.0,0.0,CLEAR,, NO UNUSUAL CONDITIONS,, ,A,DAYLIGHT,37.363341,-121.897261,,,,,A,NO PEDESTRIANS INVOLVED,8/4/2023 9:20:00 AM,A,VC 22350,False,1.0,US-101 S/B,,,8/15/2023 9:18:22 AM,A,S,153.0,N 10TH ST,F,,D,8/15/2023 9:18:29 AM,8/15/2023 9:18:29 AM,False,True,4,,8/4/2023 9:30:00 AM,0930,False,,,True
2144062,9340-2023-03253,1,False,9340,8/3/2023 1:25:00 PM,1325.0,110,1368.0,4313.0,San Jose,43.0,True,True,B,SIDE SWIPE,,Thursday,NotApplicable,False,M,,False,True,False,SANTA CLARA SUPERIOR COURT HALL OF JUSTICE,C,OTHER MOTOR VEHICLE,,0.0,0.0,CLEAR,, NO UNUSUAL CONDITIONS,, ,A,DAYLIGHT,37.319248,-121.830816,,,,,A,NO PEDESTRIANS INVOLVED,8/3/2023 1:25:00 PM,D,,,,US-101 N/B FROM TULLY ROAD,,,8/15/2023 9:16:13 AM,A,N,45.0,TULLY RD,F,,D,8/15/2023 9:16:22 AM,8/15/2023 9:16:22 AM,False,True,4,,8/3/2023 1:47:00 PM,1347,False,,,True
2143508,9340-2023-03291,1,False,9340,8/6/2023 8:00:00 AM,800.0,110,1368.0,4313.0,San Jose,43.0,True,True,E,HIT OBJECT,,Sunday,NotApplicable,False,,,False,True,True,SANTA CLARA SUPERIOR COURT HALL OF JUSTICE,I,FIXED OBJECT,OVER CROSS BRIDGE,1.0,0.0,CLEAR,, NO UNUSUAL CONDITIONS,, ,A,DAYLIGHT,37.346326,-121.858868,,,,,A,NO PEDESTRIANS INVOLVED,8/6/2023 8:00:00 AM,A,VC 22107,False,1.0,US-101 S/B,,,8/14/2023 4:05:55 PM,A,N,5.0,E. SAN ANTONIO ST.,F,,D,8/14/2023 4:05:58 PM,8/14/2023 4:05:58 PM,False,True,4,,8/6/2023 8:01:00 AM,0801,True,EMBEDDED,,False
2143465,9340-2023-03276,1,False,9340,8/5/2023 11:39:00 AM,1139.0,681,1368.0,4313.0,San Jose,43.0,True,True,C,REAR END,,Saturday,NotApplicable,False,,,False,True,True,SANTA CLARA SUPERIOR COURT HALL OF JUSTICE,C,OTHER MOTOR VEHICLE,,0.0,0.0,CLEAR,, NO UNUSUAL CONDITIONS,, ,A,DAYLIGHT,37.376304,-121.854238,,,,,A,NO PEDESTRIANS INVOLVED,8/5/2023 11:39:00 AM,A,VC 21658(A),False,1.0,I-680 N/B,,,8/14/2023 3:34:01 PM,A,S,219.0,MABURY RD,F,,D,8/14/2023 3:34:05 PM,8/14/2023 3:34:05 PM,False,True,4,,8/5/2023 11:46:00 AM,1146,True,EMBEDDED,,True
2143463,9340-2023-03280,1,False,9340,8/5/2023 6:00:00 PM,1800.0,681,1368.0,4313.0,San Jose,43.0,True,True,D,BROADSIDE,,Saturday,Yes,False,,,False,True,True,SANTA CLARA SUPERIOR COURT HALL OF JUSTICE,C,OTHER MOTOR VEHICLE,,3.0,0.0,CLEAR,, NO UNUSUAL CONDITIONS,, ,A,DAYLIGHT,37.378167,-121.856602,,,,,A,NO PEDESTRIANS INVOLVED,8/5/2023 6:00:00 PM,A,VC 22107,False,1.0,I-680 S/B,,,8/14/2023 3:30:38 PM,A,N,710.0,MAUBURY ROAD,F,,D,8/14/2023 3:30:41 PM,8/14/2023 3:30:41 PM,False,True,4,,8/5/2023 6:10:00 PM,1810,False,,,True
2143415,9340-2023-03263,1,False,9340,8/4/2023 3:00:00 PM,1500.0,120,1368.0,4313.0,San Jose,43.0,True,True,C,REAR END,,Friday,NotApplicable,False,,,False,True,False,SANTA CLARA SUPERIOR COURT HALL OF JUSTICE,C,OTHER MOTOR VEHICLE,,0.0,0.0,CLEAR,, NO UNUSUAL CONDITIONS,, ,A,DAYLIGHT,37.394374,-122.007362,,,,,A,NO PEDESTRIANS INVOLVED,8/4/2023 3:00:00 PM,A,VC 22350,False,1.0,US-101 S/B ,,,8/14/2023 2:47:38 PM,A,S,0.5,FAIR OAKS AVENUE,M,,D,8/14/2023 2:47:42 PM,8/14/2023 2:47:42 PM,False,True,4,,8/4/2023 3:10:00 PM,1510,False,,,True
2143394,9340-2023-03260,1,False,9340,8/4/2023 7:30:00 AM,730.0,087,1368.0,4313.0,San Jose,43.0,True,True,B,SIDE SWIPE,,Friday,NotApplicable,False,,,False,True,False,SANTA CLARA SUPERIOR COURT HALL OF JUSTICE,C,OTHER MOTOR VEHICLE,,0.0,0.0,CLEAR,, NO UNUSUAL CONDITIONS,, ,A,DAYLIGHT,37.294641,-121.872844,,,,,A,NO PEDESTRIANS INVOLVED,8/4/2023 7:30:00 AM,A,VC 22107,True,1.0,SR-87 N/B,,,8/14/2023 2:27:29 PM,A,N,20.0,CURTNER AVE,F,,D,8/14/2023 2:27:34 PM,8/14/2023 2:27:34 PM,False,True,4,,8/4/2023 7:36:00 AM,0736,True,EMBEDDED,,True
2143366,9340-2023-03247,1,False,9340,8/3/2023 8:40:00 AM,840.0,110,1368.0,4313.0,San Jose,43.0,True,True,C,REAR END,,Thursday,NotApplicable,False,,,False,True,False,SANTA CLARA SUPERIOR COURT HALL OF JUSTICE,C,OTHER MOTOR VEHICLE,,0.0,0.0,CLEAR,, NO UNUSUAL CONDITIONS,, ,A,DAYLIGHT,37.303564,-121.816941,,,,,A,NO PEDESTRIANS INVOLVED,8/3/2023 8:40:00 AM,A,VC 21658(A),False,1.0,US-101 N/B,,,8/14/2023 1:57:50 PM,A,N,500.0,CAPITOL EXPY.,F,,D,8/14/2023 1:57:53 PM,8/14/2023 1:57:53 PM,False,True,4,,8/3/2023 9:00:00 AM,0900,False,,,True
2143354,9340-2023-03250,1,False,9340,8/3/2023 8:15:00 PM,2015.0,230,1368.0,4313.0,San Jose,43.0,True,True,C,REAR END,,Thursday,NotApplicable,False,,,False,True,True,SANTA CLARA SUPERIOR COURT HALL OF JUSTICE,C,OTHER MOTOR VEHICLE,,0.0,0.0,CLEAR,, NO UNUSUAL CONDITIONS,, ,B,DUSK-DAWN,37.419011,-121.96126,,,,,A,NO PEDESTRIANS INVOLVED,8/3/2023 8:15:00 PM,A,VC 22350,False,1.0,SR-237 E/B,,,8/14/2023 1:44:35 PM,A,W,523.0,FIRST STREET,F,,D,8/14/2023 1:44:39 PM,8/14/2023 1:44:39 PM,False,True,4,,8/3/2023 8:21:00 PM,2021,False,,,True
2143316,9340-2023-03294,1,False,9340,8/6/2023 3:18:00 PM,1518.0,681,1368.0,4313.0,San Jose,43.0,True,True,B,SIDE SWIPE,,Sunday,NotApplicable,False,M,,False,True,False,SANTA CLARA SUPERIOR COURT HALL OF JUSTICE,C,OTHER MOTOR VEHICLE,,0.0,0.0,CLEAR,, NO UNUSUAL CONDITIONS,, ,A,DAYLIGHT,37.366743,-121.845119,,,,,A,NO PEDESTRIANS INVOLVED,8/6/2023 3:18:00 PM,A,VC 22107,False,1.0,I-680 N/B,,,8/14/2023 1:09:39 PM,A,S,483.0,MCKEE RD.,F,,D,8/14/2023 1:09:42 PM,8/14/2023 1:09:42 PM,False,True,4,,8/6/2023 4:31:00 PM,1631,False,,,True
2143179,9340-2023-03288,1,False,9340,8/5/2023 3:50:00 PM,1550.0,110,1368.0,4313.0,San Jose,43.0,True,True,B,SIDE SWIPE,,Saturday,NotApplicable,False,,,False,True,True,SANTA CLARA SUPERIOR COURT HALL OF JUSTICE,C,OTHER MOTOR VEHICLE,,0.0,0.0,CLEAR,, NO UNUSUAL CONDITIONS,, ,A,DAYLIGHT,37.279215,-121.80655,,,,,A,NO PEDESTRIANS INVOLVED,8/5/2023 3:50:00 PM,A,VC 22107,True,1.0,US-101 N/B,,,8/14/2023 11:25:39 AM,A,S,1128.0,HELLYER AVE.,F,,D,8/14/2023 11:25:42 AM,8/14/2023 11:25:42 AM,False,True,4,,8/5/2023 3:57:00 PM,1557,False,,,True
2143128,9340-2023-03264,1,False,9340,8/4/2023 5:10:00 PM,1710.0,088,1368.0,4313.0,San Jose,43.0,True,True,C,REAR END,,Friday,NotApplicable,False,,,False,True,False,SANTA CLARA SUPERIOR COURT HALL OF JUSTICE,C,OTHER MOTOR VEHICLE,,0.0,0.0,CLEAR,, NO UNUSUAL CONDITIONS,, ,A,DAYLIGHT,37.363927,-121.90217,,,,,A,NO PEDESTRIANS INVOLVED,8/4/2023 5:10:00 PM,A,VC 22350,False,1.0,I-880 S/B,,,8/14/2023 10:46:33 AM,A,S,19.0,US-101,F,,D,8/14/2023 10:46:36 AM,8/14/2023 10:46:36 AM,False,True,4,,8/4/2023 5:50:00 PM,1750,False,,,True
2142953,9340-2023-03238,1,False,9340,8/2/2023 9:45:00 PM,2145.0,281,1368.0,4313.0,San Jose,43.0,True,True,E,HIT OBJECT,,Wednesday,Yes,False,,,False,True,False,SANTA CLARA SUPERIOR COURT HALL OF JUSTICE,I,FIXED OBJECT,CONCRETE BARRIER,0.0,0.0,CLEAR,, NO UNUSUAL CONDITIONS,, ,D,DARK-NO STREET LIGHTS,37.328249,-121.872294,,,,,A,NO PEDESTRIANS INVOLVED,8/2/2023 9:45:00 PM,A,VC 23152(a),True,1.0,I-280 S/B,,,8/14/2023 9:14:56 AM,A,N,1134.0,S.10TH STREET,F,,D,8/14/2023 9:14:56 AM,8/14/2023 9:14:56 AM,False,True,4,,8/2/2023 9:50:00 PM,2150,False,,,True
2142938,9340-2023-03246,1,False,9340,8/3/2023 8:46:00 AM,846.0,120,1368.0,4313.0,San Jose,43.0,True,True,C,REAR END,,Thursday,NotApplicable,False,M,,False,True,False,SANTA CLARA SUPERIOR COURT HALL OF JUSTICE,C,OTHER MOTOR VEHICLE,,0.0,0.0,CLEAR,, HOLES- DEEPRUT*,, ,A,DAYLIGHT,37.371157,-121.914314,,,,,A,NO PEDESTRIANS INVOLVED,8/3/2023 8:46:00 AM,A,VC 22350,False,1.0,US-101 N/B,,,8/14/2023 9:05:45 AM,A,S,800.0,N. FIRST ST.,F,,D,8/14/2023 9:06:03 AM,8/14/2023 9:06:03 AM,False,True,4,,8/3/2023 9:05:00 AM,0905,False,,,True
2142893,9340-2023-03232,1,False,9340,8/2/2023 7:50:00 AM,750.0,110,1368.0,4313.0,San Jose,43.0,True,True,C,REAR END,,Wednesday,Yes,False,,,False,True,True,SANTA CLARA SUPERIOR COURT HALL OF JUSTICE,C,OTHER MOTOR VEHICLE,,1.0,0.0,CLEAR,, NO UNUSUAL CONDITIONS,, ,A,DAYLIGHT,37.286715,-121.809662,,,,,A,NO PEDESTRIANS INVOLVED,8/2/2023 7:50:00 AM,A,VC 22350,False,1.0,US-101 S/B,,,8/14/2023 8:35:37 AM,A,N,1000.0,HELLYER AVE.,F,,D,8/14/2023 8:35:41 AM,8/14/2023 8:35:41 AM,False,True,4,,8/2/2023 8:00:00 AM,0800,False,,,False
2142890,9340-2023-03235,1,False,9340,8/2/2023 4:38:00 PM,1638.0,281,1368.0,4313.0,San Jose,43.0,True,True,C,REAR END,,Wednesday,NotApplicable,False,,,False,True,True,SANTA CLARA SUPERIOR COURT HALL OF JUSTICE,C,OTHER MOTOR VEHICLE,,1.0,0.0,CLEAR,, NO UNUSUAL CONDITIONS,, ,A,DAYLIGHT,37.315807,-121.916226,,,,,A,NO PEDESTRIANS INVOLVED,8/2/2023 4:38:00 PM,A,VC 22350,False,1.0,I-280 S/B,,,8/14/2023 8:34:31 AM,A,N,338.0,MERIDIAN AVE,F,,D,8/14/2023 8:34:38 AM,8/14/2023 8:34:38 AM,False,True,4,False,8/2/2023 4:40:00 PM,1640,False,,,True
2142863,9340-2023-03302,1,False,9340,6/23/2023 12:30:00 AM,30.0,110,1368.0,4313.0,San Jose,43.0,True,True,B,SIDE SWIPE,,Friday,NotApplicable,False,,,False,True,False,SANTA CLARA SUPERIOR COURT HALL OF JUSTICE,C,OTHER MOTOR VEHICLE,,0.0,0.0,CLEAR,, NO UNUSUAL CONDITIONS,, ,C,DARK-STREET LIGHTS,37.363408,-121.891257,,,,,A,NO PEDESTRIANS INVOLVED,6/23/2023 12:30:00 AM,A,VC 22107,False,1.0,US-101 N/B TO OLD OAKLAND RD.,,,8/14/2023 8:06:55 AM,A,S,13.0,OLD OAKLAND RD.,F,,A,8/14/2023 8:11:40 AM,8/14/2023 8:11:40 AM,False,True,4,,6/23/2023 12:31:00 AM,0031,False,,,True
2142842,9340-2023-03216,1,False,9340,8/1/2023 2:25:00 PM,1425.0,281,1368.0,4313.0,San Jose,43.0,True,True,D,BROADSIDE,,Tuesday,NotApplicable,False,,,False,True,False,SANTA CLARA SUPERIOR COURT HALL OF JUSTICE,C,OTHER MOTOR VEHICLE,,5.0,0.0,CLEAR,, NO UNUSUAL CONDITIONS,, ,A,DAYLIGHT,37.320098,-121.901412,,,,,A,NO PEDESTRIANS INVOLVED,8/1/2023 2:25:00 PM,A,VC 22350,False,1.0,I-280 N/B,,,8/14/2023 7:52:18 AM,A,N,1140.0,BIRD AVE,F,,D,8/14/2023 7:52:29 AM,8/14/2023 7:52:29 AM,False,True,4,,8/1/2023 2:26:00 PM,1426,False,,,True
2142809,9340-2023-03155,1,False,9340,7/28/2023 12:00:00 PM,1200.0,120,1368.0,4313.0,San Jose,43.0,True,True,C,REAR END,,Friday,NotApplicable,False,,,False,True,False,SANTA CLARA SUPERIOR COURT HALL OF JUSTICE,C,OTHER MOTOR VEHICLE,,2.0,0.0,CLEAR,, NO UNUSUAL CONDITIONS,, ,A,DAYLIGHT,37.378096,-121.947876,,,,,A,NO PEDESTRIANS INVOLVED,7/28/2023 12:00:00 PM,A,VC 22350,False,1.0,US-101 N/B,,,8/14/2023 7:28:14 AM,A,S,81.0,LAFAYETTE ST,F,,A,8/14/2023 7:28:18 AM,8/14/2023 7:28:18 AM,False,True,4,,7/28/2023 12:01:00 PM,1201,False,,,True
2142227,9340-2023-03293,1,False,9340,8/6/2023 4:45:00 PM,1645.0,110,1368.0,4313.0,San Jose,43.0,True,True,C,REAR END,,Sunday,NotApplicable,False,M,,False,True,False,SANTA CLARA SUPERIOR COURT HALL OF JUSTICE,C,OTHER MOTOR VEHICLE,,0.0,0.0,CLEAR,, NO UNUSUAL CONDITIONS,, ,A,DAYLIGHT,37.257403,-121.79917,,,,,A,NO PEDESTRIANS INVOLVED,8/6/2023 4:45:00 PM,A,VC 22350,False,1.0,US-101 S/B TO BLOSSOM HILL RD,,,8/11/2023 7:10:08 PM,A,N,14.0,BLOSSOM HILL RD,F,,A,8/11/2023 7:10:13 PM,8/11/2023 7:10:13 PM,False,True,4,,8/6/2023 5:04:00 PM,1704,False,,,True
2142052,9340-2023-03244,1,False,9340,8/3/2023 8:05:00 AM,805.0,172,1368.0,4313.0,San Jose,43.0,True,True,C,REAR END,,Thursday,NotApplicable,False,M,,False,True,False,SANTA CLARA SUPERIOR COURT HALL OF JUSTICE,C,OTHER MOTOR VEHICLE,,0.0,0.0,CLEAR,, NO UNUSUAL CONDITIONS,, ,A,DAYLIGHT,37.300979,-121.940414,,,,,A,NO PEDESTRIANS INVOLVED,8/3/2023 8:05:00 AM,A,VC 22350,False,1.0,SR-17 N/B,,,8/11/2023 2:00:40 PM,A,N,0.5,HAMILTON AVE,M,,D,8/11/2023 2:00:44 PM,8/11/2023 2:00:44 PM,False,True,4,,8/3/2023 8:06:00 AM,0806,True,EMBEDDED,,True
2142039,9340-2023-03251,1,False,9340,8/3/2023 7:50:00 PM,1950.0,681,1368.0,4313.0,San Jose,43.0,True,True,E,HIT OBJECT,,Thursday,NotApplicable,False,M,,False,True,False,SANTA CLARA SUPERIOR COURT HALL OF JUSTICE,I,FIXED OBJECT,TREE,0.0,0.0,CLEAR,, NO UNUSUAL CONDITIONS,, ,A,DAYLIGHT,37.37205,-121.85068,,,,,A,NO PEDESTRIANS INVOLVED,8/3/2023 7:50:00 PM,A,VC 22107,False,1.0,I-680 S/B,,,8/11/2023 1:49:41 PM,A,N,1914.0,MCKEE RD.,F,,D,8/11/2023 1:49:43 PM,8/11/2023 1:49:43 PM,False,True,4,,8/3/2023 7:54:00 PM,1954,False,,,True
2142024,9340-2023-03252,1,False,9340,8/3/2023 6:00:00 PM,1800.0,282,1368.0,4313.0,San Jose,43.0,True,True,C,REAR END,,Thursday,NotApplicable,False,,,False,True,False,SANTA CLARA SUPERIOR COURT HALL OF JUSTICE,C,OTHER MOTOR VEHICLE,,0.0,0.0,CLEAR,, NO UNUSUAL CONDITIONS,, ,A,DAYLIGHT,37.316479,-121.957928,,,,,A,NO PEDESTRIANS INVOLVED,8/3/2023 6:00:00 PM,A,VC 22350,False,1.0,I-280 N/B,,,8/11/2023 1:38:09 PM,A,N,3000.0,WINCHESTER BLVD,F,,D,8/11/2023 1:38:10 PM,8/11/2023 1:38:10 PM,False,True,4,,8/3/2023 6:05:00 PM,1805,False,,,True
2141991,9340-2023-03237,1,False,9340,8/2/2023 4:50:00 PM,1650.0,681,1368.0,4313.0,San Jose,43.0,True,True,C,REAR END,,Wednesday,NotApplicable,False,,,False,True,False,SANTA CLARA SUPERIOR COURT HALL OF JUSTICE,C,OTHER MOTOR VEHICLE,,0.0,0.0,CLEAR,, NO UNUSUAL CONDITIONS,, ,A,DAYLIGHT,37.403105,-121.877036,,,,,A,NO PEDESTRIANS INVOLVED,8/2/2023 4:50:00 PM,A,VC 22350,False,1.0,I-680 S/B,,,8/11/2023 1:10:26 PM,A,N,965.0,CAPITOL AVE,F,,D,8/11/2023 1:10:29 PM,8/11/2023 1:10:29 PM,False,True,4,,8/2/2023 5:00:00 PM,1700,False,,,True
2141951,9340-2023-03261,1,False,9340,8/4/2023 6:45:00 AM,645.0,121,1368.0,4313.0,San Jose,43.0,True,True,E,HIT OBJECT,,Friday,NotApplicable,False,,,False,True,True,SANTA CLARA SUPERIOR COURT HALL OF JUSTICE,J,OTHER OBJECT,DETACHED TIRE,0.0,0.0,CLEAR,, NO UNUSUAL CONDITIONS,, ,A,DAYLIGHT,37.377763,-121.947169,,,,,A,NO PEDESTRIANS INVOLVED,8/4/2023 6:45:00 AM,C,,,,US-101 S/B,,,8/11/2023 12:19:01 PM,A,S,293.0,LAFAYETTE ST,F,,D,8/11/2023 12:19:05 PM,8/11/2023 12:19:05 PM,False,True,4,,8/4/2023 7:10:00 AM,0710,False,,,True
2141707,9340-2023-03227,1,False,9340,8/1/2023 9:00:00 PM,2100.0,120,1368.0,4313.0,San Jose,43.0,True,True,B,SIDE SWIPE,,Tuesday,NotApplicable,False,,,False,True,False,SANTA CLARA SUPERIOR COURT HALL OF JUSTICE,C,OTHER MOTOR VEHICLE,,0.0,0.0,CLEAR,, NO UNUSUAL CONDITIONS,, ,D,DARK-NO STREET LIGHTS,37.364154,-121.902334,,,,,A,NO PEDESTRIANS INVOLVED,8/1/2023 9:00:00 PM,A,VC 21658(A),False,1.0,US-101 S/B,,,8/11/2023 9:05:55 AM,A,N,1239.0,10TH STREET,F,,D,8/11/2023 9:05:59 AM,8/11/2023 9:05:59 AM,False,True,4,,8/1/2023 9:05:00 PM,2105,False,,,True
2141705,9340-2023-03221,1,False,9340,8/1/2023 6:02:00 PM,1802.0,087,1368.0,4313.0,San Jose,43.0,True,True,C,REAR END,,Tuesday,NotApplicable,False,,,False,True,False,SANTA CLARA SUPERIOR COURT HALL OF JUSTICE,C,OTHER MOTOR VEHICLE,,1.0,0.0,CLEAR,, NO UNUSUAL CONDITIONS,, ,A,DAYLIGHT,37.322778,-121.891715,,,,,A,NO PEDESTRIANS INVOLVED,8/1/2023 6:02:00 PM,A,VC 22350,False,1.0,SR-87 S/B,,,8/11/2023 9:04:41 AM,A,S,150.0,I-280,F,,D,8/11/2023 9:04:44 AM,8/11/2023 9:04:44 AM,False,True,4,,8/1/2023 6:12:00 PM,1812,False,,,True
2141703,9340-2023-03215,1,False,9340,8/1/2023 12:00:00 PM,1200.0,088,1368.0,4313.0,San Jose,43.0,True,True,C,REAR END,,Tuesday,NotApplicable,False,,,False,True,False,SANTA CLARA SUPERIOR COURT HALL OF JUSTICE,C,OTHER MOTOR VEHICLE,,0.0,0.0,CLEAR,, NO UNUSUAL CONDITIONS,, ,A,DAYLIGHT,37.341598,-121.927363,,,,,A,NO PEDESTRIANS INVOLVED,8/1/2023 12:00:00 PM,A,VC 22350,False,1.0,I-880 S/B,,,8/11/2023 9:03:46 AM,A,S,500.0,THE ALAMEDA,F,,D,8/11/2023 9:03:48 AM,8/11/2023 9:03:48 AM,False,True,4,,8/1/2023 12:20:00 PM,1220,True,EMBEDDED,,True
2141697,9340-2023-03300,1,False,9340,8/1/2023 4:45:00 AM,445.0,088,1368.0,4313.0,San Jose,43.0,True,True,E,HIT OBJECT,,Tuesday,NotApplicable,False,,,False,True,False,SANTA CLARA SUPERIOR COURT HALL OF JUSTICE,J,OTHER OBJECT,CONCRETE BARRIER,1.0,0.0,CLEAR,, NO UNUSUAL CONDITIONS,, ,C,DARK-STREET LIGHTS,37.36502,-121.90087,,,,,A,NO PEDESTRIANS INVOLVED,8/1/2023 4:45:00 AM,A,VC 22350,False,1.0,I-880 N/B TO US-101 N/B,,,8/11/2023 8:59:59 AM,A,N,600.0,OLD BAYSHORE HWY,F,,D,8/11/2023 9:00:01 AM,8/11/2023 9:00:01 AM,False,True,4,,8/1/2023 4:50:00 AM,0450,False,,,True
2141675,9340-2023-03212,1,False,9340,8/1/2023 2:26:00 AM,226.0,088,1368.0,4313.0,San Jose,43.0,True,True,E,HIT OBJECT,,Tuesday,NotApplicable,False,,,False,True,True,SANTA CLARA SUPERIOR COURT HALL OF JUSTICE,I,FIXED OBJECT,WOODEN SIGN,0.0,0.0,CLEAR,, NO UNUSUAL CONDITIONS,, ,C,DARK-STREET LIGHTS,37.334693,-121.935763,,,,,A,NO PEDESTRIANS INVOLVED,8/1/2023 2:26:00 AM,A,VC 22107,False,1.0,I-880 N/B,,,8/11/2023 8:43:59 AM,A,N,195.0,N BASCOM AVE,F,,A,8/11/2023 8:44:02 AM,8/11/2023 8:44:02 AM,False,True,4,,8/1/2023 2:27:00 AM,0227,False,,,True
2162500,9340-2023-03629,1,False,9340,8/27/2023 2:20:00 PM,1420.0,120,1368.0,4313.0,San Jose,43.0,True,True,E,HIT OBJECT,RAN OFF ROAD,Sunday,NotApplicable,False,,,False,True,False,SANTA CLARA SUPERIOR COURT HALL OF JUSTICE,I,FIXED OBJECT,TREE,0.0,0.0,CLEAR,, NO UNUSUAL CONDITIONS,, ,A,DAYLIGHT,37.383285,-121.962795,,,,,A,NO PEDESTRIANS INVOLVED,8/27/2023 2:20:00 PM,A,VC 22107,False,1.0,US-101 N/B TO MONTAGUE EXPY E/B,,,9/5/2023 1:04:18 PM,A,S,490.0,MONTAGUE EXPY,F,,D,9/5/2023 1:04:20 PM,9/5/2023 1:04:20 PM,False,True,4,,8/27/2023 2:25:00 PM,1425,False,,,True