Collision Id,	Report Number,	Report Version,	Is Preliminary,	NCIC Code,Crash Date Time,	Crash Time Description,	Beat,City Id,	City Code,	City Name,County Code,	City Is Active,	City Is Incorporated,	Collision Type Code,Collision Type Description,	Collision Type Other Desc,	Day Of Week,	DispatchNotified,	HasPhotographs,	HitRun,	IsAttachmentsMailed,	IsDeleted,	IsHighwayRelated,	IsTowAway,	JudicialDistrict,	MotorVehicleInvolvedWithCode,	MotorVehicleInvolvedWithDesc,MotorVehicleInvolvedWithOtherDesc,	NumberInjured,	NumberKilled,Weather 1, Weather 2, Road Condition 1, Road Condition 2, Special Condition,LightingCode, LightingDescription,Latitude,Longitude,MilepostDirection,MilepostDistance,MilepostMarker,MilepostUnitOfMeasure,	PedestrianActionCode,PedestrianActionDesc,PreparedDate,	Primary Collision Factor Code,Primary Collision Factor Violation,PrimaryCollisionFactorIsCited,	PrimaryCollisionPartyNumber,	PrimaryRoad,	ReportingDistrict,	ReportingDistrictCode,ReviewedDate,	RoadwaySurfaceCode,SecondaryDirection,	SecondaryDistance,	SecondaryRoad,	SecondaryUnitOfMeasure,	SketchDesc,	TrafficControlDeviceCode,CreatedDate,	ModifiedDate,IsCountyRoad,IsFreeway,CHP555Version,	IsAdditonalObjectStruck,NotificationDate,	NotificationTimeDescription,	HasDigitalMediaFiles,	EvidenceNumber,	IsLocationReferToNarrative,	IsAOIOneSameAsLocation
2162495,9340-2023-03615,1,False,9340,8/25/2023 5:00:00 PM,1700.0,110,1368.0,4313.0,San Jose,43.0,True,True,C,REAR END,,Friday,NotApplicable,False,M,,False,True,False,SANTA CLARA SUPERIOR COURT HALL OF JUSTICE,C,OTHER MOTOR VEHICLE,,0.0,0.0,CLEAR,, NO UNUSUAL CONDITIONS,, ,A,DAYLIGHT,37.350071,-121.860721,,,,,A,NO PEDESTRIANS INVOLVED,8/25/2023 5:00:00 PM,A,VC 22350,False,1.0,US-101 N/B TO ALUM ROCK AVE.,,,9/5/2023 12:59:52 PM,A,S,45.0,ALUM ROCK AVE,F,,A,9/5/2023 1:01:22 PM,9/5/2023 1:01:22 PM,False,True,4,,8/25/2023 6:01:00 PM,1801,False,,,True
2162146,9340-2023-03607,1,False,9340,8/25/2023 3:55:00 PM,1555.0,282,1368.0,4313.0,San Jose,43.0,True,True,C,REAR END,,Friday,NotApplicable,False,,,False,True,False,SANTA CLARA SUPERIOR COURT HALL OF JUSTICE,C,OTHER MOTOR VEHICLE,,1.0,0.0,CLEAR,, NO UNUSUAL CONDITIONS,, ,A,DAYLIGHT,37.32131,-121.996279,,,,,A,NO PEDESTRIANS INVOLVED,8/25/2023 3:55:00 PM,A,VC 22350,True,1.0,I-280 S/B,,,9/5/2023 9:37:39 AM,A,N,200.0,LAWRENCE EXPY,F,,D,9/5/2023 9:38:22 AM,9/5/2023 9:38:22 AM,False,True,4,,8/25/2023 3:55:00 PM,1555,False,,,True
2162145,9340-2023-03495,1,False,9340,8/18/2023 2:45:00 AM,245.0,088,1368.0,4313.0,San Jose,43.0,True,True,E,HIT OBJECT,,Friday,NotApplicable,False,,,False,True,False,SANTA CLARA SUPERIOR COURT HALL OF JUSTICE,I,FIXED OBJECT,CONCRETE BARRIER,0.0,0.0,CLEAR,, NO UNUSUAL CONDITIONS,, ,D,DARK-NO STREET LIGHTS,37.35079,-121.918201,,,,,A,NO PEDESTRIANS INVOLVED,8/18/2023 2:45:00 AM,A,VC 23152(A),True,1.0,I-880 S/B TO COLEMAN AVE,,,9/5/2023 9:37:23 AM,A,N,450.0,COLEMAN AVE,F,,D,9/5/2023 9:38:06 AM,9/5/2023 9:38:06 AM,False,True,4,,8/18/2023 2:49:00 AM,0249,False,,,True
2162046,9340-2023-03578,1,False,9340,8/23/2023 4:05:00 PM,1605.0,281,1368.0,4313.0,San Jose,43.0,True,True,C,REAR END,,Wednesday,NotApplicable,False,,,False,True,False,SANTA CLARA SUPERIOR COURT HALL OF JUSTICE,C,OTHER MOTOR VEHICLE,,0.0,0.0,CLEAR,, NO UNUSUAL CONDITIONS,, ,A,DAYLIGHT,37.324935,-121.886047,,,,,A,NO PEDESTRIANS INVOLVED,8/23/2023 4:05:00 PM,A,VC 21658(a),True,1.0,I-280 S/B,,,9/5/2023 8:04:48 AM,A,S,400.0,ALMADEN BLVD,F,,D,9/5/2023 8:05:16 AM,9/5/2023 8:05:16 AM,False,True,4,,8/23/2023 4:10:00 PM,1610,False,,,True
2161108,9340-2023-03609,1,False,9340,8/25/2023 2:11:00 PM,1411.0,120,1368.0,4313.0,San Jose,43.0,True,True,C,REAR END,,Friday,NotApplicable,False,,,False,True,False,SANTA CLARA SUPERIOR COURT HALL OF JUSTICE,C,OTHER MOTOR VEHICLE,,0.0,0.0,CLEAR,, NO UNUSUAL CONDITIONS,, ,A,DAYLIGHT,37.378152,-121.949508,,,,,A,NO PEDESTRIANS INVOLVED,8/25/2023 2:11:00 PM,A,VC 22350,False,1.0,US-101 S/B,,,9/1/2023 7:33:46 PM,A,N,314.0,LAFAYETTE ST,F,,D,9/1/2023 7:33:49 PM,9/1/2023 7:33:49 PM,False,True,4,,8/25/2023 2:16:00 PM,1416,False,,,True
2161098,9340-2023-03570,1,False,9340,8/22/2023 4:30:00 PM,1630.0,281,1368.0,4313.0,San Jose,43.0,True,True,C,REAR END,,Tuesday,NotApplicable,False,,,False,True,False,SANTA CLARA SUPERIOR COURT HALL OF JUSTICE,C,OTHER MOTOR VEHICLE,,0.0,0.0,CLEAR,, NO UNUSUAL CONDITIONS,, ,A,DAYLIGHT,37.31726,-121.93729,,,,,A,NO PEDESTRIANS INVOLVED,8/22/2023 4:30:00 PM,A,VC 22350,False,1.0,I-280 S/B,,,9/1/2023 6:52:52 PM,A,S,800.0,I-880 N/B,F,,D,9/1/2023 6:52:56 PM,9/1/2023 6:52:56 PM,False,True,4,,8/22/2023 5:20:00 PM,1720,False,,,True
2161075,9340-2023-03568,1,False,9340,8/22/2023 8:45:00 PM,2045.0,281,1368.0,4313.0,San Jose,43.0,True,True,B,SIDE SWIPE,,Tuesday,Yes,False,M,,False,True,False,SANTA CLARA SUPERIOR COURT HALL OF JUSTICE,C,OTHER MOTOR VEHICLE,,1.0,0.0,CLEAR,, NO UNUSUAL CONDITIONS,, ,D,DARK-NO STREET LIGHTS,37.319607,-121.901351,,,,,A,NO PEDESTRIANS INVOLVED,8/22/2023 8:45:00 PM,A,VC 23152(A),True,1.0,I-280 S/B,,,9/1/2023 5:00:00 PM,A,N,1000.0,BIRD AVE,F,,D,9/1/2023 5:00:15 PM,9/1/2023 5:00:15 PM,False,True,4,,8/22/2023 8:52:00 PM,2052,False,,,True
2160933,9340-2023-03603,1,False,9340,8/24/2023 9:30:00 PM,2130.0,172,1368.0,4313.0,San Jose,43.0,True,True,C,REAR END,,Thursday,Yes,False,,,False,True,True,SANTA CLARA SUPERIOR COURT HALL OF JUSTICE,C,OTHER MOTOR VEHICLE,,1.0,0.0,CLEAR,, CONSTRUCTION-REPAIR ZONE,REDUCED ROADWAY WIDTH, ,C,DARK-STREET LIGHTS,37.305149,-121.940759,,,,,A,NO PEDESTRIANS INVOLVED,8/24/2023 9:30:00 PM,A,VC 22350,False,1.0,SR-17 S/B,,,9/1/2023 1:30:41 PM,A,N,3786.0,HAMILTON AVE,F,,D,9/1/2023 1:30:46 PM,9/1/2023 1:30:46 PM,False,True,4,,8/24/2023 9:31:00 PM,2131,False,,True,False
2160789,9340-2023-03594,1,False,9340,8/24/2023 12:00:00 PM,1200.0,088,1368.0,4313.0,San Jose,43.0,True,True,B,SIDE SWIPE,,Thursday,NotApplicable,False,,,False,True,False,SANTA CLARA SUPERIOR COURT HALL OF JUSTICE,C,OTHER MOTOR VEHICLE,,0.0,0.0,CLEAR,, NO UNUSUAL CONDITIONS,, ,A,DAYLIGHT,37.36065,-121.90507,,,,,A,NO PEDESTRIANS INVOLVED,8/24/2023 12:00:00 PM,A,VC 21658(a),False,1.0,I-880 S/B,,,9/1/2023 10:53:59 AM,A,N,110.0,FOURTH ST,F,,D,9/1/2023 10:54:06 AM,9/1/2023 10:54:06 AM,False,True,4,,8/24/2023 12:04:00 PM,1204,False,,,True
2160784,9340-2023-03591,1,False,9340,8/24/2023 9:40:00 AM,940.0,281,1368.0,4313.0,San Jose,43.0,True,True,C,REAR END,,Thursday,NotApplicable,False,,,False,True,False,SANTA CLARA SUPERIOR COURT HALL OF JUSTICE,C,OTHER MOTOR VEHICLE,,0.0,0.0,CLEAR,, NO UNUSUAL CONDITIONS,, ,A,DAYLIGHT,37.317029,-121.922197,,,,,A,NO PEDESTRIANS INVOLVED,8/24/2023 9:40:00 AM,A,VC 22350,True,1.0,I-280 N/B,,,9/1/2023 10:49:57 AM,A,S,430.0,LEIGH AVE,F,,D,9/1/2023 10:50:10 AM,9/1/2023 10:50:10 AM,False,True,4,,8/24/2023 9:41:00 AM,0941,False,,,True
2160771,9340-2023-03593,1,False,9340,8/24/2023 10:10:00 AM,1010.0,088,1368.0,4313.0,San Jose,43.0,True,True,B,SIDE SWIPE,,Thursday,NotApplicable,False,M,,False,True,False,SANTA CLARA SUPERIOR COURT HALL OF JUSTICE,C,OTHER MOTOR VEHICLE,,0.0,0.0,CLEAR,, NO UNUSUAL CONDITIONS,, ,A,DAYLIGHT,37.32425,-121.94085,,,,,A,NO PEDESTRIANS INVOLVED,8/24/2023 10:10:00 AM,A,VC 21658(A),False,1.0,I-880 S/B,,,9/1/2023 10:33:15 AM,A,N,200.0,STEVENS CREEK BLVD,F,,D,9/1/2023 10:33:23 AM,9/1/2023 10:33:23 AM,False,True,4,,8/24/2023 10:14:00 AM,1014,False,,,True
2160655,9340-2023-03553,1,False,9340,8/22/2023 11:50:00 AM,1150.0,087,1368.0,4313.0,San Jose,43.0,True,True,C,REAR END,,Tuesday,NotApplicable,False,,,False,True,False,SANTA CLARA SUPERIOR COURT HALL OF JUSTICE,C,OTHER MOTOR VEHICLE,,1.0,0.0,CLEAR,, NO UNUSUAL CONDITIONS,, ,A,DAYLIGHT,37.3222,-121.89026,,,,,A,NO PEDESTRIANS INVOLVED,8/22/2023 11:50:00 AM,A,VC 22350,False,1.0,SR-87 N/B TO I -280 S/B,,,9/1/2023 8:20:29 AM,A,S,520.0,I-280 S/B,F,,D,9/1/2023 8:20:33 AM,9/1/2023 8:20:33 AM,False,True,4,,8/22/2023 11:54:00 AM,1154,False,,,True
2160653,9340-2023-03548,1,False,9340,8/22/2023 8:50:00 AM,850.0,281,1368.0,4313.0,San Jose,43.0,True,True,C,REAR END,,Tuesday,NotApplicable,False,,,False,True,True,SANTA CLARA SUPERIOR COURT HALL OF JUSTICE,C,OTHER MOTOR VEHICLE,,0.0,0.0,CLEAR,, NO UNUSUAL CONDITIONS,, ,A,DAYLIGHT,37.31539,-121.90815,,,,,A,NO PEDESTRIANS INVOLVED,8/22/2023 8:50:00 AM,A,VC 22350,False,1.0,I-280 S/B,,,9/1/2023 8:18:05 AM,A,N,400.0,LINCOLN AVE,F,,D,9/1/2023 8:18:11 AM,9/1/2023 8:18:11 AM,False,True,4,,8/22/2023 8:54:00 AM,0854,False,,,True
2160644,9340-2023-03550,1,False,9340,8/22/2023 7:40:00 AM,740.0,901,1368.0,4313.0,San Jose,43.0,True,True,E,HIT OBJECT,,Tuesday,NotApplicable,False,,,False,False,False,SANTA CLARA SUPERIOR COURT HALL OF JUSTICE,I,FIXED OBJECT,POWER LINE,0.0,0.0,CLEAR,, NO UNUSUAL CONDITIONS,, School Bus Collision,A,DAYLIGHT,37.3466,-121.88278,,,,,A,NO PEDESTRIANS INVOLVED,8/22/2023 7:40:00 AM,C,,,,N 12TH ST ,,,9/1/2023 8:10:02 AM,A,N,240.0,JULIAN ST,F,,D,9/1/2023 8:10:04 AM,9/1/2023 8:10:04 AM,True,False,4,,8/22/2023 8:50:00 AM,0850,False,,,True
2160633,9340-2023-03547,1,False,9340,8/22/2023 7:38:00 AM,738.0,172,1368.0,4313.0,San Jose,43.0,True,True,C,REAR END,,Tuesday,NotApplicable,False,,,False,True,False,SANTA CLARA SUPERIOR COURT HALL OF JUSTICE,C,OTHER MOTOR VEHICLE,,2.0,0.0,CLEAR,, NO UNUSUAL CONDITIONS,, ,A,DAYLIGHT,37.302645,-121.940472,,,,,A,NO PEDESTRIANS INVOLVED,8/22/2023 7:38:00 AM,A,VC 22350,True,1.0,SR-17 N/B,,,9/1/2023 7:58:46 AM,A,N,3168.0,HAMILTON AVE,F,,D,9/1/2023 7:58:53 AM,9/1/2023 7:58:53 AM,False,True,4,,8/22/2023 7:40:00 AM,0740,False,,,True
2160125,9340-2023-03533,1,False,9340,8/19/2023 12:30:00 AM,30.0,110,1368.0,4313.0,San Jose,43.0,True,True,C,REAR END,,Saturday,NotApplicable,False,,,False,True,True,SANTA CLARA SUPERIOR COURT HALL OF JUSTICE,C,OTHER MOTOR VEHICLE,,2.0,0.0,CLEAR,, NO UNUSUAL CONDITIONS,, ,C,DARK-STREET LIGHTS,37.362677,-121.891879,,,,,A,NO PEDESTRIANS INVOLVED,8/19/2023 12:30:00 AM,A,VC 23152(a),True,1.0,US-101 S/B TO OLD OAKLAND RD.,,,8/31/2023 2:52:53 PM,A,N,73.0,OLD OAKLAND RD,F,,D,8/31/2023 2:52:59 PM,8/31/2023 2:52:59 PM,False,True,4,,8/19/2023 12:33:00 AM,0033,False,,,True
2160080,9340-2023-03598,1,False,9340,8/24/2023 6:40:00 PM,1840.0,681,1368.0,4313.0,San Jose,43.0,True,True,C,REAR END,,Thursday,NotApplicable,False,,,False,True,False,SANTA CLARA SUPERIOR COURT HALL OF JUSTICE,C,OTHER MOTOR VEHICLE,,0.0,0.0,CLEAR,, NO UNUSUAL CONDITIONS,, ,A,DAYLIGHT,37.362866,-121.843213,,,,,A,NO PEDESTRIANS INVOLVED,8/24/2023 6:40:00 PM,A,VC 22350,False,1.0,I-680 S/B,,,8/31/2023 2:27:21 PM,A,N,1270.0,ALUM ROCK AVE,F,,D,8/31/2023 2:29:25 PM,8/31/2023 2:29:25 PM,False,True,4,,8/24/2023 6:45:00 PM,1845,False,,,True
2159991,9340-2023-03595,1,False,9340,8/24/2023 2:40:00 PM,1440.0,281,1368.0,4313.0,San Jose,43.0,True,True,B,SIDE SWIPE,,Thursday,NotApplicable,False,,,False,True,False,SANTA CLARA SUPERIOR COURT HALL OF JUSTICE,C,OTHER MOTOR VEHICLE,,0.0,0.0,CLEAR,, NO UNUSUAL CONDITIONS,, ,A,DAYLIGHT,37.330344,-121.867328,,,,,A,NO PEDESTRIANS INVOLVED,8/24/2023 2:40:00 PM,A,VC 21658(a),False,1.0,I-280 N/B,,,8/31/2023 1:40:00 PM,A,S,1275.0,11TH STREET,F,,D,8/31/2023 1:40:07 PM,8/31/2023 1:40:07 PM,False,True,4,,8/24/2023 3:00:00 PM,1500,False,,False,True
2159934,9340-2023-03576,1,False,9340,8/22/2023 12:30:00 PM,1230.0,110,1368.0,4313.0,San Jose,43.0,True,True,E,HIT OBJECT,,Tuesday,NotApplicable,False,,,False,True,False,SANTA CLARA SUPERIOR COURT HALL OF JUSTICE,I,FIXED OBJECT,RAISED ASPHALT CURB,0.0,0.0,CLEAR,, NO UNUSUAL CONDITIONS,, ,A,DAYLIGHT,37.335096,-121.848181,,,,,A,NO PEDESTRIANS INVOLVED,8/22/2023 12:30:00 PM,A,VC 22107,False,1.0,US-101 S/B TO STORY RD. E/B,,,8/31/2023 1:08:37 PM,A,S,200.0,STORY RD.,F,,D,8/31/2023 1:08:41 PM,8/31/2023 1:08:41 PM,False,True,4,True,8/22/2023 1:20:00 PM,1320,False,,,True
2159878,9340-2023-03617,1,False,9340,8/21/2023 3:55:00 AM,355.0,087,1368.0,4313.0,San Jose,43.0,True,True,E,HIT OBJECT,,Monday,NotApplicable,False,,,False,True,True,SANTA CLARA SUPERIOR COURT HALL OF JUSTICE,I,FIXED OBJECT,SOUNDWALL,0.0,0.0,CLEAR,, NO UNUSUAL CONDITIONS,, ,C,DARK-STREET LIGHTS,37.280233,-121.865252,,,,,A,NO PEDESTRIANS INVOLVED,8/21/2023 3:55:00 AM,A,VC 22107,False,1.0,SR-87 S/B,,,8/31/2023 12:19:46 PM,A,N,600.0,HILLSDALE AVE,F,,D,8/31/2023 12:21:09 PM,8/31/2023 12:21:09 PM,False,True,4,,8/21/2023 4:00:00 AM,0400,False,,,True
2159864,9340-2023-03537,1,False,9340,8/21/2023 6:15:00 AM,615.0,120,1368.0,4313.0,San Jose,43.0,True,True,B,SIDE SWIPE,,Monday,NotApplicable,False,M,,False,True,False,SANTA CLARA SUPERIOR COURT HALL OF JUSTICE,C,OTHER MOTOR VEHICLE,,0.0,0.0,CLOUDY,, NO UNUSUAL CONDITIONS,, ,B,DUSK-DAWN,37.375487,-121.942819,,,,,A,NO PEDESTRIANS INVOLVED,8/21/2023 6:15:00 AM,A,VC 22107,False,1.0,US-101 S/B TO DE LA CRUZ BLVD,,,8/31/2023 12:08:04 PM,A,N,100.0,DE LA CRUZ BLVD,F,,D,8/31/2023 12:10:26 PM,8/31/2023 12:10:26 PM,False,True,4,,8/21/2023 7:00:00 AM,0700,False,,,True
2159848,9340-2023-03546,1,False,9340,8/21/2023 2:40:00 PM,1440.0,020,1368.0,4313.0,San Jose,43.0,True,True,E,HIT OBJECT,,Monday,NotApplicable,False,,,False,False,False,SANTA CLARA SUPERIOR COURT HALL OF JUSTICE,J,OTHER OBJECT,METAL GATE,0.0,0.0,CLOUDY,, NO UNUSUAL CONDITIONS,, School Bus Collision,A,DAYLIGHT,37.339806,-121.791843,,,,,A,NO PEDESTRIANS INVOLVED,8/21/2023 2:40:00 PM,C,,,,2400 FLINT AVE (PARKING LOT),,,8/31/2023 11:51:18 AM,A,N,1000.0,TULLY RD,F,,D,8/31/2023 11:52:47 AM,8/31/2023 11:52:47 AM,False,False,4,,8/21/2023 3:03:00 PM,1503,False,,,True
2159802,9340-2023-03520,1,False,9340,8/20/2023 2:21:00 AM,221.0,087,1368.0,4313.0,San Jose,43.0,True,True,C,REAR END,,Sunday,Yes,False,F,,False,True,False,SANTA CLARA SUPERIOR COURT HALL OF JUSTICE,C,OTHER MOTOR VEHICLE,,1.0,0.0,CLEAR,, OBSTRUCTION ON ROADWAY*,, ,D,DARK-NO STREET LIGHTS,37.371735,-121.927031,,,,,A,NO PEDESTRIANS INVOLVED,8/20/2023 2:21:00 AM,A,VC 22350,False,1.0,SR-87 N/B,,,8/31/2023 11:07:05 AM,A,S,675.0,US-101,F,,D,8/31/2023 11:07:26 AM,8/31/2023 11:07:26 AM,False,True,4,,8/20/2023 2:30:00 AM,0230,True,EMBEDDED,,True
2159770,9340-2023-03590,1,False,9340,8/24/2023 7:25:00 AM,725.0,083,1368.0,4313.0,San Jose,43.0,True,True,B,SIDE SWIPE,,Thursday,NotApplicable,False,,,False,True,False,SANTA CLARA SUPERIOR COURT HALL OF JUSTICE,C,OTHER MOTOR VEHICLE,,1.0,0.0,CLEAR,, NO UNUSUAL CONDITIONS,, ,A,DAYLIGHT,37.243336,-121.810282,,,,,A,NO PEDESTRIANS INVOLVED,8/24/2023 7:25:00 AM,A,VC 21658(A),False,1.0,SR-85 N/B,,,8/31/2023 10:39:43 AM,A,N,1791.0,COTTLE RD,F,,D,8/31/2023 10:39:48 AM,8/31/2023 10:39:48 AM,False,True,4,True,8/24/2023 7:31:00 AM,0731,False,,,True
2159766,9340-2023-03522,1,False,9340,8/20/2023 8:20:00 AM,820.0,088,1368.0,4313.0,San Jose,43.0,True,True,E,HIT OBJECT,,Sunday,Yes,False,,,False,True,True,SANTA CLARA SUPERIOR COURT HALL OF JUSTICE,I,FIXED OBJECT,CONCRETE BARRIER,1.0,0.0,CLEAR,, NO UNUSUAL CONDITIONS,, ,A,DAYLIGHT,37.335216,-121.935901,,,,,A,NO PEDESTRIANS INVOLVED,8/20/2023 8:20:00 AM,A,VC 22350,True,1.0,I-880 S/B TO BASCOME AVE,,,8/31/2023 10:36:38 AM,A,N,242.0,BASCOM AVE,F,,D,8/31/2023 10:36:44 AM,8/31/2023 10:36:44 AM,False,True,4,,8/20/2023 8:21:00 AM,0821,True,AREA PHOTO FILE,True,
2159688,9340-2023-03589,1,False,9340,8/24/2023 8:15:00 AM,815.0,282,1368.0,4313.0,San Jose,43.0,True,True,B,SIDE SWIPE,,Thursday,NotApplicable,False,M,,False,True,False,SANTA CLARA SUPERIOR COURT HALL OF JUSTICE,C,OTHER MOTOR VEHICLE,,0.0,0.0,CLEAR,, NO UNUSUAL CONDITIONS,, ,A,DAYLIGHT,37.316623,-121.975143,,,,,A,NO PEDESTRIANS INVOLVED,8/24/2023 8:15:00 AM,A,VC 22107,False,2.0,I-280 S/B FROM SARATOGA AVENUE,,,8/31/2023 9:51:44 AM,A,S,42.0,SARATOGA AVENUE,F,,D,8/31/2023 9:51:46 AM,8/31/2023 9:51:46 AM,False,True,4,,8/24/2023 8:20:00 AM,0820,True,EMBEDDED,,True
2159575,9340-2023-03528,1,False,9340,8/20/2023 2:05:00 PM,1405.0,088,1368.0,4313.0,San Jose,43.0,True,True,E,HIT OBJECT,,Sunday,NotApplicable,False,,,False,True,False,SANTA CLARA SUPERIOR COURT HALL OF JUSTICE,I,FIXED OBJECT,CONCRETE BARRIER,0.0,0.0,CLEAR,, NO UNUSUAL CONDITIONS,, ,A,DAYLIGHT,37.328322,-121.940834,,,,,A,NO PEDESTRIANS INVOLVED,8/20/2023 2:05:00 PM,A,VC 22107,False,1.0,I-880 N/B,,,8/31/2023 8:35:16 AM,A,N,389.0,FOREST AVE.,F,,D,8/31/2023 8:35:19 AM,8/31/2023 8:35:19 AM,False,True,4,True,8/20/2023 2:20:00 PM,1420,False,,,True
2159469,9725-2023-01168,1,False,9725,8/24/2023 4:12:00 PM,1612.0,013,1368.0,4313.0,San Jose,43.0,True,True,C,REAR END,,Thursday,NotApplicable,False,,,False,True,True,SANTA CLARA SUPERIOR COURT DOWNTOWN SUPERIOR COURT,C,OTHER MOTOR VEHICLE,,0.0,0.0,CLEAR,, NO UNUSUAL CONDITIONS,, ,A,DAYLIGHT,37.192907,-121.696758,,,,,A,NO PEDESTRIANS INVOLVED,8/24/2023 4:12:00 PM,A,VC 22107,False,1.0,US-101 SOUTHBOUND,,,8/31/2023 7:21:58 AM,A,N,1200.0,COYOTE CREEK GOL DRIVE,F,,D,8/31/2023 7:22:05 AM,8/31/2023 7:22:05 AM,False,True,4,,8/24/2023 4:14:00 PM,1614,False,,True,
2158985,9340-2023-03569,1,False,9340,8/22/2023 3:25:00 PM,1525.0,281,1368.0,4313.0,San Jose,43.0,True,True,B,SIDE SWIPE,,Tuesday,NotApplicable,False,,,False,True,False,SANTA CLARA SUPERIOR COURT HALL OF JUSTICE,C,OTHER MOTOR VEHICLE,,0.0,0.0,CLEAR,, NO UNUSUAL CONDITIONS,, ,A,DAYLIGHT,37.31473,-121.9128,,,,,A,NO PEDESTRIANS INVOLVED,8/22/2023 3:25:00 PM,A,VC 21658,True,1.0,I-280 S/B,,,8/30/2023 7:19:01 PM,A,N,525.0,RACE ST,F,,D,8/30/2023 7:19:03 PM,8/30/2023 7:19:03 PM,False,True,4,,8/22/2023 4:30:00 PM,1630,False,,,True
2158976,9340-2023-03582,1,False,9340,8/23/2023 6:00:00 PM,1800.0,282,1368.0,4313.0,San Jose,43.0,True,True,C,REAR END,,Wednesday,NotApplicable,False,,,False,True,False,SANTA CLARA SUPERIOR COURT HALL OF JUSTICE,C,OTHER MOTOR VEHICLE,,0.0,0.0,CLEAR,, NO UNUSUAL CONDITIONS,, ,A,DAYLIGHT,37.316634,-121.950469,,,,,A,NO PEDESTRIANS INVOLVED,8/23/2023 6:00:00 PM,A,VC 22350,False,1.0,I-280 S/B,,,8/30/2023 6:41:35 PM,A,N,20.0,WINCHESTER BOULEVARD,F,,D,8/30/2023 6:41:37 PM,8/30/2023 6:41:37 PM,False,True,4,,8/23/2023 6:10:00 PM,1810,False,,,True
2158975,9340-2023-03552,1,False,9340,8/22/2023 8:15:00 AM,815.0,110,1368.0,4313.0,San Jose,43.0,True,True,C,REAR END,,Tuesday,NotApplicable,False,,,False,True,False,SANTA CLARA SUPERIOR COURT HALL OF JUSTICE,C,OTHER MOTOR VEHICLE,,1.0,0.0,CLEAR,, NO UNUSUAL CONDITIONS,, ,A,DAYLIGHT,37.286142,-121.809451,,,,,A,NO PEDESTRIANS INVOLVED,8/22/2023 8:15:00 AM,A,VC 22350,False,1.0,US-101 N/B,,,8/30/2023 6:34:21 PM,A,N,1000.0,HELLYER AVE.,F,,D,8/30/2023 6:34:24 PM,8/30/2023 6:34:24 PM,False,True,4,,8/22/2023 8:20:00 AM,0820,False,,,True
2158965,9340-2023-03583,1,False,9340,8/23/2023 6:01:00 PM,1801.0,083,1368.0,4313.0,San Jose,43.0,True,True,B,SIDE SWIPE,,Wednesday,NotApplicable,False,,,False,True,False,SANTA CLARA SUPERIOR COURT HALL OF JUSTICE,C,OTHER MOTOR VEHICLE,,0.0,0.0,CLEAR,, NO UNUSUAL CONDITIONS,, ,A,DAYLIGHT,37.253636,-121.947356,,,,,A,NO PEDESTRIANS INVOLVED,8/23/2023 6:01:00 PM,A,VC 21658(A),False,1.0,SR-85 S/B,,,8/30/2023 5:34:02 PM,A,S,1164.0,BASCOM AVE,F,,D,8/30/2023 5:34:05 PM,8/30/2023 5:34:05 PM,False,True,4,,8/23/2023 6:02:00 PM,1802,False,,,True
2158955,9340-2023-03554,1,False,9340,8/22/2023 12:35:00 PM,1235.0,087,1368.0,4313.0,San Jose,43.0,True,True,C,REAR END,,Tuesday,NotApplicable,False,,,False,True,False,SANTA CLARA SUPERIOR COURT HALL OF JUSTICE,C,OTHER MOTOR VEHICLE,,1.0,0.0,CLEAR,, NO UNUSUAL CONDITIONS,, ,A,DAYLIGHT,37.31356,-121.88666,,,,,A,NO PEDESTRIANS INVOLVED,8/22/2023 12:35:00 PM,A,VC 22350,True,1.0,SR-87 S/B FROM I-280 N/B - S/B,,,8/30/2023 5:09:21 PM,A,N,400.0,ALMADEN EXPY,F,,D,8/30/2023 5:09:24 PM,8/30/2023 5:09:24 PM,False,True,4,,8/22/2023 12:41:00 PM,1241,False,,,True
2158947,9340-2023-03555,1,False,9340,8/22/2023 8:10:00 AM,810.0,120,1368.0,4313.0,San Jose,43.0,True,True,C,REAR END,,Tuesday,NotApplicable,False,M,,False,True,False,SANTA CLARA SUPERIOR COURT HALL OF JUSTICE,C,OTHER MOTOR VEHICLE,,1.0,0.0,CLEAR,, NO UNUSUAL CONDITIONS,, 550,A,DAYLIGHT,37.374075,-121.916781,,,,,A,NO PEDESTRIANS INVOLVED,8/22/2023 8:10:00 AM,A,VC 22107,False,1.0,US-101 N/B TO BROKAW RD.,,,8/30/2023 4:51:25 PM,A,S,65.0,BROKAW RD,F,,A,8/30/2023 4:51:30 PM,8/30/2023 4:51:30 PM,False,True,4,,8/22/2023 11:12:00 AM,1112,True,EMBEDDED,,True
2158801,9340-2023-03567,1,False,9340,8/22/2023 9:01:00 PM,2101.0,087,1368.0,4313.0,San Jose,43.0,True,True,C,REAR END,,Tuesday,NotApplicable,False,,,False,True,False,SANTA CLARA SUPERIOR COURT HALL OF JUSTICE,C,OTHER MOTOR VEHICLE,,0.0,0.0,CLEAR,, CONSTRUCTION-REPAIR ZONE,REDUCED ROADWAY WIDTH, ,C,DARK-STREET LIGHTS,37.270764,-121.861173,,,,,A,NO PEDESTRIANS INVOLVED,8/22/2023 9:01:00 PM,A,VC 22350,False,1.0,SR-87 N/B,,,8/30/2023 2:31:50 PM,A,S,1250.0,CAPITOL EXPY,F,,D,8/30/2023 2:31:53 PM,8/30/2023 2:31:53 PM,False,True,4,,8/22/2023 9:11:00 PM,2111,False,,,True