Collision Id,	Report Number,	Report Version,	Is Preliminary,	NCIC Code,Crash Date Time,	Crash Time Description,	Beat,City Id,	City Code,	City Name,County Code,	City Is Active,	City Is Incorporated,	Collision Type Code,Collision Type Description,	Collision Type Other Desc,	Day Of Week,	DispatchNotified,	HasPhotographs,	HitRun,	IsAttachmentsMailed,	IsDeleted,	IsHighwayRelated,	IsTowAway,	JudicialDistrict,	MotorVehicleInvolvedWithCode,	MotorVehicleInvolvedWithDesc,MotorVehicleInvolvedWithOtherDesc,	NumberInjured,	NumberKilled,Weather 1, Weather 2, Road Condition 1, Road Condition 2, Special Condition,LightingCode, LightingDescription,Latitude,Longitude,MilepostDirection,MilepostDistance,MilepostMarker,MilepostUnitOfMeasure,	PedestrianActionCode,PedestrianActionDesc,PreparedDate,	Primary Collision Factor Code,Primary Collision Factor Violation,PrimaryCollisionFactorIsCited,	PrimaryCollisionPartyNumber,	PrimaryRoad,	ReportingDistrict,	ReportingDistrictCode,ReviewedDate,	RoadwaySurfaceCode,SecondaryDirection,	SecondaryDistance,	SecondaryRoad,	SecondaryUnitOfMeasure,	SketchDesc,	TrafficControlDeviceCode,CreatedDate,	ModifiedDate,IsCountyRoad,IsFreeway,CHP555Version,	IsAdditonalObjectStruck,NotificationDate,	NotificationTimeDescription,	HasDigitalMediaFiles,	EvidenceNumber,	IsLocationReferToNarrative,	IsAOIOneSameAsLocation
2181868,9340-2023-04070,1,False,9340,9/24/2023 2:30:00 PM,1430.0,088,1368.0,4313.0,San Jose,43.0,True,True,C,REAR END,,Sunday,NotApplicable,False,,,False,True,False,SANTA CLARA SUPERIOR COURT HALL OF JUSTICE,C,OTHER MOTOR VEHICLE,,0.0,0.0,CLEAR,, NO UNUSUAL CONDITIONS,, ,A,DAYLIGHT,37.355117,-121.910553,,,,,A,NO PEDESTRIANS INVOLVED,9/24/2023 2:30:00 PM,A,VC 22350,False,1.0,I-880 S/B,,,9/27/2023 8:56:35 PM,A,N,750.0,SR-87,F,,A,9/27/2023 8:56:58 PM,9/27/2023 8:56:58 PM,False,True,4,,9/24/2023 2:40:00 PM,1440,False,,,True
2181847,9340-2023-04059,1,False,9340,9/23/2023 4:45:00 PM,1645.0,088,1368.0,4313.0,San Jose,43.0,True,True,C,REAR END,,Saturday,NotApplicable,False,,,False,True,False,SANTA CLARA SUPERIOR COURT HALL OF JUSTICE,C,OTHER MOTOR VEHICLE,,0.0,0.0,CLEAR,, NO UNUSUAL CONDITIONS,, ,A,DAYLIGHT,37.343372,-121.925151,,,,,A,NO PEDESTRIANS INVOLVED,9/23/2023 4:45:00 PM,A,VC 22350,False,1.0,I-880 N/B,,,9/27/2023 7:57:53 PM,A,N,400.0,THE ALAMEDA,F,,D,9/27/2023 7:58:00 PM,9/27/2023 7:58:00 PM,False,True,4,,9/23/2023 4:55:00 PM,1655,False,,,True
2181843,9340-2023-04017,1,False,9340,9/21/2023 6:45:00 PM,1845.0,083,1368.0,4313.0,San Jose,43.0,True,True,C,REAR END,,Thursday,NotApplicable,False,M,,False,True,False,SANTA CLARA SUPERIOR COURT HALL OF JUSTICE,C,OTHER MOTOR VEHICLE,,1.0,0.0,CLEAR,, NO UNUSUAL CONDITIONS,, ,A,DAYLIGHT,37.250991,-121.932415,,,,,A,NO PEDESTRIANS INVOLVED,9/21/2023 6:45:00 PM,A,VC 22350,False,1.0,SR-85 S/B,,,9/27/2023 7:42:33 PM,A,N,266.0,UNION AVENUE,F,,D,9/27/2023 7:42:42 PM,9/27/2023 7:42:42 PM,False,True,4,,9/21/2023 6:55:00 PM,1855,False,,,True
2181835,9340-2023-03973,1,False,9340,9/18/2023 4:00:00 PM,1600.0,089,1368.0,4313.0,San Jose,43.0,True,True,B,SIDE SWIPE,,Monday,NotApplicable,False,,,False,True,False,SANTA CLARA SUPERIOR COURT HALL OF JUSTICE,C,OTHER MOTOR VEHICLE,,0.0,0.0,CLEAR,, NO UNUSUAL CONDITIONS,, ,A,DAYLIGHT,37.377595,-121.903531,,,,,A,NO PEDESTRIANS INVOLVED,9/18/2023 4:00:00 PM,A,VC 21658(A),False,,I-880 S/B,,,9/27/2023 7:11:15 PM,A,S,1668.0,BROKAW RD,F,,D,9/27/2023 7:12:44 PM,9/27/2023 7:12:44 PM,False,True,4,,9/18/2023 4:05:00 PM,1605,False,,,True
2181825,9340-2023-03963,1,False,9340,9/18/2023 8:45:00 AM,845.0,110,1368.0,4313.0,San Jose,43.0,True,True,C,REAR END,,Monday,NotApplicable,False,,,False,True,False,SANTA CLARA SUPERIOR COURT HALL OF JUSTICE,C,OTHER MOTOR VEHICLE,,0.0,0.0,CLEAR,, NO UNUSUAL CONDITIONS,, ,A,DAYLIGHT,37.34175,-121.85391,,,,,A,NO PEDESTRIANS INVOLVED,9/18/2023 8:45:00 AM,A,VC 22350,False,1.0,US-101 N/B,,,9/27/2023 6:28:11 PM,A,N,600.0,I-280,F,,D,9/27/2023 6:28:20 PM,9/27/2023 6:28:20 PM,False,True,4,,9/18/2023 8:50:00 AM,0850,False,,,True
2181823,9340-2023-03990,1,False,9340,9/18/2023 8:26:00 AM,826.0,083,1368.0,4313.0,San Jose,43.0,True,True,B,SIDE SWIPE,,Monday,NotApplicable,False,,,False,True,False,SANTA CLARA SUPERIOR COURT HALL OF JUSTICE,C,OTHER MOTOR VEHICLE,,0.0,0.0,CLEAR,, NO UNUSUAL CONDITIONS,, ,A,DAYLIGHT,37.256055,-121.870352,,,,,A,NO PEDESTRIANS INVOLVED,9/18/2023 8:26:00 AM,A,VC 21658(A),False,1.0,SR-85 N/B,,,9/27/2023 6:02:41 PM,A,S,200.0,CHERRY AVE.,F,,D,9/27/2023 6:02:52 PM,9/27/2023 6:02:52 PM,False,True,4,,9/18/2023 8:29:00 AM,0829,False,,,True
2181640,9340-2023-03981,1,False,9340,9/19/2023 9:45:00 AM,945.0,172,1368.0,4313.0,San Jose,43.0,True,True,C,REAR END,,Tuesday,NotApplicable,False,,,False,True,False,SANTA CLARA SUPERIOR COURT HALL OF JUSTICE,C,OTHER MOTOR VEHICLE,,0.0,0.0,CLEAR,, NO UNUSUAL CONDITIONS,, ,A,DAYLIGHT,37.308839,-121.940445,,,,,A,NO PEDESTRIANS INVOLVED,9/19/2023 9:45:00 AM,A,VC 22350,False,1.0,SR-17 N/B,,,9/27/2023 2:36:32 PM,A,S,2100.0,I-280,F,,D,9/27/2023 2:36:38 PM,9/27/2023 2:36:38 PM,False,True,4,,9/19/2023 10:00:00 AM,1000,False,,,True
2181373,9340-2023-03922,1,False,9340,9/15/2023 4:40:00 PM,1640.0,281,1368.0,4313.0,San Jose,43.0,True,True,B,SIDE SWIPE,,Friday,NotApplicable,False,,,False,True,False,SANTA CLARA SUPERIOR COURT HALL OF JUSTICE,C,OTHER MOTOR VEHICLE,,0.0,0.0,CLEAR,, NO UNUSUAL CONDITIONS,, ,A,DAYLIGHT,37.31572,-121.90888,,,,,A,NO PEDESTRIANS INVOLVED,9/15/2023 4:40:00 PM,A,VC 22107,False,1.0,I-280 N/B TO RACE ST ,,,9/27/2023 11:51:05 AM,A,S,570.0,RACE ST,F,,D,9/27/2023 11:51:17 AM,9/27/2023 11:51:17 AM,False,True,4,,9/15/2023 4:50:00 PM,1650,False,,,True
2181349,9340-2023-03921,1,False,9340,9/15/2023 1:30:00 PM,1330.0,281,1368.0,4313.0,San Jose,43.0,True,True,B,SIDE SWIPE,,Friday,NotApplicable,False,,,False,True,False,SANTA CLARA SUPERIOR COURT HALL OF JUSTICE,C,OTHER MOTOR VEHICLE,,0.0,0.0,CLEAR,, NO UNUSUAL CONDITIONS,, ,A,DAYLIGHT,37.32528,-121.888613,,,,,A,NO PEDESTRIANS INVOLVED,9/15/2023 1:30:00 PM,A,VC 21658(A),False,1.0,I-280 N/B ,,,9/27/2023 11:35:45 AM,A,S,245.0,ALMADEN BLVD,F,,D,9/27/2023 11:35:58 AM,9/27/2023 11:35:58 AM,False,True,4,,9/15/2023 2:00:00 PM,1400,False,,,True
2181337,9340-2023-03912,1,False,9340,9/15/2023 7:54:00 AM,754.0,088,1368.0,4313.0,San Jose,43.0,True,True,C,REAR END,,Friday,NotApplicable,False,,,False,True,True,SANTA CLARA SUPERIOR COURT HALL OF JUSTICE,C,OTHER MOTOR VEHICLE,,0.0,0.0,CLOUDY,, NO UNUSUAL CONDITIONS,, ,A,DAYLIGHT,37.341258,-121.927622,,,,,A,NO PEDESTRIANS INVOLVED,9/15/2023 7:54:00 AM,A,VC 22350,False,1.0,I-880 N/B,,,9/27/2023 11:27:22 AM,A,S,350.0,THE ALAMEDA,F,,D,9/27/2023 11:27:30 AM,9/27/2023 11:27:30 AM,False,True,4,,9/15/2023 8:00:00 AM,0800,False,,,True
2181206,9340-2023-03893,1,False,9340,9/13/2023 5:40:00 PM,1740.0,120,1368.0,4313.0,San Jose,43.0,True,True,C,REAR END,,Wednesday,NotApplicable,False,M,,False,True,False,SANTA CLARA SUPERIOR COURT HALL OF JUSTICE,C,OTHER MOTOR VEHICLE,,0.0,0.0,CLEAR,, NO UNUSUAL CONDITIONS,, ,A,DAYLIGHT,37.363683,-121.900619,,,,,A,NO PEDESTRIANS INVOLVED,9/13/2023 5:40:00 PM,A,VC 22350,False,1.0,US-101 S/B,,,9/27/2023 9:53:56 AM,A,S,315.0,I-880,F,,D,9/27/2023 9:54:02 AM,9/27/2023 9:54:02 AM,False,True,4,,9/13/2023 6:19:00 PM,1819,False,,,True
2181205,9340-2023-03884,1,False,9340,9/13/2023 8:45:00 AM,845.0,083,1368.0,4313.0,San Jose,43.0,True,True,B,SIDE SWIPE,,Wednesday,NotApplicable,False,M,,False,True,False,SANTA CLARA SUPERIOR COURT HALL OF JUSTICE,C,OTHER MOTOR VEHICLE,,0.0,0.0,CLEAR,, NO UNUSUAL CONDITIONS,, ,A,DAYLIGHT,37.250473,-121.908866,,,,,A,NO PEDESTRIANS INVOLVED,9/13/2023 8:45:00 AM,A,VC 21658(A),False,1.0,SR-85 S/B,,,9/27/2023 9:52:44 AM,A,S,500.0,CAMDEN AVE.,F,,D,9/27/2023 9:52:53 AM,9/27/2023 9:52:53 AM,False,True,4,,9/13/2023 8:50:00 AM,0850,False,,,True
2181154,9340-2023-03902,1,False,9340,9/14/2023 1:30:00 PM,1330.0,087,1368.0,4313.0,San Jose,43.0,True,True,B,SIDE SWIPE,,Thursday,NotApplicable,False,,,False,True,True,SANTA CLARA SUPERIOR COURT HALL OF JUSTICE,C,OTHER MOTOR VEHICLE,,2.0,0.0,CLEAR,, NO UNUSUAL CONDITIONS,, ,A,DAYLIGHT,37.254916,-121.854817,,,,,A,NO PEDESTRIANS INVOLVED,9/14/2023 1:30:00 PM,D,,,,SR-87 S/B TO SR-85 S/B,,,9/27/2023 9:16:45 AM,A,S,1139.0,SANTA TERESA BLVD,F,,D,9/27/2023 9:16:53 AM,9/27/2023 9:16:53 AM,False,True,4,,9/14/2023 1:40:00 PM,1340,False,,,True
2181147,9340-2023-03872,1,False,9340,9/12/2023 6:40:00 PM,1840.0,120,1368.0,4313.0,San Jose,43.0,True,True,C,REAR END,,Tuesday,NotApplicable,False,M,,False,True,False,SANTA CLARA SUPERIOR COURT HALL OF JUSTICE,C,OTHER MOTOR VEHICLE,,0.0,0.0,CLEAR,, NO UNUSUAL CONDITIONS,, ,A,DAYLIGHT,37.377672,-121.94697,,,,,A,NO PEDESTRIANS INVOLVED,9/12/2023 6:40:00 PM,A,VC 22350,False,1.0,US-101 S/B ,,,9/27/2023 9:12:05 AM,A,N,950.0,DE LA CRUZ BLVD,F,,D,9/27/2023 9:12:13 AM,9/27/2023 9:12:13 AM,False,True,4,,9/12/2023 6:44:00 PM,1844,False,,,True
2180025,9340-2023-03938,1,False,9340,9/16/2023 9:20:00 AM,920.0,281,1368.0,4313.0,San Jose,43.0,True,True,B,SIDE SWIPE,,Saturday,NotApplicable,False,,,False,True,False,SANTA CLARA SUPERIOR COURT HALL OF JUSTICE,C,OTHER MOTOR VEHICLE,,0.0,0.0,CLEAR,, NO UNUSUAL CONDITIONS,, ,A,DAYLIGHT,37.319955,-121.901357,,,,,A,NO PEDESTRIANS INVOLVED,9/16/2023 9:20:00 AM,A,VC 21658(A),True,1.0,I-280 N/B,,,9/26/2023 12:44:27 PM,A,N,0.2,BIRD AVE,M,,D,9/26/2023 12:47:12 PM,9/26/2023 12:47:12 PM,False,True,4,,9/16/2023 9:30:00 AM,0930,True,EMBEDDED,,True
2179920,9340-2023-03909,1,False,9340,9/14/2023 3:30:00 PM,1530.0,083,1368.0,4313.0,San Jose,43.0,True,True,C,REAR END,,Thursday,NotApplicable,False,,,False,True,True,SANTA CLARA SUPERIOR COURT HALL OF JUSTICE,C,OTHER MOTOR VEHICLE,,1.0,0.0,CLEAR,, NO UNUSUAL CONDITIONS,, ,A,DAYLIGHT,37.255349,-121.955258,,,,,A,NO PEDESTRIANS INVOLVED,9/14/2023 3:30:00 PM,A,VC 22350,False,1.0,SR-85 S/B,,,9/26/2023 11:41:38 AM,A,S,200.0,SR-17,F,,D,9/26/2023 11:41:41 AM,9/26/2023 11:41:41 AM,False,True,4,,9/14/2023 3:31:00 PM,1531,False,,,True
2179742,9340-2023-03825,1,False,9340,9/9/2023 9:10:00 PM,2110.0,083,1368.0,4313.0,San Jose,43.0,True,True,E,HIT OBJECT,,Saturday,NotApplicable,False,M,,False,True,False,SANTA CLARA SUPERIOR COURT HALL OF JUSTICE,I,FIXED OBJECT,GUARDRAIL,0.0,0.0,CLEAR,, NO UNUSUAL CONDITIONS,, ,C,DARK-STREET LIGHTS,37.250651,-121.903165,,,,,A,NO PEDESTRIANS INVOLVED,9/9/2023 9:10:00 PM,A,VC 22107,False,1.0,SR-85 N/B,,,9/26/2023 10:03:41 AM,A,S,2082.0,CAMDEN AVE,F,,D,9/26/2023 10:03:44 AM,9/26/2023 10:03:44 AM,False,True,4,,9/9/2023 9:20:00 PM,2120,False,,,True
2179735,9340-2023-03819,1,False,9340,9/9/2023 4:46:00 PM,1646.0,281,1368.0,4313.0,San Jose,43.0,True,True,B,SIDE SWIPE,,Saturday,NotApplicable,False,,,False,True,True,SANTA CLARA SUPERIOR COURT HALL OF JUSTICE,C,OTHER MOTOR VEHICLE,,1.0,0.0,CLEAR,, NO UNUSUAL CONDITIONS,, ,A,DAYLIGHT,37.33224,-121.86446,,,,,A,NO PEDESTRIANS INVOLVED,9/9/2023 4:46:00 PM,A,VC 21755(a) PASSING ON SHLDR,False,1.0,I-280 N/B,,,9/26/2023 10:01:18 AM,A,N,2500.0,MCLAUGHLIN AVENUE,F,,D,9/26/2023 10:01:25 AM,9/26/2023 10:01:25 AM,False,True,4,True,9/9/2023 4:50:00 PM,1650,False,,,True
2179723,9340-2023-03903,1,False,9340,9/14/2023 2:40:00 PM,1440.0,110,1368.0,4313.0,San Jose,43.0,True,True,F,OVERTURNED,,Thursday,NotApplicable,False,,,False,True,False,SANTA CLARA SUPERIOR COURT HALL OF JUSTICE,A,NON-COLLISION,,0.0,0.0,CLEAR,, NO UNUSUAL CONDITIONS,, ,A,DAYLIGHT,37.318832,-121.832939,,,,,A,NO PEDESTRIANS INVOLVED,9/14/2023 2:40:00 PM,A,VC 22350,True,1.0,US-101 S/B FROM TULLY ROAD W/B,,,9/26/2023 9:56:36 AM,A,N,315.0,TULLY ROAD,F,,D,9/26/2023 9:56:39 AM,9/26/2023 9:56:39 AM,False,True,4,,9/14/2023 2:43:00 PM,1443,False,,,True
2179700,9340-2023-03829,1,False,9340,9/10/2023 12:35:00 PM,1235.0,088,1368.0,4313.0,San Jose,43.0,True,True,C,REAR END,,Sunday,NotApplicable,False,,,False,True,False,SANTA CLARA SUPERIOR COURT HALL OF JUSTICE,C,OTHER MOTOR VEHICLE,,0.0,0.0,CLEAR,, NO UNUSUAL CONDITIONS,, ,A,DAYLIGHT,37.363097,-121.902749,,,,,A,NO PEDESTRIANS INVOLVED,9/10/2023 12:35:00 PM,A,VC 22350,False,1.0,I-880 S/B,,,9/26/2023 9:43:23 AM,A,S,500.0,US-101,F,,D,9/26/2023 9:43:26 AM,9/26/2023 9:43:26 AM,False,True,4,,9/10/2023 12:45:00 PM,1245,False,,,True
2179668,9340-2023-03818,1,False,9340,9/9/2023 12:30:00 PM,1230.0,110,1368.0,4313.0,San Jose,43.0,True,True,C,REAR END,,Saturday,NotApplicable,False,,,False,True,True,SANTA CLARA SUPERIOR COURT HALL OF JUSTICE,C,OTHER MOTOR VEHICLE,,0.0,0.0,CLOUDY,, NO UNUSUAL CONDITIONS,, ,A,DAYLIGHT,37.363167,-121.889866,,,,,A,NO PEDESTRIANS INVOLVED,9/9/2023 12:30:00 PM,A,VC 22350,False,2.0,US-101 N/B TO OLD OAKLAND ROAD,,,9/26/2023 9:27:24 AM,A,S,460.0,OLD OAKLAND ROAD,F,,D,9/26/2023 9:27:29 AM,9/26/2023 9:27:29 AM,False,True,4,,9/9/2023 12:38:00 PM,1238,True,EMBEDDED,,True
2179662,9340-2023-03892,1,False,9340,9/13/2023 7:30:00 PM,1930.0,087,1368.0,4313.0,San Jose,43.0,True,True,C,REAR END,,Wednesday,NotApplicable,False,M,,False,True,False,SANTA CLARA SUPERIOR COURT HALL OF JUSTICE,C,OTHER MOTOR VEHICLE,,0.0,0.0,CLEAR,, NO UNUSUAL CONDITIONS,, ,A,DAYLIGHT,37.302069,-121.876808,,,,,A,NO PEDESTRIANS INVOLVED,9/13/2023 7:30:00 PM,A,VC 22350,False,1.0,SR-87 N/B,,,9/26/2023 9:24:01 AM,A,N,32.0,ALMADEN EXPWY,F,,D,9/26/2023 9:24:05 AM,9/26/2023 9:24:05 AM,False,True,4,,9/13/2023 7:40:00 PM,1940,False,,,True
2179646,9340-2023-03812,1,False,9340,9/9/2023 2:36:00 AM,236.0,110,1368.0,4313.0,San Jose,43.0,True,True,C,REAR END,,Saturday,Yes,False,,,False,True,True,SANTA CLARA SUPERIOR COURT HALL OF JUSTICE,C,OTHER MOTOR VEHICLE,,1.0,0.0,CLEAR,, NO UNUSUAL CONDITIONS,, ,C,DARK-STREET LIGHTS,37.308923,-121.822603,,,,,A,NO PEDESTRIANS INVOLVED,9/9/2023 2:36:00 AM,A,VC 23152(a),False,1.0,US-101 S/B ,,,9/26/2023 9:14:16 AM,A,N,2662.0,CAPITOL EXPY,F,,D,9/26/2023 9:14:26 AM,9/26/2023 9:14:26 AM,False,True,4,,9/9/2023 2:40:00 AM,0240,False,,,True
2179630,9340-2023-03826,1,False,9340,9/10/2023 12:40:00 AM,40.0,089,1368.0,4313.0,San Jose,43.0,True,True,C,REAR END,,Sunday,Yes,False,,,False,True,True,SANTA CLARA SUPERIOR COURT HALL OF JUSTICE,C,OTHER MOTOR VEHICLE,,1.0,0.0,CLEAR,, NO UNUSUAL CONDITIONS,, ,D,DARK-NO STREET LIGHTS,37.390799,-121.906338,,,,,A,NO PEDESTRIANS INVOLVED,9/10/2023 12:40:00 AM,A,VC 23152(a),True,1.0,I-880 N/B ,,,9/26/2023 9:06:20 AM,A,N,3115.0,BROKAW RD,F,,D,9/26/2023 9:06:25 AM,9/26/2023 9:06:25 AM,False,True,4,True,9/10/2023 12:44:00 AM,0044,False,,True,False
2179578,9340-2023-03896,1,False,9340,9/13/2023 10:35:00 PM,2235.0,089,1368.0,4313.0,San Jose,43.0,True,True,C,REAR END,,Wednesday,No,False,,,False,True,True,SANTA CLARA SUPERIOR COURT HALL OF JUSTICE,C,OTHER MOTOR VEHICLE,,0.0,0.0,CLEAR,, NO UNUSUAL CONDITIONS,, ,D,DARK-NO STREET LIGHTS,37.423638,-121.915687,,,,,A,NO PEDESTRIANS INVOLVED,9/13/2023 10:35:00 PM,A,VC 22350,False,1.0,I-880 N/B,,,9/26/2023 8:45:23 AM,A,S,693.0,W. CALAVERAS BVLD,F,,D,9/26/2023 8:45:26 AM,9/26/2023 8:45:26 AM,False,True,4,,9/13/2023 10:38:00 PM,2238,False,,,True
2179554,9340-2023-03878,1,False,9340,9/13/2023 12:45:00 AM,45.0,088,1368.0,4313.0,San Jose,43.0,True,True,A,HEAD-ON,,Wednesday,Yes,False,,,False,True,True,SANTA CLARA SUPERIOR COURT HALL OF JUSTICE,C,OTHER MOTOR VEHICLE,,1.0,0.0,CLEAR,, NO UNUSUAL CONDITIONS,, ,C,DARK-STREET LIGHTS,37.34502,-121.92332,,,,,A,NO PEDESTRIANS INVOLVED,9/13/2023 12:45:00 AM,A,VC 23152(a),False,1.0,I-880 N/B,,,9/26/2023 8:32:48 AM,A,N,1016.0,THE ALAMEDA,F,,D,9/26/2023 8:32:54 AM,9/26/2023 8:32:54 AM,False,True,4,,9/13/2023 12:46:00 AM,0046,False,,,True
2178992,9340-2023-03936,1,False,9340,9/16/2023 8:30:00 AM,830.0,281,1368.0,4313.0,San Jose,43.0,True,True,C,REAR END,,Saturday,Yes,False,,,False,True,True,SANTA CLARA SUPERIOR COURT HALL OF JUSTICE,C,OTHER MOTOR VEHICLE,,1.0,0.0,CLOUDY,, NO UNUSUAL CONDITIONS,, ,A,DAYLIGHT,37.33957,-121.852478,,,,,A,NO PEDESTRIANS INVOLVED,9/16/2023 8:30:00 AM,A,VC 22350,False,1.0,I-280 N/B ,,,9/25/2023 4:29:36 PM,A,N,20.0,US-101,F,,D,9/25/2023 4:29:45 PM,9/25/2023 4:29:45 PM,False,True,4,,9/16/2023 8:50:00 AM,0850,False,,,True
2178976,9340-2023-03937,1,False,9340,9/16/2023 10:40:00 AM,1040.0,010,1368.0,4313.0,San Jose,43.0,True,True,E,HIT OBJECT,,Saturday,NotApplicable,False,,,False,False,False,SANTA CLARA SUPERIOR COURT HALL OF JUSTICE,I,FIXED OBJECT,TRAFFIC SIGN,0.0,0.0,CLOUDY,, NO UNUSUAL CONDITIONS,, ,A,DAYLIGHT,37.39011,-121.81768,,,,,A,NO PEDESTRIANS INVOLVED,9/16/2023 10:40:00 AM,A,VC 22107,False,1.0,ALUM ROCK AVE W/B,,,9/25/2023 4:11:40 PM,A,W,50.0,CHULA VISTA AVE,F,,D,9/25/2023 4:11:54 PM,9/25/2023 4:11:54 PM,True,False,4,,9/16/2023 10:55:00 AM,1055,False,,,True
2178643,9340-2023-03888,2,False,9340,9/13/2023 6:25:00 PM,1825.0,087,1368.0,4313.0,San Jose,43.0,True,True,C,REAR END,,Wednesday,NotApplicable,False,,,False,True,True,SANTA CLARA SUPERIOR COURT HALL OF JUSTICE,C,OTHER MOTOR VEHICLE,,0.0,0.0,CLEAR,, NO UNUSUAL CONDITIONS,, ,A,DAYLIGHT,37.311469,-121.884204,,,,,A,NO PEDESTRIANS INVOLVED,9/13/2023 6:25:00 PM,A,VC 22350,False,1.0,SR-87 N/B,,,9/25/2023 2:02:54 PM,A,N,380.0,ALMA AVE,F,,D,9/25/2023 2:03:29 PM,9/25/2023 2:08:50 PM,False,True,4,,9/13/2023 6:30:00 PM,1830,False,,,True
2178575,9340-2023-03943,1,False,9340,9/15/2023 8:30:00 PM,2030.0,120,1368.0,4313.0,San Jose,43.0,True,True,C,REAR END,,Friday,NotApplicable,False,,,False,True,True,SANTA CLARA SUPERIOR COURT HALL OF JUSTICE,C,OTHER MOTOR VEHICLE,,0.0,0.0,CLEAR,, NO UNUSUAL CONDITIONS,, ,D,DARK-NO STREET LIGHTS,37.3639,-121.900209,,,,,A,NO PEDESTRIANS INVOLVED,9/15/2023 8:30:00 PM,A,VC 22350,False,1.0,US-101 N/B,,,9/25/2023 1:09:17 PM,A,S,400.0,I-880,F,,D,9/25/2023 1:09:25 PM,9/25/2023 1:09:25 PM,False,True,4,,9/15/2023 8:36:00 PM,2036,False,,,True
2178559,9340-2023-03923,1,False,9340,9/15/2023 5:20:00 PM,1720.0,281,1368.0,4313.0,San Jose,43.0,True,True,C,REAR END,,Friday,NotApplicable,False,,,False,True,True,SANTA CLARA SUPERIOR COURT HALL OF JUSTICE,C,OTHER MOTOR VEHICLE,,1.0,0.0,CLEAR,, NO UNUSUAL CONDITIONS,, ,A,DAYLIGHT,37.31643,-121.90607,,,,,A,NO PEDESTRIANS INVOLVED,9/15/2023 5:20:00 PM,A,VC 22350,False,1.0,I-280 S/B,,,9/25/2023 12:55:45 PM,A,S,265.0,LINCOLN AVE,F,,D,9/25/2023 12:55:57 PM,9/25/2023 12:55:57 PM,False,True,4,,9/15/2023 5:25:00 PM,1725,False,,,True
2178520,9340-2023-03925,1,False,9340,9/15/2023 3:20:00 PM,1520.0,681,1368.0,4313.0,San Jose,43.0,True,True,C,REAR END,,Friday,NotApplicable,False,,,False,True,True,SANTA CLARA SUPERIOR COURT HALL OF JUSTICE,C,OTHER MOTOR VEHICLE,,1.0,0.0,CLEAR,, NO UNUSUAL CONDITIONS,, ,A,DAYLIGHT,37.39869,-121.875747,,,,,A,NO PEDESTRIANS INVOLVED,9/15/2023 3:20:00 PM,A,VC 22350,False,1.0,I-680 S/B,,,9/25/2023 12:32:09 PM,A,S,174.0,CAPITOL AVE,F,,D,9/25/2023 12:32:21 PM,9/25/2023 12:32:21 PM,False,True,4,,9/15/2023 3:25:00 PM,1525,False,,,True
2178501,9340-2023-03891,1,False,9340,9/13/2023 1:20:00 PM,1320.0,088,1368.0,4313.0,San Jose,43.0,True,True,C,REAR END,,Wednesday,NotApplicable,False,M,,False,True,False,SANTA CLARA SUPERIOR COURT HALL OF JUSTICE,C,OTHER MOTOR VEHICLE,,0.0,0.0,CLEAR,, NO UNUSUAL CONDITIONS,, ,A,DAYLIGHT,37.349721,-121.916755,,,,,A,NO PEDESTRIANS INVOLVED,9/13/2023 1:20:00 PM,A,VC 22350(A),False,1.0,I-880 N/B,,,9/25/2023 12:21:57 PM,A,N,455.0,COLEMAN AVE,F,,D,9/25/2023 12:22:02 PM,9/25/2023 12:22:02 PM,False,True,4,,9/13/2023 2:20:00 PM,1420,False,,,True
2178496,9340-2023-03908,1,False,9340,9/14/2023 6:00:00 PM,1800.0,281,1368.0,4313.0,San Jose,43.0,True,True,B,SIDE SWIPE,,Thursday,NotApplicable,False,,,False,True,False,SANTA CLARA SUPERIOR COURT HALL OF JUSTICE,C,OTHER MOTOR VEHICLE,,1.0,0.0,CLEAR,, NO UNUSUAL CONDITIONS,, ,B,DUSK-DAWN,37.315935,-121.917213,,,,,A,NO PEDESTRIANS INVOLVED,9/14/2023 6:00:00 PM,A,VC 22350,False,1.0,I-280 S/B TO MERIDIAN AVENUE ,,,9/25/2023 12:19:37 PM,A,N,638.0,MERIDIAN AVE,F,,D,9/25/2023 12:19:52 PM,9/25/2023 12:19:52 PM,False,True,4,,9/14/2023 6:15:00 PM,1815,True,EMBEDDED,,True
2178493,9340-2023-03920,1,False,9340,9/15/2023 4:15:00 PM,1615.0,087,1368.0,4313.0,San Jose,43.0,True,True,C,REAR END,,Friday,NotApplicable,False,,,False,True,False,SANTA CLARA SUPERIOR COURT HALL OF JUSTICE,C,OTHER MOTOR VEHICLE,,0.0,0.0,CLEAR,, NO UNUSUAL CONDITIONS,, ,A,DAYLIGHT,37.303387,-121.877893,,,,,A,NO PEDESTRIANS INVOLVED,9/15/2023 4:15:00 PM,A,VC 22350,False,1.0,SR-87 N/B,,,9/25/2023 12:17:27 PM,A,N,627.0,ALMADEN EXPRESSWAY,F,,D,9/25/2023 12:17:41 PM,9/25/2023 12:17:41 PM,False,True,4,,9/15/2023 4:20:00 PM,1620,False,,False,True