Collision Id,	Report Number,	Report Version,	Is Preliminary,	NCIC Code,Crash Date Time,	Crash Time Description,	Beat,City Id,	City Code,	City Name,County Code,	City Is Active,	City Is Incorporated,	Collision Type Code,Collision Type Description,	Collision Type Other Desc,	Day Of Week,	DispatchNotified,	HasPhotographs,	HitRun,	IsAttachmentsMailed,	IsDeleted,	IsHighwayRelated,	IsTowAway,	JudicialDistrict,	MotorVehicleInvolvedWithCode,	MotorVehicleInvolvedWithDesc,MotorVehicleInvolvedWithOtherDesc,	NumberInjured,	NumberKilled,Weather 1, Weather 2, Road Condition 1, Road Condition 2, Special Condition,LightingCode, LightingDescription,Latitude,Longitude,MilepostDirection,MilepostDistance,MilepostMarker,MilepostUnitOfMeasure,	PedestrianActionCode,PedestrianActionDesc,PreparedDate,	Primary Collision Factor Code,Primary Collision Factor Violation,PrimaryCollisionFactorIsCited,	PrimaryCollisionPartyNumber,	PrimaryRoad,	ReportingDistrict,	ReportingDistrictCode,ReviewedDate,	RoadwaySurfaceCode,SecondaryDirection,	SecondaryDistance,	SecondaryRoad,	SecondaryUnitOfMeasure,	SketchDesc,	TrafficControlDeviceCode,CreatedDate,	ModifiedDate,IsCountyRoad,IsFreeway,CHP555Version,	IsAdditonalObjectStruck,NotificationDate,	NotificationTimeDescription,	HasDigitalMediaFiles,	EvidenceNumber,	IsLocationReferToNarrative,	IsAOIOneSameAsLocation
2239191,9340-2023-04764,1,False,9340,11/7/2023 10:15:00 AM,1015.0,120,1368.0,4313.0,San Jose,43.0,True,True,C,REAR END,,Tuesday,NotApplicable,False,,,False,True,False,SANTA CLARA SUPERIOR COURT HALL OF JUSTICE,C,OTHER MOTOR VEHICLE,,1.0,0.0,CLEAR,, NO UNUSUAL CONDITIONS,, ,A,DAYLIGHT,37.37782,-121.946434,,,,,A,NO PEDESTRIANS INVOLVED,11/7/2023 10:15:00 AM,A,VC 22350,False,1.0,US-101 N/B,,,11/17/2023 12:39:38 PM,A,N,1400.0,DE LA CRUZ BLVD.,F,,D,11/17/2023 12:40:00 PM,11/17/2023 12:40:00 PM,False,True,4,,11/7/2023 10:25:00 AM,1025,False,,True,False
2238855,9340-2023-04735,1,False,9340,11/6/2023 4:55:00 PM,1655.0,120,1368.0,4313.0,San Jose,43.0,True,True,C,REAR END,,Monday,NotApplicable,False,,,False,True,False,SANTA CLARA SUPERIOR COURT HALL OF JUSTICE,C,OTHER MOTOR VEHICLE,,0.0,0.0,CLOUDY,, NO UNUSUAL CONDITIONS,, ,B,DUSK-DAWN,37.363031,-121.893348,,,,,A,NO PEDESTRIANS INVOLVED,11/6/2023 4:55:00 PM,A,VC 22350,True,1.0,US-101 S/B,,,11/17/2023 7:51:02 AM,A,N,488.0,OLD OAKLAND RD,F,,D,11/17/2023 7:51:11 AM,11/17/2023 7:51:11 AM,False,True,4,,11/6/2023 5:00:00 PM,1700,False,,,True
2258824,9340-2023-04841,1,False,9340,11/12/2023 8:20:00 PM,2020.0,088,1368.0,4313.0,San Jose,43.0,True,True,E,HIT OBJECT,,Sunday,NotApplicable,False,,,False,True,False,SANTA CLARA SUPERIOR COURT HALL OF JUSTICE,I,FIXED OBJECT,DIRT FIELD,0.0,0.0,CLEAR,, NO UNUSUAL CONDITIONS,, ,C,DARK-STREET LIGHTS,37.341782,-121.926775,,,,,A,NO PEDESTRIANS INVOLVED,11/12/2023 8:20:00 PM,A,VC 22107,False,1.0,I-880 N/B,,,12/11/2023 1:25:52 PM,A,S,358.0,THE ALAMEDA,F,,D,12/11/2023 1:25:55 PM,12/11/2023 1:25:55 PM,False,True,4,,11/12/2023 8:25:00 PM,2025,False,,,
2258806,9340-2023-04679,1,False,9340,11/3/2023 12:38:00 AM,38.0,120,1368.0,4313.0,San Jose,43.0,True,True,B,SIDE SWIPE,,Friday,Yes,False,M,,False,True,False,SANTA CLARA SUPERIOR COURT HALL OF JUSTICE,C,OTHER MOTOR VEHICLE,,1.0,0.0,CLEAR,, NO UNUSUAL CONDITIONS,, ,C,DARK-STREET LIGHTS,37.363238,-121.894675,,,,,A,NO PEDESTRIANS INVOLVED,11/3/2023 12:38:00 AM,A,VC 23152(a),True,2.0,US-101 S/B,,,12/11/2023 1:07:42 PM,A,N,875.0,OLD OAKLAND RD.,F,,D,12/11/2023 1:07:47 PM,12/11/2023 1:07:47 PM,False,True,4,,11/3/2023 12:38:00 AM,0038,False,,True,False
2258566,9340-2023-05124,1,False,9340,12/1/2023 5:20:00 PM,1720.0,120,1368.0,4313.0,San Jose,43.0,True,True,C,REAR END,,Friday,NotApplicable,False,,,False,True,False,SANTA CLARA SUPERIOR COURT HALL OF JUSTICE,C,OTHER MOTOR VEHICLE,,0.0,0.0,CLEAR,, NO UNUSUAL CONDITIONS,, ,B,DUSK-DAWN,37.388424,-121.985961,,,,,A,NO PEDESTRIANS INVOLVED,12/1/2023 5:20:00 PM,A,VC 22350,False,1.0,US-101 N/B,,,12/11/2023 10:07:32 AM,A,N,260.0,BOWERS AVENUE,F,,D,12/11/2023 10:07:36 AM,12/11/2023 10:07:36 AM,False,True,4,,12/1/2023 5:58:00 PM,1758,False,,,True
2258313,9340-2023-05062,1,False,9340,11/28/2023 3:45:00 PM,1545.0,087,1368.0,4313.0,San Jose,43.0,True,True,B,SIDE SWIPE,,Tuesday,NotApplicable,False,,,False,True,False,SANTA CLARA SUPERIOR COURT HALL OF JUSTICE,C,OTHER MOTOR VEHICLE,,0.0,0.0,CLEAR,, NO UNUSUAL CONDITIONS,, ,A,DAYLIGHT,37.276904,-121.863344,,,,,A,NO PEDESTRIANS INVOLVED,11/28/2023 3:45:00 PM,A,VC 22350,False,1.0,SR-87 N/B FROM NAVAREZ AVE,,,12/11/2023 7:08:25 AM,A,N,790.0,CAPITOL EXPRESSWAY,F,,D,12/11/2023 7:08:31 AM,12/11/2023 7:08:31 AM,False,True,4,,11/28/2023 4:00:00 PM,1600,False,,,True
2258308,9340-2023-05090,1,False,9340,11/29/2023 6:15:00 PM,1815.0,087,1368.0,4313.0,San Jose,43.0,True,True,C,REAR END,,Wednesday,NotApplicable,False,,,False,True,False,SANTA CLARA SUPERIOR COURT HALL OF JUSTICE,C,OTHER MOTOR VEHICLE,,1.0,0.0,CLEAR,, NO UNUSUAL CONDITIONS,, ,B,DUSK-DAWN,37.310781,-121.883657,,,,,A,NO PEDESTRIANS INVOLVED,11/29/2023 6:15:00 PM,A,VC 22350,False,1.0,SR-87 N/B,,,12/11/2023 7:06:33 AM,A,N,235.0,ALMA AVE,F,,D,12/11/2023 7:06:38 AM,12/11/2023 7:06:38 AM,False,True,4,,11/29/2023 6:21:00 PM,1821,True,EMBEDDED,,True
2258102,9340-2023-04842,1,False,9340,11/12/2023 7:40:00 PM,1940.0,089,1368.0,4313.0,San Jose,43.0,True,True,B,SIDE SWIPE,,Sunday,NotApplicable,False,M,,False,True,False,SANTA CLARA SUPERIOR COURT HALL OF JUSTICE,C,OTHER MOTOR VEHICLE,,0.0,0.0,CLEAR,, NO UNUSUAL CONDITIONS,, ,C,DARK-STREET LIGHTS,37.426139,-121.916449,,,,,A,NO PEDESTRIANS INVOLVED,11/12/2023 7:40:00 PM,A,VC 22107,False,1.0,I-880 N/B,,,12/10/2023 2:27:25 PM,A,N,95.0,CALAVERAS BLVD,F,,D,12/10/2023 2:27:34 PM,12/10/2023 2:27:34 PM,False,True,4,,11/12/2023 7:49:00 PM,1949,False,,,True
2258101,9340-2023-05118,1,False,9340,12/1/2023 8:45:00 AM,845.0,681,1368.0,4313.0,San Jose,43.0,True,True,B,SIDE SWIPE,,Friday,NotApplicable,False,,,False,True,False,SANTA CLARA SUPERIOR COURT HALL OF JUSTICE,C,OTHER MOTOR VEHICLE,,0.0,0.0,CLEAR,, NO UNUSUAL CONDITIONS,, ,A,DAYLIGHT,37.333068,-121.846268,,,,,A,NO PEDESTRIANS INVOLVED,12/1/2023 8:45:00 AM,A,VC 22107,False,1.0,I-680 S/B TO US-101 S/B,,,12/10/2023 2:03:09 PM,A,S,1126.0,STORY RD,F,,D,12/10/2023 2:03:23 PM,12/10/2023 2:03:23 PM,False,True,4,,12/1/2023 8:50:00 AM,0850,False,,,True
2258097,9340-2023-04787,1,False,9340,11/9/2023 12:07:00 PM,1207.0,281,1368.0,4313.0,San Jose,43.0,True,True,C,REAR END,,Thursday,NotApplicable,False,,,False,True,False,SANTA CLARA SUPERIOR COURT HALL OF JUSTICE,C,OTHER MOTOR VEHICLE,,0.0,0.0,CLEAR,, NO UNUSUAL CONDITIONS,, ,A,DAYLIGHT,37.328158,-121.870519,,,,,A,NO PEDESTRIANS INVOLVED,11/9/2023 12:07:00 PM,A,VC 22350,False,1.0,I-280 S/B TO 11TH ST,,,12/10/2023 1:19:59 PM,A,S,40.0,11TH ST,F,,A,12/10/2023 1:20:05 PM,12/10/2023 1:20:05 PM,False,True,4,,11/9/2023 12:10:00 PM,1210,False,,,True
2257474,9340-2023-05095,1,False,9340,11/30/2023 8:02:00 AM,802.0,087,1368.0,4313.0,San Jose,43.0,True,True,B,SIDE SWIPE,,Thursday,NotApplicable,False,,,False,True,False,SANTA CLARA SUPERIOR COURT HALL OF JUSTICE,C,OTHER MOTOR VEHICLE,,0.0,0.0,CLEAR,, NO UNUSUAL CONDITIONS,, ,A,DAYLIGHT,37.369035,-121.925267,,,,,A,NO PEDESTRIANS INVOLVED,11/30/2023 8:02:00 AM,A,VC 21658(A),False,1.0,SR-87 N/B,,,12/8/2023 2:34:58 PM,A,N,200.0,AIRPORT PKWY,F,,D,12/8/2023 2:35:01 PM,12/8/2023 2:35:01 PM,False,True,4,,11/30/2023 8:07:00 AM,0807,False,,,True
2257379,9340-2023-05113,1,False,9340,12/1/2023 7:40:00 AM,740.0,681,1368.0,4313.0,San Jose,43.0,True,True,B,SIDE SWIPE,,Friday,NotApplicable,False,,,False,True,False,SANTA CLARA SUPERIOR COURT HALL OF JUSTICE,C,OTHER MOTOR VEHICLE,,0.0,0.0,CLEAR,, NO UNUSUAL CONDITIONS,, ,A,DAYLIGHT,37.365936,-121.844958,,,,,A,NO PEDESTRIANS INVOLVED,12/1/2023 7:40:00 AM,A,VC 21658(A),False,1.0,I-680 S/B,,,12/8/2023 1:14:13 PM,A,S,774.0,MCKEE RD,F,,D,12/8/2023 1:14:17 PM,12/8/2023 1:14:17 PM,False,True,4,,12/1/2023 7:50:00 AM,0750,False,,,True
2257372,9340-2023-05115,1,False,9340,12/1/2023 7:24:00 AM,724.0,120,1368.0,4313.0,San Jose,43.0,True,True,C,REAR END,,Friday,Yes,False,M,,False,True,True,SANTA CLARA SUPERIOR COURT HALL OF JUSTICE,C,OTHER MOTOR VEHICLE,,1.0,0.0,CLEAR,, NO UNUSUAL CONDITIONS,, ,A,DAYLIGHT,37.378565,-121.950572,,,,,A,NO PEDESTRIANS INVOLVED,12/1/2023 7:24:00 AM,A,VC 22350,True,1.0,US-101 N/B,,,12/8/2023 1:06:54 PM,A,N,650.0,LAFAYETTE ST,F,,D,12/8/2023 1:07:01 PM,12/8/2023 1:07:01 PM,False,True,4,True,12/1/2023 7:30:00 AM,0730,True,EMBEDDED,,True
2257356,9340-2023-05116,1,False,9340,12/1/2023 6:50:00 AM,650.0,087,1368.0,4313.0,San Jose,43.0,True,True,C,REAR END,,Friday,NotApplicable,False,M,,False,True,False,SANTA CLARA SUPERIOR COURT HALL OF JUSTICE,C,OTHER MOTOR VEHICLE,,0.0,0.0,CLEAR,, NO UNUSUAL CONDITIONS,, ,A,DAYLIGHT,37.27688,-121.86331,,,,,A,NO PEDESTRIANS INVOLVED,12/1/2023 6:50:00 AM,A,VC 22350,False,1.0,SR-87 N/B FROM NARVAEZ AVE,,,12/8/2023 12:55:00 PM,A,N,450.0,CAPITOL EXPRESSWAY,F,,A,12/8/2023 12:55:04 PM,12/8/2023 12:55:04 PM,False,True,4,,12/1/2023 6:57:00 AM,0657,False,,,True
2257294,9340-2023-05117,1,False,9340,12/1/2023 6:20:00 AM,620.0,110,1368.0,4313.0,San Jose,43.0,True,True,C,REAR END,,Friday,NotApplicable,False,,,False,True,False,SANTA CLARA SUPERIOR COURT HALL OF JUSTICE,C,OTHER MOTOR VEHICLE,,0.0,0.0,CLEAR,, NO UNUSUAL CONDITIONS,, ,C,DARK-STREET LIGHTS,37.34912,-121.86123,,,,,A,NO PEDESTRIANS INVOLVED,12/1/2023 6:20:00 AM,A,VC 22350,False,1.0,US-101 S/B,,,12/8/2023 11:45:42 AM,A,S,267.0,E SANTA CLARA ST,F,,D,12/8/2023 11:45:45 AM,12/8/2023 11:45:45 AM,False,True,4,,12/1/2023 6:25:00 AM,0625,False,,,True
2257279,9340-2023-05107,2,False,9340,11/30/2023 10:05:00 PM,2205.0,087,1368.0,4313.0,San Jose,43.0,True,True,B,SIDE SWIPE,,Thursday,NotApplicable,False,M,,False,True,False,SANTA CLARA SUPERIOR COURT HALL OF JUSTICE,C,OTHER MOTOR VEHICLE,,0.0,0.0,CLEAR,, NO UNUSUAL CONDITIONS,, ,D,DARK-NO STREET LIGHTS,37.318337,-121.889537,,,,,A,NO PEDESTRIANS INVOLVED,11/30/2023 10:05:00 PM,A,VC 22107,False,1.0,SR-87 N/B,,,10/8/2024 9:28:54 AM,A,S,560.0,WEST VIRGINIA ST,F,,D,12/8/2023 11:39:03 AM,10/8/2024 9:29:04 AM,False,True,4,,11/30/2023 10:08:00 PM,2208,False,,,True
2257278,9340-2023-05055,1,False,9340,11/28/2023 1:20:00 PM,1320.0,083,1368.0,4313.0,San Jose,43.0,True,True,B,SIDE SWIPE,,Tuesday,NotApplicable,False,,,False,True,True,SANTA CLARA SUPERIOR COURT HALL OF JUSTICE,C,OTHER MOTOR VEHICLE,,0.0,0.0,CLEAR,, NO UNUSUAL CONDITIONS,, ,A,DAYLIGHT,37.255388,-121.857633,,,,,A,NO PEDESTRIANS INVOLVED,11/28/2023 1:20:00 PM,A,VC 22350,False,1.0,SR-85 S/B,,,12/8/2023 11:33:40 AM,A,N,130.0,SR-87,F,,D,12/8/2023 11:33:44 AM,12/8/2023 11:33:44 AM,False,True,4,,11/28/2023 1:25:00 PM,1325,False,,,True
2257270,9340-2023-05097,1,False,9340,11/30/2023 3:30:00 PM,1530.0,281,1368.0,4313.0,San Jose,43.0,True,True,B,SIDE SWIPE,,Thursday,NotApplicable,False,,,False,True,False,SANTA CLARA SUPERIOR COURT HALL OF JUSTICE,C,OTHER MOTOR VEHICLE,,0.0,0.0,CLEAR,, NO UNUSUAL CONDITIONS,, ,A,DAYLIGHT,37.324903,-121.886112,,,,,A,NO PEDESTRIANS INVOLVED,11/30/2023 3:30:00 PM,A,VC 21658(A),False,1.0,I-280 S/B,,,12/8/2023 11:23:51 AM,A,S,120.0,ALMADEN AVE,F,,D,12/8/2023 11:23:54 AM,12/8/2023 11:23:54 AM,False,True,4,,11/30/2023 3:39:00 PM,1539,False,,,True
2257249,9340-2023-05089,1,False,9340,11/29/2023 3:40:00 PM,1540.0,087,1368.0,4313.0,San Jose,43.0,True,True,C,REAR END,,Wednesday,NotApplicable,False,,,False,True,False,SANTA CLARA SUPERIOR COURT HALL OF JUSTICE,C,OTHER MOTOR VEHICLE,,1.0,0.0,CLEAR,, NO UNUSUAL CONDITIONS,, ,A,DAYLIGHT,37.292913,-121.871893,,,,,A,NO PEDESTRIANS INVOLVED,11/29/2023 3:40:00 PM,A,VC 22350,False,1.0,SR-87 N/B TO CURTNER AVE,,,12/8/2023 11:09:51 AM,A,S,751.0,CURTNER AVE,F,,D,12/8/2023 11:09:55 AM,12/8/2023 11:09:55 AM,False,True,4,,11/29/2023 3:44:00 PM,1544,True,EMBEDDED,,True
2257179,9340-2023-04962,1,False,9340,11/21/2023 3:50:00 PM,1550.0,087,1368.0,4313.0,San Jose,43.0,True,True,C,REAR END,,Tuesday,NotApplicable,False,,,False,True,False,SANTA CLARA SUPERIOR COURT HALL OF JUSTICE,C,OTHER MOTOR VEHICLE,,0.0,0.0,CLEAR,, NO UNUSUAL CONDITIONS,, ,A,DAYLIGHT,37.304271,-121.879007,,,,,A,NO PEDESTRIANS INVOLVED,11/21/2023 3:50:00 PM,A,VC 22350,False,1.0,SR-87 S/B,,,12/8/2023 10:05:52 AM,A,N,1080.0,ALMADEN EXPRESSWAY,F,,D,12/8/2023 10:05:55 AM,12/8/2023 10:05:55 AM,False,True,4,,11/21/2023 3:55:00 PM,1555,False,,,True
2257140,9340-2023-04928,1,False,9340,11/18/2023 1:45:00 PM,1345.0,681,1368.0,4313.0,San Jose,43.0,True,True,E,HIT OBJECT,,Saturday,Yes,False,,,False,True,False,SANTA CLARA SUPERIOR COURT HALL OF JUSTICE,I,FIXED OBJECT,CONCRETE BARRIER,1.0,0.0,CLOUDY,, NO UNUSUAL CONDITIONS,, ,A,DAYLIGHT,37.387602,-121.86631,,,,,A,NO PEDESTRIANS INVOLVED,11/18/2023 1:45:00 PM,A,VC 23152(a),True,1.0,I-680 S/B,,,12/8/2023 9:29:18 AM,B,N,1442.0,BERRYESSA RD,F,,A,12/8/2023 9:29:20 AM,12/8/2023 9:29:20 AM,False,True,4,,11/18/2023 1:52:00 PM,1352,False,,,True
2257118,9340-2023-04885,1,False,9340,11/16/2023 5:03:00 PM,1703.0,088,1368.0,4313.0,San Jose,43.0,True,True,B,SIDE SWIPE,,Thursday,NotApplicable,False,M,,False,True,False,SANTA CLARA SUPERIOR COURT HALL OF JUSTICE,C,OTHER MOTOR VEHICLE,,0.0,0.0,CLEAR,, NO UNUSUAL CONDITIONS,, ,B,DUSK-DAWN,37.351604,-121.914414,,,,,A,NO PEDESTRIANS INVOLVED,11/16/2023 5:03:00 PM,A,VC 22107,False,1.0,I-880 S/B,,,12/8/2023 9:08:42 AM,A,N,1410.0,COLEMAN AVE,F,,D,12/8/2023 9:08:45 AM,12/8/2023 9:08:45 AM,False,True,4,,11/16/2023 5:10:00 PM,1710,False,,,True
2257070,9340-2023-04740,1,False,9340,11/7/2023 6:55:00 AM,655.0,120,1368.0,4313.0,San Jose,43.0,True,True,B,SIDE SWIPE,,Tuesday,NotApplicable,False,,,False,True,False,SANTA CLARA SUPERIOR COURT HALL OF JUSTICE,C,OTHER MOTOR VEHICLE,,0.0,0.0,CLEAR,, NO UNUSUAL CONDITIONS,, ,A,DAYLIGHT,37.371597,-121.915759,,,,,A,NO PEDESTRIANS INVOLVED,11/7/2023 6:55:00 AM,A,VC 21658(A),False,1.0,US 101 N/B,,,12/8/2023 8:13:55 AM,A,S,370.0,N. FIRST ST.,F,,D,12/8/2023 8:14:00 AM,12/8/2023 8:14:00 AM,False,True,4,,11/7/2023 6:58:00 AM,0658,False,,,True
2257068,9340-2023-05068,1,False,9340,11/28/2023 5:50:00 PM,1750.0,172,1368.0,4313.0,San Jose,43.0,True,True,C,REAR END,,Tuesday,NotApplicable,False,,,False,True,True,SANTA CLARA SUPERIOR COURT HALL OF JUSTICE,C,OTHER MOTOR VEHICLE,,0.0,0.0,CLEAR,, NO UNUSUAL CONDITIONS,, ,D,DARK-NO STREET LIGHTS,37.309067,-121.940647,,,,,A,NO PEDESTRIANS INVOLVED,11/28/2023 5:50:00 PM,A,VC 22350,False,1.0,SR-17 S/B,,,12/8/2023 8:11:23 AM,A,S,0.5,I-280,M,,D,12/8/2023 8:11:28 AM,12/8/2023 8:11:28 AM,False,True,4,,11/28/2023 5:55:00 PM,1755,False,,,True
2257048,9340-2023-05064,1,False,9340,11/28/2023 3:30:00 PM,1530.0,083,1368.0,4313.0,San Jose,43.0,True,True,C,REAR END,,Tuesday,NotApplicable,False,,,False,True,False,SANTA CLARA SUPERIOR COURT HALL OF JUSTICE,C,OTHER MOTOR VEHICLE,,1.0,0.0,CLEAR,, NO UNUSUAL CONDITIONS,, ,A,DAYLIGHT,37.255289,-121.853507,,,,,A,NO PEDESTRIANS INVOLVED,11/28/2023 3:30:00 PM,A,VC 22350,False,1.0,SR-85 S/B,,,12/8/2023 7:47:25 AM,A,S,1531.0,SANTA TERESA BLVD,F,,A,12/8/2023 7:47:31 AM,12/8/2023 7:47:31 AM,False,True,4,,11/28/2023 3:35:00 PM,1535,False,,,True
2257046,9340-2023-05029,1,False,9340,11/26/2023 7:54:00 PM,1954.0,281,1368.0,4313.0,San Jose,43.0,True,True,B,SIDE SWIPE,,Sunday,Yes,False,,,False,True,False,SANTA CLARA SUPERIOR COURT HALL OF JUSTICE,C,OTHER MOTOR VEHICLE,,1.0,0.0,CLEAR,, NO UNUSUAL CONDITIONS,, ,C,DARK-STREET LIGHTS,37.316921,-121.929146,,,,,A,NO PEDESTRIANS INVOLVED,11/26/2023 7:54:00 PM,A,VC 23152(a),True,1.0,I-280 N/B ,,,12/8/2023 7:41:32 AM,A,N,675.0,LELAND AVE,F,,D,12/8/2023 7:41:38 AM,12/8/2023 7:41:38 AM,False,True,4,True,11/26/2023 7:55:00 PM,1955,False,,,True
2257040,9340-2023-05088,1,False,9340,11/29/2023 5:25:00 PM,1725.0,088,1368.0,4313.0,San Jose,43.0,True,True,B,SIDE SWIPE,,Wednesday,NotApplicable,False,,,False,True,False,SANTA CLARA SUPERIOR COURT HALL OF JUSTICE,C,OTHER MOTOR VEHICLE,,0.0,0.0,CLEAR,, NO UNUSUAL CONDITIONS,, ,D,DARK-NO STREET LIGHTS,37.351112,-121.914821,,,,,A,NO PEDESTRIANS INVOLVED,11/29/2023 5:25:00 PM,A,VC 21658(A),False,1.0,I-880 N/B ,,,12/8/2023 7:34:25 AM,A,N,1200.0,COLEMAN AVE,F,,D,12/8/2023 7:34:27 AM,12/8/2023 7:34:27 AM,False,True,4,,11/29/2023 5:30:00 PM,1730,False,,,True
2257033,9340-2023-05075,1,False,9340,11/29/2023 7:50:00 AM,750.0,240,1368.0,4313.0,San Jose,43.0,True,True,E,HIT OBJECT,,Wednesday,Yes,False,,,False,True,False,SANTA CLARA SUPERIOR COURT HALL OF JUSTICE,I,FIXED OBJECT,CONCRETE BARRIER,1.0,0.0,CLOUDY,, NO UNUSUAL CONDITIONS,, ,A,DAYLIGHT,37.419518,-121.943146,,,,,A,NO PEDESTRIANS INVOLVED,11/29/2023 7:50:00 AM,A,VC 22350,False,1.0,SR-237 E/B,,,12/8/2023 7:25:59 AM,B,W,948.0,ZANKER ROAD,F,,D,12/8/2023 7:26:03 AM,12/8/2023 7:26:03 AM,False,False,4,True,11/29/2023 7:55:00 AM,0755,True,EMBEDDED,,True
2257022,9340-2023-05080,1,False,9340,11/29/2023 5:50:00 AM,550.0,681,1368.0,4313.0,San Jose,43.0,True,True,C,REAR END,,Wednesday,NotApplicable,False,,,False,True,False,SANTA CLARA SUPERIOR COURT HALL OF JUSTICE,C,OTHER MOTOR VEHICLE,,0.0,0.0,RAINING,, NO UNUSUAL CONDITIONS,, ,B,DUSK-DAWN,37.391,-121.869854,,,,,A,NO PEDESTRIANS INVOLVED,11/29/2023 5:50:00 AM,A,VC 22350,False,1.0,I-680 N/B,,,12/8/2023 7:12:51 AM,B,S,2000.0,HOSTETTER RD,F,,D,12/8/2023 7:12:53 AM,12/8/2023 7:12:53 AM,False,True,4,,11/29/2023 6:00:00 AM,0600,False,,,True
2257018,9340-2023-04988,1,False,9340,11/3/2023 5:16:00 AM,516.0,010,1368.0,4313.0,San Jose,43.0,True,True,C,REAR END,,Friday,No,False,,,False,False,False,SANTA CLARA SUPERIOR COURT HALL OF JUSTICE,E,PARKED MOTOR VEHICLE,,0.0,0.0,CLEAR,, NO UNUSUAL CONDITIONS,, ,D,DARK-NO STREET LIGHTS,37.367442,-121.826313,,,,,A,NO PEDESTRIANS INVOLVED,11/3/2023 5:16:00 AM,A,VC 22106,False,1.0,ALUM ROCK AVE E/B (SR-130),,,12/8/2023 7:08:04 AM,A,W,20.0,DALE DR,F,,D,12/8/2023 7:08:21 AM,12/8/2023 7:08:21 AM,True,False,4,,11/6/2023 10:00:00 AM,1000,True,EMBEDDED,,True
2256632,9340-2023-05104,1,False,9340,11/30/2023 6:50:00 PM,1850.0,083,1368.0,4313.0,San Jose,43.0,True,True,C,REAR END,,Thursday,NotApplicable,False,,,False,True,False,SANTA CLARA SUPERIOR COURT HALL OF JUSTICE,C,OTHER MOTOR VEHICLE,,0.0,0.0,CLEAR,, NO UNUSUAL CONDITIONS,, ,C,DARK-STREET LIGHTS,37.256175,-121.871309,,,,,A,NO PEDESTRIANS INVOLVED,11/30/2023 6:50:00 PM,A,VC 22350,False,1.0,SR-85 N/B ,,,12/7/2023 4:35:26 PM,A,N,75.0,CHERRY AVE,F,,D,12/7/2023 4:36:36 PM,12/7/2023 4:36:36 PM,False,True,4,,11/30/2023 6:55:00 PM,1855,False,,,True
2256580,9340-2023-05052,1,False,9340,11/28/2023 8:20:00 AM,820.0,120,1368.0,4313.0,San Jose,43.0,True,True,C,REAR END,,Tuesday,NotApplicable,False,,,False,True,False,SANTA CLARA SUPERIOR COURT HALL OF JUSTICE,C,OTHER MOTOR VEHICLE,,0.0,0.0,CLEAR,, NO UNUSUAL CONDITIONS,, ,A,DAYLIGHT,37.376023,-121.937617,,,,,A,NO PEDESTRIANS INVOLVED,11/28/2023 8:20:00 AM,A,VC 22350,False,1.0,US-101 N/B,,,12/7/2023 3:35:40 PM,A,S,1232.0,TRIMBLE RD,F,,D,12/7/2023 3:35:49 PM,12/7/2023 3:35:49 PM,False,True,4,,11/28/2023 8:25:00 AM,0825,False,,,True
2256574,9340-2023-05039,1,False,9340,11/27/2023 8:35:00 AM,835.0,901,1368.0,4313.0,San Jose,43.0,True,True,B,SIDE SWIPE,,Monday,NotApplicable,False,M,,False,False,False,SANTA CLARA SUPERIOR COURT HALL OF JUSTICE,C,OTHER MOTOR VEHICLE,,0.0,0.0,CLEAR,, NO UNUSUAL CONDITIONS,, School Bus Collision,A,DAYLIGHT,37.330289,-121.847843,,,,,A,NO PEDESTRIANS INVOLVED,11/27/2023 8:35:00 AM,A,VC 22107,False,1.0,SANTEE DR,,,12/7/2023 3:25:04 PM,A,,,CARNELIAN DR,,,A,12/7/2023 3:25:12 PM,12/7/2023 3:25:12 PM,False,False,4,,11/27/2023 8:40:00 AM,0840,False,,,True
2256462,9340-2023-05091,1,False,9340,11/30/2023 8:47:00 AM,847.0,110,1368.0,4313.0,San Jose,43.0,True,True,C,REAR END,,Thursday,NotApplicable,False,,,False,True,False,SANTA CLARA SUPERIOR COURT HALL OF JUSTICE,C,OTHER MOTOR VEHICLE,,0.0,0.0,CLEAR,, NO UNUSUAL CONDITIONS,, ,A,DAYLIGHT,37.346751,-121.858748,,,,,A,NO PEDESTRIANS INVOLVED,11/30/2023 8:47:00 AM,A,VC 22350,False,2.0,US-101 N/B,,,12/7/2023 1:53:29 PM,A,N,115.0,SAN ANTONIO STREET,F,,D,12/7/2023 1:53:38 PM,12/7/2023 1:53:38 PM,False,True,4,,11/30/2023 8:48:00 AM,0848,True,EMBEDDED,,True