Collision Id,	Report Number,	Report Version,	Is Preliminary,	NCIC Code,Crash Date Time,	Crash Time Description,	Beat,City Id,	City Code,	City Name,County Code,	City Is Active,	City Is Incorporated,	Collision Type Code,Collision Type Description,	Collision Type Other Desc,	Day Of Week,	DispatchNotified,	HasPhotographs,	HitRun,	IsAttachmentsMailed,	IsDeleted,	IsHighwayRelated,	IsTowAway,	JudicialDistrict,	MotorVehicleInvolvedWithCode,	MotorVehicleInvolvedWithDesc,MotorVehicleInvolvedWithOtherDesc,	NumberInjured,	NumberKilled,Weather 1, Weather 2, Road Condition 1, Road Condition 2, Special Condition,LightingCode, LightingDescription,Latitude,Longitude,MilepostDirection,MilepostDistance,MilepostMarker,MilepostUnitOfMeasure,	PedestrianActionCode,PedestrianActionDesc,PreparedDate,	Primary Collision Factor Code,Primary Collision Factor Violation,PrimaryCollisionFactorIsCited,	PrimaryCollisionPartyNumber,	PrimaryRoad,	ReportingDistrict,	ReportingDistrictCode,ReviewedDate,	RoadwaySurfaceCode,SecondaryDirection,	SecondaryDistance,	SecondaryRoad,	SecondaryUnitOfMeasure,	SketchDesc,	TrafficControlDeviceCode,CreatedDate,	ModifiedDate,IsCountyRoad,IsFreeway,CHP555Version,	IsAdditonalObjectStruck,NotificationDate,	NotificationTimeDescription,	HasDigitalMediaFiles,	EvidenceNumber,	IsLocationReferToNarrative,	IsAOIOneSameAsLocation
2496582,2023-230110340,2,False,4313,1/11/2023 11:56:00 AM,1156.0,P1,1368.0,4313.0,San Jose,43.0,True,True,A,HEAD-ON,,Wednesday,,,,,False,False,True,,C,OTHER MOTOR VEHICLE,,2.0,0.0,CLOUDY,RAINING, NO UNUSUAL CONDITIONS - NO UNUSUAL CONDITIONS,, ,A,DAYLIGHT,,,,,,,A,NO PEDESTRIANS INVOLVED,,A,21453,,1.0,E CAPITOL EXPWY,FOOTH,,,B,,,QUIMBY RD ,,,A,7/22/2024 5:53:50 PM,1/28/2025 1:34:27 PM,,,2,,,,,,,
2496581,2023-230180805,2,False,4313,1/18/2023 9:34:00 PM,2134.0,W4,1368.0,4313.0,San Jose,43.0,True,True,C,REAR END,,Wednesday,,,,,False,False,False,,C,OTHER MOTOR VEHICLE,,4.0,0.0,CLEAR,, ,, ,C,DARK-STREET LIGHTS,,,,,,,A,NO PEDESTRIANS INVOLVED,,A,21453,,1.0,MCKEE AV,DISTR,,,A,,,FRANCIS AV,,,A,7/22/2024 5:53:48 PM,1/28/2025 1:34:27 PM,,,2,,,,,,,
2496580,2023-230260613,2,False,4313,1/26/2023 4:31:00 PM,1631.0,A4,1368.0,4313.0,San Jose,43.0,True,True,G,VEHICLE/PEDESTRAIN,,Thursday,,,,,False,False,False,,B,PEDESTRIAN,,1.0,0.0,CLEAR,, NO UNUSUAL CONDITIONS - NO UNUSUAL CONDITIONS,, ,A,DAYLIGHT,,,,,,,,,,A,22107,,1.0,COLLEMAN RD,DA,,,A,,,WINFIELD BL,,,A,7/22/2024 5:53:48 PM,1/28/2025 1:34:27 PM,,,2,,,,,,,
2496579,2023-230190551,2,False,4313,1/19/2023 4:18:00 PM,1618.0,1,1368.0,4313.0,San Jose,43.0,True,True,D,BROADSIDE,,Thursday,,,,,False,False,True,,C,OTHER MOTOR VEHICLE,,1.0,0.0,CLEAR,, NO UNUSUAL CONDITIONS - NO UNUSUAL CONDITIONS,, ,A,DAYLIGHT,,,,,,,A,NO PEDESTRIANS INVOLVED,,A,21453,,1.0,N 1ST ST,ROBER,,,A,,,E PLUMERIA ST,,,A,7/22/2024 5:53:48 PM,1/28/2025 1:34:27 PM,,,2,,,,,,,
2496578,2023-230250575,2,False,4313,1/25/2023 2:52:00 PM,1452.0,X1,1368.0,4313.0,San Jose,43.0,True,True,C,REAR END,,Wednesday,,,,,False,False,False,,C,OTHER MOTOR VEHICLE,,1.0,0.0,CLEAR,, ,, ,A,DAYLIGHT,,,,,,,A,NO PEDESTRIANS INVOLVED,,A,21703,,1.0,BRANHAM LN,SOUTH,,,A,,,SNELL AV,,,A,7/22/2024 5:53:48 PM,1/28/2025 1:34:27 PM,,,2,,,,,,,
2496577,2023-230290149,2,False,4313,1/29/2023 3:05:00 AM,305.0,1,1368.0,4313.0,San Jose,43.0,True,True,G,VEHICLE/PEDESTRAIN,,Sunday,,,F,,False,True,False,,B,PEDESTRIAN,,1.0,0.0,CLEAR,, NO UNUSUAL CONDITIONS - NO UNUSUAL CONDITIONS,, ,C,DARK-STREET LIGHTS,37.183743,-121.523077,,,,,F,NOT IN ROAD,,D,,,,E VIRGINIA ST,LINCO,,,A,,,S 7TH ST,,,D,7/22/2024 5:53:47 PM,1/28/2025 1:34:27 PM,,,2,,,,,,,
2496576,2023-230160706,2,False,4313,1/16/2023 5:54:00 PM,1754.0,R1,1368.0,4313.0,San Jose,43.0,True,True,D,BROADSIDE,,Monday,,,,,False,True,True,,C,OTHER MOTOR VEHICLE,,2.0,0.0,CLEAR,, ,, ,C,DARK-STREET LIGHTS,37.251118,-121.562299,,,,,A,NO PEDESTRIANS INVOLVED,,A,21453,,1.0,ZANKER RD,ROBER,,,A,,,RT 237,,,A,7/22/2024 5:53:47 PM,1/28/2025 1:34:27 PM,,,2,,,,,,,
2496574,2023-230180992,2,False,4313,1/18/2023 11:35:00 PM,2335.0,A1,1368.0,4313.0,San Jose,43.0,True,True,,,,Wednesday,,,,,False,False,False,,A,NON-COLLISION,,1.0,0.0,RAINING,, NO UNUSUAL CONDITIONS - NO UNUSUAL CONDITIONS,, ,C,DARK-STREET LIGHTS,,,,,,,A,NO PEDESTRIANS INVOLVED,,A,22350,,1.0,BLOSSOM HILL RD,SOUTH,,,B,W,3.0,VASSAR DR,F,,D,7/22/2024 5:53:47 PM,1/28/2025 1:34:27 PM,,,2,,,,,,,
2496430,2023-230210067,2,False,4313,1/21/2023 1:50:00 AM,150.0,W4,1368.0,4313.0,San Jose,43.0,True,True,A,HEAD-ON,,Saturday,,,,,False,False,True,,E,PARKED MOTOR VEHICLE,,1.0,0.0,CLEAR,, NO UNUSUAL CONDITIONS - NO UNUSUAL CONDITIONS,, ,C,DARK-STREET LIGHTS,,,,,,,A,NO PEDESTRIANS INVOLVED,,A,22107,,1.0,MCKEE RD,FOOTH,,,A,,,SORGE PARK PL,,,A,7/22/2024 5:52:57 PM,1/28/2025 1:34:20 PM,,,2,,,,,,,
2496336,2023-230310220,2,False,4313,1/31/2023 8:49:00 AM,849.0,L4,1368.0,4313.0,San Jose,43.0,True,True,C,REAR END,,Tuesday,,,,,False,False,False,,D,MOTOR VEHICLE ON OTHER ROADWAY,,1.0,0.0,CLEAR,, NO UNUSUAL CONDITIONS - NO UNUSUAL CONDITIONS,, ,A,DAYLIGHT,,,,,,,A,NO PEDESTRIANS INVOLVED,,A,22450A,,1.0,TULLY RD,LINCO,,,A,,,OLD TULLY RD,,,,7/22/2024 5:52:25 PM,1/28/2025 1:34:13 PM,,,2,,,,,,,
2496335,2023-23,2,False,4313,1/27/2023 9:20:00 AM,920.0,C6,1368.0,4313.0,San Jose,43.0,True,True,A,HEAD-ON,,Friday,,,,,False,False,True,,D,MOTOR VEHICLE ON OTHER ROADWAY,,1.0,0.0,CLEAR,, NO UNUSUAL CONDITIONS - NO UNUSUAL CONDITIONS,, ,A,DAYLIGHT,,,,,,,A,NO PEDESTRIANS INVOLVED,,A,22350,,1.0,S WHITE RD,FOOTH,,,A,,,ROCKY MOUNTAIN DR,,,A,7/22/2024 5:52:25 PM,1/28/2025 1:34:13 PM,,,2,,,,,,,
2496310,2023-230300165,2,False,4313,1/30/2023 7:25:00 AM,725.0,3,1368.0,4313.0,San Jose,43.0,True,True,B,SIDE SWIPE,,Monday,,,,,False,False,True,,C,OTHER MOTOR VEHICLE,,1.0,0.0,CLEAR,, NO UNUSUAL CONDITIONS - NO UNUSUAL CONDITIONS,, ,A,DAYLIGHT,,,,,,,A,NO PEDESTRIANS INVOLVED,,A,21804,,1.0,MOORPARK AV,DISTR,,,A,,,HAZEL DELL WY,,,D,7/22/2024 5:52:16 PM,1/28/2025 1:34:12 PM,,,2,,,,,,,
2496308,2023-230310802,2,False,4313,1/31/2023 7:20:00 PM,1920.0,Y3,1368.0,4313.0,San Jose,43.0,True,True,D,BROADSIDE,,Tuesday,,,,,False,False,False,,C,OTHER MOTOR VEHICLE,,1.0,0.0,CLEAR,, NO UNUSUAL CONDITIONS - NO UNUSUAL CONDITIONS,, ,C,DARK-STREET LIGHTS,,,,,,,A,NO PEDESTRIANS INVOLVED,,A,21658A,,1.0,COTTLE RD,YELLO,,,A,,,BLOSSOM HILL RD,,,A,7/22/2024 5:52:15 PM,1/28/2025 1:34:11 PM,,,2,,,,,,,
2496306,2023-230140216,2,False,4313,1/14/2023 7:59:00 AM,759.0,A1,1368.0,4313.0,San Jose,43.0,True,True,D,BROADSIDE,,Saturday,,,,,False,False,False,,C,OTHER MOTOR VEHICLE,,1.0,0.0,RAINING,, NO UNUSUAL CONDITIONS - NO UNUSUAL CONDITIONS,, ,A,DAYLIGHT,37.15648,-121.564747,,,,,A,NO PEDESTRIANS INVOLVED,,A,21801,,1.0,SAMARITAN DR,ADAM,,,B,W,33.0,LIGHT POLE #18.1.140,F,,D,7/22/2024 5:52:14 PM,1/28/2025 1:34:11 PM,,,2,,,,,,,
2496303,2023-230160084,2,False,4313,1/16/2023 2:20:00 AM,220.0,N2,1368.0,4313.0,San Jose,43.0,True,True,A,HEAD-ON,,Monday,,,,,False,False,True,,I,FIXED OBJECT,,1.0,0.0,RAINING,, FLOODED* - FLOODED*,, ,C,DARK-STREET LIGHTS,37.192365,-121.57509,,,,,A,NO PEDESTRIANS INVOLVED,,A,22350,,1.0,SAN TOMAS EXPWY,NORA,,,B,,,STEVENS CREEK BL,,,A,7/22/2024 5:52:13 PM,1/28/2025 1:34:11 PM,,,2,,,,,,,
2496298,2023-230130205,2,False,4313,1/13/2023 8:44:00 AM,844.0,Y3,1368.0,4313.0,San Jose,43.0,True,True,C,REAR END,,Friday,,,,,False,True,True,,C,OTHER MOTOR VEHICLE,,1.0,0.0,RAINING,, NO UNUSUAL CONDITIONS - NO UNUSUAL CONDITIONS,, ,A,DAYLIGHT,,,,,,,A,NO PEDESTRIANS INVOLVED,,D,,,,COTTLE RD,YELLO,,,B,N,54.0,RT 85,F,,,7/22/2024 5:52:11 PM,1/28/2025 1:34:11 PM,,,2,,,,,,,
2495410,2023-230630380,2,False,4313,3/4/2023 12:57:00 PM,1257.0,P1,1368.0,4313.0,San Jose,43.0,True,True,D,BROADSIDE,,Saturday,,,,,False,False,True,,C,OTHER MOTOR VEHICLE,,2.0,0.0,RAINING,, NO UNUSUAL CONDITIONS - NO UNUSUAL CONDITIONS,, ,A,DAYLIGHT,,,,,,,A,NO PEDESTRIANS INVOLVED,,A,21658A,,1.0,TULLY RD,FOOT,,,B,,,S KING RD,,,A,7/22/2024 5:47:37 PM,1/28/2025 1:33:22 PM,,,2,,,,,,,
2495163,2023-230440588,2,False,4313,2/13/2023 6:32:00 PM,1832.0,V3,1368.0,4313.0,San Jose,43.0,True,True,B,SIDE SWIPE,,Monday,,,,,False,False,False,,G,BICYCLE,,1.0,0.0,CLEAR,, NO UNUSUAL CONDITIONS - NO UNUSUAL CONDITIONS,, ,A,DAYLIGHT,,,,,,,A,NO PEDESTRIANS INVOLVED,,A,22108,,1.0,10TH ST,DV,,,A,,,TAYLOR ST,,,A,7/22/2024 5:46:22 PM,1/28/2025 1:33:09 PM,,,2,,,,,,,
2495161,2023-230460928,2,False,4313,2/15/2023 8:35:00 PM,2035.0,R1,1368.0,4313.0,San Jose,43.0,True,True,D,BROADSIDE,,Wednesday,,,F,,False,False,False,,G,BICYCLE,,1.0,0.0,CLEAR,, NO UNUSUAL CONDITIONS - NO UNUSUAL CONDITIONS,, ,C,DARK-STREET LIGHTS,37.254224,-121.582246,,,,,A,NO PEDESTRIANS INVOLVED,,A,21658,,1.0,STATE ST,,,,A,,,ARCHER ST,,,D,7/22/2024 5:46:21 PM,1/28/2025 1:33:09 PM,,,2,,,,,,,
2495160,2023-230400058,2,False,4313,2/9/2023 1:55:00 AM,155.0,X1,1368.0,4313.0,San Jose,43.0,True,True,A,HEAD-ON,,Thursday,,,F,,False,False,False,,B,PEDESTRIAN,,1.0,0.0,CLEAR,, REDUCED ROADWAY WIDTH - REDUCED ROADWAY WIDTH,, ,D,DARK-NO STREET LIGHTS,,,,,,,F,NOT IN ROAD,,A,22350,,1.0,HEDDING ST,XRAY,,,,,,87 HWY,,,D,7/22/2024 5:46:21 PM,1/28/2025 1:33:09 PM,,,2,,,,,,,
2495159,2023-230320580,2,False,4313,2/1/2023 3:29:00 PM,1529.0,S3,1368.0,4313.0,San Jose,43.0,True,True,C,REAR END,,Wednesday,,,,,False,False,False,,C,OTHER MOTOR VEHICLE,,1.0,0.0,CLEAR,, NO UNUSUAL CONDITIONS - NO UNUSUAL CONDITIONS,, ,A,DAYLIGHT,,,,,,,A,NO PEDESTRIANS INVOLVED,,A,22350,,1.0,LONUS ST,SAM,,,A,,,PAULA ST,,,D,7/22/2024 5:46:21 PM,1/28/2025 1:33:09 PM,,,2,,,,,,,
2495158,2023-230410166,2,False,4313,2/10/2023 7:14:00 AM,714.0,L4,1368.0,4313.0,San Jose,43.0,True,True,A,HEAD-ON,,Friday,,,F,,False,False,False,,B,PEDESTRIAN,,1.0,0.0,CLEAR,, NO UNUSUAL CONDITIONS - NO UNUSUAL CONDITIONS,, ,A,DAYLIGHT,37.195056,-121.51627,,,,,B,CROSSING IN CROSS WALK AT INTERSECTION,,A,21950,,1.0,MCLAUGHLIN AV,LINCO,,,A,,,PANOCHE AV,,,A,7/22/2024 5:46:21 PM,1/28/2025 1:33:09 PM,,,2,,,,,,,
2495157,2023-230490579,2,False,4313,2/18/2023 4:31:00 PM,1631.0,P6,1368.0,4313.0,San Jose,43.0,True,True,E,HIT OBJECT,,Saturday,,,,,False,False,True,,I,FIXED OBJECT,,1.0,0.0,CLEAR,, NO UNUSUAL CONDITIONS - NO UNUSUAL CONDITIONS,, ,A,DAYLIGHT,,,,,,,A,NO PEDESTRIANS INVOLVED,,A,22350,,1.0,COUNTRY CLUB PKWY,PAUL,,,A,S,390.0,MARSEILLES CT,F,,D,7/22/2024 5:46:19 PM,1/28/2025 1:33:09 PM,,,2,,,,,,,
2495156,2023-230460870,2,False,4313,2/15/2023 7:33:00 PM,1933.0,S3,1368.0,4313.0,San Jose,43.0,True,True,A,HEAD-ON,,Wednesday,,,,,False,False,True,,C,OTHER MOTOR VEHICLE,,2.0,0.0,,, NO UNUSUAL CONDITIONS - NO UNUSUAL CONDITIONS,, ,C,DARK-STREET LIGHTS,,,,,,,A,NO PEDESTRIANS INVOLVED,,A,21801A,,1.0,LINCOLN AV,SAM,,,,,,COE AV,,,A,7/22/2024 5:46:19 PM,1/28/2025 1:33:09 PM,,,2,,,,,,,
2495155,2023-230500047,2,False,4313,2/19/2023 1:00:00 AM,100.0,C6,1368.0,4313.0,San Jose,43.0,True,True,A,HEAD-ON,,Sunday,,,,,False,False,True,,I,FIXED OBJECT,,1.0,0.0,CLEAR,, NO UNUSUAL CONDITIONS - NO UNUSUAL CONDITIONS,, ,C,DARK-STREET LIGHTS,,,,,,,A,NO PEDESTRIANS INVOLVED,,A,23152,,1.0,STORY RD,FOOTH,,,A,,,CLAYTON RD,,,A,7/22/2024 5:46:19 PM,1/28/2025 1:33:09 PM,,,2,,,,,,,
2495154,2023-230450714,2,False,4313,2/14/2023 6:45:00 PM,1845.0,X4,1368.0,4313.0,San Jose,43.0,True,True,C,REAR END,,Tuesday,,,F,,False,False,False,,C,OTHER MOTOR VEHICLE,,1.0,0.0,CLEAR,, NO UNUSUAL CONDITIONS - NO UNUSUAL CONDITIONS,, ,C,DARK-STREET LIGHTS,37.153691,-121.483668,,,,,A,NO PEDESTRIANS INVOLVED,,A,22350A,,1.0,MONTEREY RD,D,,,A,,,CHYNOWETH AV,,,A,7/22/2024 5:46:19 PM,1/28/2025 1:33:09 PM,,,2,,,,,,,
2495153,2023-230450222,2,False,4313,2/14/2023 9:15:00 AM,915.0,C1,1368.0,4313.0,San Jose,43.0,True,True,C,REAR END,,Tuesday,,,F,,False,False,False,,C,OTHER MOTOR VEHICLE,,1.0,0.0,CLEAR,, NO UNUSUAL CONDITIONS - NO UNUSUAL CONDITIONS,, ,A,DAYLIGHT,37.203246,-121.502743,,,,,A,NO PEDESTRIANS INVOLVED,,A,22350,,1.0,POCO WY,DC,,,A,,,MCCREERY AV,,,D,7/22/2024 5:46:18 PM,1/28/2025 1:33:09 PM,,,2,,,,,,,
2495152,2023-230450338,2,False,4313,2/14/2023 11:35:00 AM,1135.0,X1,1368.0,4313.0,San Jose,43.0,True,True,A,HEAD-ON,,Tuesday,,,,,False,False,True,,C,OTHER MOTOR VEHICLE,,1.0,0.0,CLEAR,, NO UNUSUAL CONDITIONS - NO UNUSUAL CONDITIONS,, ,A,DAYLIGHT,,,,,,,A,NO PEDESTRIANS INVOLVED,,A,21800D,,1.0,NARVAEZ AV,,,,A,,,BRANHAM LN,,,B,7/22/2024 5:46:18 PM,1/28/2025 1:33:09 PM,,,2,,,,,,,
2495151,2023-230460059,2,False,4313,2/15/2023 2:13:00 AM,213.0,R1,1368.0,4313.0,San Jose,43.0,True,True,A,HEAD-ON,,Wednesday,,,,,False,False,False,,G,BICYCLE,,1.0,0.0,CLEAR,, NO UNUSUAL CONDITIONS - NO UNUSUAL CONDITIONS,, ,C,DARK-STREET LIGHTS,37.23471,-121.561925,,,,,D,CROSSING - NOT IN CROSSWALK,,A,21800,,1.0,MONTAGUE EXPY,CENTR,,,A,,,ORCHARD DR,,,D,7/22/2024 5:46:18 PM,1/28/2025 1:33:09 PM,,,2,,,,,,,
2495150,2023-230450770,2,False,4313,2/14/2023 8:26:00 PM,2026.0,X2,1368.0,4313.0,San Jose,43.0,True,True,G,VEHICLE/PEDESTRAIN,,Tuesday,,,,,False,False,True,,B,PEDESTRIAN,,1.0,0.0,CLEAR,, NO UNUSUAL CONDITIONS - NO UNUSUAL CONDITIONS,, ,C,DARK-STREET LIGHTS,,,,,,,D,CROSSING - NOT IN CROSSWALK,,A,21955,,1.0,SENTER RD,SOUTH,,,A,,,BUCKEYE DR,,,D,7/22/2024 5:46:17 PM,1/28/2025 1:33:09 PM,,,2,,,,,,,
2495149,2023-230440591,2,False,4313,2/13/2023 4:18:00 PM,1618.0,5,1368.0,4313.0,San Jose,43.0,True,True,D,BROADSIDE,,Monday,,,F,,False,False,False,,C,OTHER MOTOR VEHICLE,,1.0,0.0,CLEAR,, NO UNUSUAL CONDITIONS - NO UNUSUAL CONDITIONS,, ,A,DAYLIGHT,,,,,,,A,NO PEDESTRIANS INVOLVED,,A,21453A,,1.0,MONTEREY RD,DX,,,A,,,ROEDER RD,,,A,7/22/2024 5:46:17 PM,1/28/2025 1:33:09 PM,,,2,,,,,,,
2495148,2023-230450368,2,False,4313,2/14/2023 12:07:00 PM,1207.0,NE,1368.0,4313.0,San Jose,43.0,True,True,C,REAR END,,Tuesday,,,,,False,False,True,,C,OTHER MOTOR VEHICLE,,2.0,0.0,CLEAR,, NO UNUSUAL CONDITIONS - NO UNUSUAL CONDITIONS,, ,A,DAYLIGHT,,,,,,,A,NO PEDESTRIANS INVOLVED,,A,22350,,1.0,WILLIAMS RD,WESTE,,,A,,,NAZARENE WY,,,D,7/22/2024 5:46:17 PM,1/28/2025 1:33:09 PM,,,2,,,,,,,
2495147,2023-230430660,2,False,4313,2/12/2023 8:02:00 PM,2002.0,C2,1368.0,4313.0,San Jose,43.0,True,True,C,REAR END,,Sunday,,,F,,False,False,True,,C,OTHER MOTOR VEHICLE,,3.0,0.0,CLEAR,, NO UNUSUAL CONDITIONS - NO UNUSUAL CONDITIONS,, ,C,DARK-STREET LIGHTS,,,,,,,A,NO PEDESTRIANS INVOLVED,,A,22350,,1.0,STORY RD,DC,,,A,,,KING RD,,,A,7/22/2024 5:46:16 PM,1/28/2025 1:33:08 PM,,,2,,,,,,,
2495146,2023-230460632,2,False,4313,2/15/2023 3:17:00 PM,1517.0,X1,1368.0,4313.0,San Jose,43.0,True,True,E,HIT OBJECT,,Wednesday,,,,,False,False,True,,I,FIXED OBJECT,,1.0,0.0,CLEAR,, NO UNUSUAL CONDITIONS - NO UNUSUAL CONDITIONS,, ,A,DAYLIGHT,,,,,,,A,NO PEDESTRIANS INVOLVED,,A,21663,,1.0,WOODMERE DR,SOUTH,,,A,,,SANDPEBBLE DR,,,D,7/22/2024 5:46:16 PM,1/28/2025 1:33:08 PM,,,2,,,,,,,
2495145,2023-230330744,2,False,4313,2/2/2023 7:10:00 PM,1910.0,R4,1368.0,4313.0,San Jose,43.0,True,True,A,HEAD-ON,,Thursday,,,F,,False,False,True,,C,OTHER MOTOR VEHICLE,,1.0,0.0,CLEAR,, NO UNUSUAL CONDITIONS - NO UNUSUAL CONDITIONS,, ,C,DARK-STREET LIGHTS,,,,,,,A,NO PEDESTRIANS INVOLVED,,A,22350,,1.0,TAYLOR ST,DR,,,A,,,MAYBURY RD,,,D,7/22/2024 5:46:15 PM,1/28/2025 1:33:08 PM,,,2,,,,,,,
2495144,2023-230410720,2,False,4313,2/10/2023 5:50:00 PM,1750.0,X1,1368.0,4313.0,San Jose,43.0,True,True,A,HEAD-ON,,Friday,,,M,,False,False,True,,I,FIXED OBJECT,,1.0,0.0,CLEAR,, ,, ,A,DAYLIGHT,,,,,,,A,NO PEDESTRIANS INVOLVED,,A,22350,,1.0,MONTEREY RD,WESTE,,,A,,,CAPITAL EXPWY,,,A,7/22/2024 5:46:15 PM,1/28/2025 1:33:08 PM,,,2,,,,,,,
2495143,2023-230350079,2,False,4313,2/4/2023 2:51:00 AM,251.0,K2,1368.0,4313.0,San Jose,43.0,True,True,D,BROADSIDE,,Saturday,,,,,False,False,False,,J,OTHER OBJECT,,1.0,0.0,CLEAR,, NO UNUSUAL CONDITIONS - NO UNUSUAL CONDITIONS,, ,C,DARK-STREET LIGHTS,37.20434,-121.523541,,,,,,,,A,21221,,1.0,E SAN SALVADOR ST,KING,,,A,,,S 10TH ST,,,A,7/22/2024 5:46:14 PM,1/28/2025 1:33:08 PM,,,2,,,,,,,
2495142,2023-230410299,2,False,4313,2/10/2023 9:56:00 AM,956.0,E2,1368.0,4313.0,San Jose,43.0,True,True,D,BROADSIDE,,Friday,,,,,False,False,True,,C,OTHER MOTOR VEHICLE,,1.0,0.0,CLEAR,, NO UNUSUAL CONDITIONS - NO UNUSUAL CONDITIONS,, ,A,DAYLIGHT,,,,,,,A,NO PEDESTRIANS INVOLVED,,A,21453A,,1.0,1ST ST,EDWAR,,,A,N,22.0,JULIAN ST,F,,A,7/22/2024 5:46:14 PM,1/28/2025 1:33:08 PM,,,2,,,,,,,
2495141,2023-230420309,2,False,4313,2/11/2023 11:16:00 AM,1116.0,W3,1368.0,4313.0,San Jose,43.0,True,True,D,BROADSIDE,,Saturday,,,,,False,False,True,,C,OTHER MOTOR VEHICLE,,1.0,0.0,RAINING,, NO UNUSUAL CONDITIONS - NO UNUSUAL CONDITIONS,, ,A,DAYLIGHT,,,,,,,A,NO PEDESTRIANS INVOLVED,,A,21804,,1.0,GOLF DR,DW,,,B,,,PELLEAS LN,,,D,7/22/2024 5:46:14 PM,1/28/2025 1:33:08 PM,,,2,,,,,,,
2495140,2023-230420228,2,False,4313,2/11/2023 9:04:00 AM,904.0,R1,1368.0,4313.0,San Jose,43.0,True,True,D,BROADSIDE,,Saturday,,,,,False,False,True,,C,OTHER MOTOR VEHICLE,,1.0,0.0,CLOUDY,RAINING, NO UNUSUAL CONDITIONS - NO UNUSUAL CONDITIONS,, ,A,DAYLIGHT,37.23495,-121.552741,,,,,A,NO PEDESTRIANS INVOLVED,,A,21453,,1.0,MONTAGUE EX  ,CENTR,,,B,,,E PLUMERIA DR,,,A,7/22/2024 5:46:14 PM,1/28/2025 1:33:08 PM,,,2,,,,,,,
2495126,2023-230120517,2,False,4313,1/12/2023 2:12:00 PM,1412.0,Y2,1368.0,4313.0,San Jose,43.0,True,True,B,SIDE SWIPE,,Thursday,,,,,False,False,False,,C,OTHER MOTOR VEHICLE,,1.0,0.0,CLEAR,, NO UNUSUAL CONDITIONS - NO UNUSUAL CONDITIONS,, ,A,DAYLIGHT,,,,,,,A,NO PEDESTRIANS INVOLVED,,A,21658A,,1.0,BLOSSOM HILL RD,SOUTH,,,A,,,SNELL AV,,,A,7/22/2024 5:46:09 PM,1/28/2025 1:33:07 PM,,,2,,,,,,,
2495125,2023-230220764,2,False,4313,1/22/2023 9:01:00 PM,2101.0,3,1368.0,4313.0,San Jose,43.0,True,True,C,REAR END,,Sunday,,,,,False,False,True,,C,OTHER MOTOR VEHICLE,,1.0,0.0,CLEAR,, NO UNUSUAL CONDITIONS - NO UNUSUAL CONDITIONS,, ,C,DARK-STREET LIGHTS,,,,,,,A,NO PEDESTRIANS INVOLVED,,A,21453C,,1.0,ALMADEN EXPWY,TOM,,,A,,,KOCH LN,,,A,7/22/2024 5:46:08 PM,1/28/2025 1:33:07 PM,,,2,,,,,,,
2495124,2023-230210709,2,False,4313,1/21/2023 8:03:00 PM,2003.0,4,1368.0,4313.0,San Jose,43.0,True,True,G,VEHICLE/PEDESTRAIN,,Saturday,,,F,,False,False,False,,B,PEDESTRIAN,,1.0,0.0,CLEAR,, NO UNUSUAL CONDITIONS - NO UNUSUAL CONDITIONS,, ,C,DARK-STREET LIGHTS,,,,,,,F,NOT IN ROAD,,A,,,1.0,WHITE RD,PAUL,,,A,N,300.0,ABORN RD,F,,D,7/22/2024 5:46:08 PM,1/28/2025 1:33:07 PM,,,2,,,,,,,
2495123,2023-230280547,2,False,4313,1/28/2023 3:57:00 PM,1557.0,K3,1368.0,4313.0,San Jose,43.0,True,True,D,BROADSIDE,,Saturday,,,,,False,False,True,,C,OTHER MOTOR VEHICLE,,3.0,0.0,CLEAR,, NO UNUSUAL CONDITIONS - NO UNUSUAL CONDITIONS,, ,A,DAYLIGHT,,,,,,,A,NO PEDESTRIANS INVOLVED,,A,22450A,,1.0,E SAN FERNANDO ST,KING,,,A,,,S 16TH ST,,,D,7/22/2024 5:46:08 PM,1/28/2025 1:33:07 PM,,,2,,,,,,,
2495122,2023-230280549,2,False,4313,1/28/2023 3:59:00 PM,1559.0,XRAY3,1368.0,4313.0,San Jose,43.0,True,True,G,VEHICLE/PEDESTRAIN,,Saturday,,,,,False,False,False,,B,PEDESTRIAN,,1.0,0.0,CLEAR,, NO UNUSUAL CONDITIONS - NO UNUSUAL CONDITIONS,, ,A,DAYLIGHT,,,,,,,B,CROSSING IN CROSS WALK AT INTERSECTION,,A,21950,,1.0,HELLYER AV,DISTR,,,A,,,HELLYER AV 945,,,D,7/22/2024 5:46:07 PM,1/28/2025 1:33:07 PM,,,2,,,,,,,
2495121,2023-230180416,2,False,4313,1/18/2023 2:44:00 PM,1444.0,A2,1368.0,4313.0,San Jose,43.0,True,True,D,BROADSIDE,,Wednesday,,,,,False,False,True,,C,OTHER MOTOR VEHICLE,,3.0,0.0,CLEAR,, NO UNUSUAL CONDITIONS - NO UNUSUAL CONDITIONS,, ,A,DAYLIGHT,,,,,,,A,NO PEDESTRIANS INVOLVED,,A,21801,,1.0,MERIDIAN AV,DISTR,,,A,,,DENTWOOD DR,,,A,7/22/2024 5:46:07 PM,1/28/2025 1:33:07 PM,,,2,,,,,,,
2495120,2023-230200427,2,False,4313,1/20/2023 1:06:00 PM,1306.0,T2,1368.0,4313.0,San Jose,43.0,True,True,A,HEAD-ON,,Friday,,,F,,False,False,False,,B,PEDESTRIAN,,1.0,0.0,CLEAR,, NO UNUSUAL CONDITIONS - NO UNUSUAL CONDITIONS,, ,A,DAYLIGHT,,,,,,,B,CROSSING IN CROSS WALK AT INTERSECTION,,A,20001,,1.0,FOXWORTHY AV,SOUTH,,,A,,,NEW JERSEY AV,,,D,7/22/2024 5:46:07 PM,1/28/2025 1:33:07 PM,,,2,,,,,,,
2495119,2023-230290256,2,False,4313,1/29/2023 8:04:00 AM,804.0,M3,1368.0,4313.0,San Jose,43.0,True,True,A,HEAD-ON,,Sunday,,,,,False,False,True,,,,,2.0,0.0,CLOUDY,, NO UNUSUAL CONDITIONS - NO UNUSUAL CONDITIONS,, ,A,DAYLIGHT,37.21404,-121.51327,,,,,A,NO PEDESTRIANS INVOLVED,,A,21543,,1.0,ALUM ROCK AV,MARY,,,B,W,10.0,N 33RD ST,F,,A,7/22/2024 5:46:06 PM,1/28/2025 1:33:07 PM,,,2,,,,,,,