Collision Id,	Report Number,	Report Version,	Is Preliminary,	NCIC Code,Crash Date Time,	Crash Time Description,	Beat,City Id,	City Code,	City Name,County Code,	City Is Active,	City Is Incorporated,	Collision Type Code,Collision Type Description,	Collision Type Other Desc,	Day Of Week,	DispatchNotified,	HasPhotographs,	HitRun,	IsAttachmentsMailed,	IsDeleted,	IsHighwayRelated,	IsTowAway,	JudicialDistrict,	MotorVehicleInvolvedWithCode,	MotorVehicleInvolvedWithDesc,MotorVehicleInvolvedWithOtherDesc,	NumberInjured,	NumberKilled,Weather 1, Weather 2, Road Condition 1, Road Condition 2, Special Condition,LightingCode, LightingDescription,Latitude,Longitude,MilepostDirection,MilepostDistance,MilepostMarker,MilepostUnitOfMeasure,	PedestrianActionCode,PedestrianActionDesc,PreparedDate,	Primary Collision Factor Code,Primary Collision Factor Violation,PrimaryCollisionFactorIsCited,	PrimaryCollisionPartyNumber,	PrimaryRoad,	ReportingDistrict,	ReportingDistrictCode,ReviewedDate,	RoadwaySurfaceCode,SecondaryDirection,	SecondaryDistance,	SecondaryRoad,	SecondaryUnitOfMeasure,	SketchDesc,	TrafficControlDeviceCode,CreatedDate,	ModifiedDate,IsCountyRoad,IsFreeway,CHP555Version,	IsAdditonalObjectStruck,NotificationDate,	NotificationTimeDescription,	HasDigitalMediaFiles,	EvidenceNumber,	IsLocationReferToNarrative,	IsAOIOneSameAsLocation
2535819,2023-231620715,2,False,4313,6/11/2023 7:23:00 PM,1923.0,P1,1368.0,4313.0,San Jose,43.0,True,True,C,REAR END,,Sunday,,,,,False,False,False,,,,,1.0,0.0,CLEAR,, NO UNUSUAL CONDITIONS - NO UNUSUAL CONDITIONS,, ,A,DAYLIGHT,,,,,,,A,NO PEDESTRIANS INVOLVED,,A,22350,,1.0,CAPITOL EXPWY,FOOTH,,,A,,,EASTRIDGE LOOP,,,,7/23/2024 9:27:57 AM,1/28/2025 2:08:03 PM,,,2,,,,,,,
2535818,2023-231710279,2,False,4313,6/20/2023 9:09:00 AM,909.0,T3,1368.0,4313.0,San Jose,43.0,True,True,D,BROADSIDE,,Tuesday,,,,,False,False,False,,,,,1.0,0.0,CLEAR,, NO UNUSUAL CONDITIONS - NO UNUSUAL CONDITIONS,, ,A,DAYLIGHT,,,,,,,,,,A,21760A,,1.0,CURTNER AV,DT,,,A,,,LINCOLN AV,,,A,7/23/2024 9:27:57 AM,1/28/2025 2:08:03 PM,,,2,,,,,,,
2535817,2023-231780661,2,False,4313,6/27/2023 4:43:00 PM,1643.0,2,1368.0,4313.0,San Jose,43.0,True,True,,,,Tuesday,,,,,False,False,False,,C,OTHER MOTOR VEHICLE,,3.0,0.0,CLEAR,, NO UNUSUAL CONDITIONS - NO UNUSUAL CONDITIONS,, ,A,DAYLIGHT,,,,,,,A,NO PEDESTRIANS INVOLVED,,D,,,,ALUM ROCK AV,MARY,,,A,,,S SUNSET AV,,,A,7/23/2024 9:27:57 AM,1/28/2025 2:08:03 PM,,,2,,,,,,,
2535816,2023-231750799,2,False,4313,6/24/2023 9:26:00 PM,2126.0,R1,1368.0,4313.0,San Jose,43.0,True,True,D,BROADSIDE,,Saturday,,,,,False,False,True,,C,OTHER MOTOR VEHICLE,,4.0,0.0,CLEAR,, NO UNUSUAL CONDITIONS - NO UNUSUAL CONDITIONS,, ,C,DARK-STREET LIGHTS,,,,,,,A,NO PEDESTRIANS INVOLVED,,A,21453A,,,1ST ST,CENTR,,,A,W,39.0,EAST CURBLINE AT 1ST ST,F,,A,7/23/2024 9:27:57 AM,1/28/2025 2:08:03 PM,,,2,,,,,,,
2535815,2023-231760533,2,False,4313,6/25/2023 3:26:00 PM,1526.0,V4,1368.0,4313.0,San Jose,43.0,True,True,A,HEAD-ON,,Sunday,,,,,False,False,False,,,,,1.0,0.0,CLEAR,, NO UNUSUAL CONDITIONS - NO UNUSUAL CONDITIONS,, ,A,DAYLIGHT,,,,,,,A,NO PEDESTRIANS INVOLVED,,A,22100B,,1.0,N 13TH ST,VICTO,,,A,,,E SANTA CLARA ST,,,A,7/23/2024 9:27:57 AM,1/28/2025 2:08:03 PM,,,2,,,,,,,
2535814,2023-231780292,2,False,4313,6/27/2023 9:54:00 AM,954.0,N6,1368.0,4313.0,San Jose,43.0,True,True,C,REAR END,,Tuesday,,,,,False,False,True,,C,OTHER MOTOR VEHICLE,,1.0,0.0,CLEAR,, NO UNUSUAL CONDITIONS - NO UNUSUAL CONDITIONS,, ,A,DAYLIGHT,,,,,,,A,NO PEDESTRIANS INVOLVED,,A,21703,,1.0,LAWRENCE EX,DN,,,A,,,SARATOGA AV,,,A,7/23/2024 9:27:57 AM,1/28/2025 2:08:03 PM,,,2,,,,,,,
2535797,2023-231820334,2,False,4313,7/1/2023 9:25:00 AM,925.0,N4,1368.0,4313.0,San Jose,43.0,True,True,G,VEHICLE/PEDESTRAIN,,Saturday,,,,,False,False,False,,B,PEDESTRIAN,,1.0,0.0,CLEAR,, NO UNUSUAL CONDITIONS - NO UNUSUAL CONDITIONS,, ,A,DAYLIGHT,37.182634,-121.582036,,,,,E,IN ROAD - INCLUDES SHOULDER,,A,22107,,1.0,ROEWILL DR,DN,,,A,S,36.0,WILL ROGERS DR,F,,A,7/23/2024 9:27:55 AM,1/28/2025 2:08:02 PM,,,2,,,,,,,
2535731,2023-231560192,2,False,4313,6/5/2023 6:59:00 AM,659.0,L6,1368.0,4313.0,San Jose,43.0,True,True,C,REAR END,,Monday,,,,,False,True,False,,C,OTHER MOTOR VEHICLE,,3.0,0.0,CLEAR,, NO UNUSUAL CONDITIONS - NO UNUSUAL CONDITIONS,, ,A,DAYLIGHT,,,,,,,A,NO PEDESTRIANS INVOLVED,,A,22350A,,1.0,TULLY RD,WESTE,,,A,,,RT 101,,,A,7/23/2024 9:27:50 AM,1/28/2025 2:07:58 PM,,,2,,,,,,,
2535729,2023-231670734,2,False,4313,6/16/2023 5:54:00 PM,1754.0,L4,1368.0,4313.0,San Jose,43.0,True,True,C,REAR END,,Friday,,,,,False,False,True,,C,OTHER MOTOR VEHICLE,,3.0,0.0,CLEAR,, NO UNUSUAL CONDITIONS - NO UNUSUAL CONDITIONS,, ,A,DAYLIGHT,,,,,,,A,NO PEDESTRIANS INVOLVED,,A,22107,,1.0,MONTERES RD,LINCO,,,A,,,STAUFFER BL,,,D,7/23/2024 9:27:50 AM,1/28/2025 2:07:58 PM,,,2,,,,,,,
2535728,2023-231770594,2,False,4313,6/26/2023 3:46:00 PM,1546.0,F3,1368.0,4313.0,San Jose,43.0,True,True,D,BROADSIDE,,Monday,,,,,False,False,False,,C,OTHER MOTOR VEHICLE,,1.0,0.0,CLEAR,, NO UNUSUAL CONDITIONS - NO UNUSUAL CONDITIONS,, ,A,DAYLIGHT,,,,,,,A,NO PEDESTRIANS INVOLVED,,A,22107,,1.0,SAN CARLOS ST,WESTE,,,A,,,BROOKLYN AV,,,D,7/23/2024 9:27:50 AM,1/28/2025 2:07:58 PM,,,2,,,,,,,
2535727,2023-231800248,2,False,4313,6/29/2023 8:57:00 AM,857.0,S4,1368.0,4313.0,San Jose,43.0,True,True,B,SIDE SWIPE,,Thursday,,,,,False,False,True,,E,PARKED MOTOR VEHICLE,,1.0,0.0,CLEAR,, NO UNUSUAL CONDITIONS - NO UNUSUAL CONDITIONS,, ,A,DAYLIGHT,,,,,,,A,NO PEDESTRIANS INVOLVED,,A,22100A,,1.0,INDEPENDENCE DR,DS,,,A,,,HUNKEN DR,,,D,7/23/2024 9:27:50 AM,1/28/2025 2:07:58 PM,,,2,,,,,,,
2535271,2023-231780186,2,False,4313,6/27/2023 7:17:00 AM,717.0,V2,1368.0,4313.0,San Jose,43.0,True,True,C,REAR END,,Tuesday,,,,,False,False,False,,C,OTHER MOTOR VEHICLE,,1.0,0.0,CLEAR,, NO UNUSUAL CONDITIONS - NO UNUSUAL CONDITIONS,, ,A,DAYLIGHT,,,,,,,A,NO PEDESTRIANS INVOLVED,,A,22350,,1.0,HEDDING ST,DV,,,A,,,N 13TH ST,,,A,7/23/2024 9:27:16 AM,1/28/2025 2:07:32 PM,,,2,,,,,,,
2535270,2023-231810593,2,False,4313,6/30/2023 5:15:00 PM,1715.0,K4,1368.0,4313.0,San Jose,43.0,True,True,D,BROADSIDE,,Friday,,,,,False,False,False,,C,OTHER MOTOR VEHICLE,,1.0,0.0,CLEAR,, NO UNUSUAL CONDITIONS - NO UNUSUAL CONDITIONS,, ,A,DAYLIGHT,,,,,,,A,NO PEDESTRIANS INVOLVED,,A,21801A,,1.0,E SAN ANTONIO ST,CENTR,,,A,,,S 28TH ST,,,A,7/23/2024 9:27:15 AM,1/28/2025 2:07:32 PM,,,2,,,,,,,
2535269,2023-231790432,2,False,4313,6/28/2023 12:52:00 PM,1252.0,3,1368.0,4313.0,San Jose,43.0,True,True,B,SIDE SWIPE,,Wednesday,,,,,False,False,False,,C,OTHER MOTOR VEHICLE,,1.0,0.0,CLEAR,, NO UNUSUAL CONDITIONS - NO UNUSUAL CONDITIONS,, ,A,DAYLIGHT,,,,,,,A,NO PEDESTRIANS INVOLVED,,A,22107,,1.0,N BASCOM AV,FRANK,,,A,,,NAGLEE AV,,,A,7/23/2024 9:27:15 AM,1/28/2025 2:07:32 PM,,,2,,,,,,,
2535268,2023-231770617,2,False,4313,6/26/2023 4:16:00 PM,1616.0,A2,1368.0,4313.0,San Jose,43.0,True,True,C,REAR END,,Monday,,,,,False,False,False,,C,OTHER MOTOR VEHICLE,,1.0,0.0,CLEAR,, NO UNUSUAL CONDITIONS - NO UNUSUAL CONDITIONS,, ,A,DAYLIGHT,,,,,,,A,NO PEDESTRIANS INVOLVED,,A,22350A,,1.0,ALMADEN VALLEY DR,DISTR,,,A,,,COLEMAN RD,,,D,7/23/2024 9:27:15 AM,1/28/2025 2:07:32 PM,,,2,,,,,,,
2535267,2023-231780650,2,False,4313,6/27/2023 4:25:00 PM,1625.0,N3,1368.0,4313.0,San Jose,43.0,True,True,D,BROADSIDE,,Tuesday,,,,,False,False,True,,C,OTHER MOTOR VEHICLE,,2.0,0.0,CLEAR,, NO UNUSUAL CONDITIONS - NO UNUSUAL CONDITIONS,, ,A,DAYLIGHT,,,,,,,A,NO PEDESTRIANS INVOLVED,,A,21802A,,1.0,MOORPARK AV,WESTE,,,A,,,JUNIPERO SERRA LN,,,A,7/23/2024 9:27:15 AM,1/28/2025 2:07:32 PM,,,2,,,,,,,
2535266,2023-231790562,2,False,4313,6/28/2023 3:35:00 PM,1535.0,W1,1368.0,4313.0,San Jose,43.0,True,True,D,BROADSIDE,,Wednesday,,,,,False,False,True,,C,OTHER MOTOR VEHICLE,,3.0,0.0,CLEAR,, NO UNUSUAL CONDITIONS - NO UNUSUAL CONDITIONS,, ,A,DAYLIGHT,,,,,,,A,NO PEDESTRIANS INVOLVED,,D,,,,HOSTETTER RD,CENTR,,,A,,,N CAPITOL AV,,,A,7/23/2024 9:27:15 AM,1/28/2025 2:07:32 PM,,,2,,,,,,,
2535265,2023-231750974,2,False,4313,6/24/2023 11:36:00 PM,2336.0,W2,1368.0,4313.0,San Jose,43.0,True,True,D,BROADSIDE,,Saturday,,,,,False,False,True,,C,OTHER MOTOR VEHICLE,,2.0,0.0,CLEAR,, NO UNUSUAL CONDITIONS - NO UNUSUAL CONDITIONS,, ,D,DARK-NO STREET LIGHTS,,,,,,,A,NO PEDESTRIANS INVOLVED,,A,22101D,,1.0,BERRYESSA RD,FOOTH,,,,,,CAPITOL AV,,,A,7/23/2024 9:27:15 AM,1/28/2025 2:07:32 PM,,,2,,,,,,,
2535264,2023-231670863,2,False,4313,6/16/2023 7:20:00 PM,1920.0,T2,1368.0,4313.0,San Jose,43.0,True,True,D,BROADSIDE,,Friday,,,,,False,False,True,,C,OTHER MOTOR VEHICLE,,2.0,0.0,CLEAR,, NO UNUSUAL CONDITIONS - NO UNUSUAL CONDITIONS,, ,A,DAYLIGHT,37.161099,-121.543425,,,,,A,NO PEDESTRIANS INVOLVED,,A,21801A,,1.0,FOXWORTHY AV,TOM,,,A,,,KIRK RD,,,,7/23/2024 9:27:15 AM,1/28/2025 2:07:32 PM,,,2,,,,,,,
2535263,2023-231650651,2,False,4313,6/14/2023 5:00:00 PM,1700.0,T3,1368.0,4313.0,San Jose,43.0,True,True,C,REAR END,,Wednesday,,,F,,False,False,False,,C,OTHER MOTOR VEHICLE,,1.0,0.0,CLEAR,, NO UNUSUAL CONDITIONS - NO UNUSUAL CONDITIONS,, ,A,DAYLIGHT,,,,,,,A,NO PEDESTRIANS INVOLVED,,A,22350,,1.0,LINCOLN AV,TOM,,,A,,,CURTNER AV,,,A,7/23/2024 9:27:15 AM,1/28/2025 2:07:32 PM,,,2,,,,,,,
2535262,2023-231800795,2,False,4313,6/29/2023 7:55:00 PM,1955.0,V2,1368.0,4313.0,San Jose,43.0,True,True,A,HEAD-ON,,Thursday,,,,,False,False,True,,C,OTHER MOTOR VEHICLE,,2.0,0.0,CLEAR,, NO UNUSUAL CONDITIONS - NO UNUSUAL CONDITIONS,, ,B,DUSK-DAWN,,,,,,,A,NO PEDESTRIANS INVOLVED,,A,21803A,,1.0,N 4TH ST,VICTO,,,A,,,E TAYLOR ST,,,A,7/23/2024 9:27:15 AM,1/28/2025 2:07:32 PM,,,2,,,,,,,
2535261,2023-231680577,2,False,4313,6/15/2023 3:09:00 PM,1509.0,6,1368.0,4313.0,San Jose,43.0,True,True,D,BROADSIDE,,Thursday,,,,,False,False,False,,G,BICYCLE,,1.0,0.0,CLEAR,, NO UNUSUAL CONDITIONS - NO UNUSUAL CONDITIONS,, ,A,DAYLIGHT,37.172207,-121.594056,,,,,A,NO PEDESTRIANS INVOLVED,,A,21955,,1.0,SARATOGA AV,NORA,,,A,,,LAWRENCE EXPWY,,,A,7/23/2024 9:27:15 AM,1/28/2025 2:07:32 PM,,,2,,,,,,,
2535260,2023-231770196,2,False,4313,6/26/2023 7:45:00 AM,745.0,2,1368.0,4313.0,San Jose,43.0,True,True,D,BROADSIDE,,Monday,,,,,False,False,False,,C,OTHER MOTOR VEHICLE,,4.0,0.0,CLEAR,, NO UNUSUAL CONDITIONS - NO UNUSUAL CONDITIONS,, ,A,DAYLIGHT,37.162875,-121.56195,,,,,A,NO PEDESTRIANS INVOLVED,,A,21453,,,S BASCOM AV,TOM,,,A,,,UNION AV,,,A,7/23/2024 9:27:15 AM,1/28/2025 2:07:31 PM,,,2,,,,,,,
2535259,2023-231720886,2,False,4313,6/21/2023 9:09:00 PM,2109.0,V4,1368.0,4313.0,San Jose,43.0,True,True,B,SIDE SWIPE,,Wednesday,,,,,False,False,True,,E,PARKED MOTOR VEHICLE,,0.0,0.0,CLEAR,, NO UNUSUAL CONDITIONS - NO UNUSUAL CONDITIONS,, ,C,DARK-STREET LIGHTS,,,,,,,A,NO PEDESTRIANS INVOLVED,,A,22106,,1.0,JULIAN ST,,,,A,E,135.0,10TH ST,F,,D,7/23/2024 9:27:15 AM,1/28/2025 2:07:32 PM,,,2,,,,,,,
2535258,2023-231810578,2,False,4313,6/30/2023 4:30:00 PM,1630.0,R4,1368.0,4313.0,San Jose,43.0,True,True,D,BROADSIDE,,Friday,,,,,False,False,False,,G,BICYCLE,,1.0,0.0,CLEAR,, NO UNUSUAL CONDITIONS - NO UNUSUAL CONDITIONS,, ,A,DAYLIGHT,37.215799,-121.525871,,,,,A,NO PEDESTRIANS INVOLVED,,A,21208,,1.0,BERRYESSA RD,CENTR,,,A,,,COMMERCIAL ST,,,D,7/23/2024 9:27:15 AM,1/28/2025 2:07:31 PM,,,2,,,,,,,
2535257,2023-23180721,2,False,4313,6/30/2023 6:56:00 PM,1856.0,ADAM5,1368.0,4313.0,San Jose,43.0,True,True,G,VEHICLE/PEDESTRAIN,,Friday,,,,,False,False,False,,E,PARKED MOTOR VEHICLE,,1.0,0.0,CLEAR,, NO UNUSUAL CONDITIONS - NO UNUSUAL CONDITIONS,, ,A,DAYLIGHT,37.121746,-121.50588,,,,,A,NO PEDESTRIANS INVOLVED,,A,22350,,1.0,QUAIL COVE WY,SOUTH,,,A,,,QUAIL CREEK CIR,,,D,7/23/2024 9:27:15 AM,1/28/2025 2:07:31 PM,,,2,,,,,,,
2535256,2023-231810730,2,False,4313,6/30/2023 7:35:00 PM,1935.0,C1,1368.0,4313.0,San Jose,43.0,True,True,,,,Friday,,,,,False,True,False,,D,MOTOR VEHICLE ON OTHER ROADWAY,,1.0,0.0,CLEAR,, NO UNUSUAL CONDITIONS - NO UNUSUAL CONDITIONS,, ,A,DAYLIGHT,,,,,,,A,NO PEDESTRIANS INVOLVED,,A,22350,,1.0,KING RD,FOOTH,,,,,,LIDO AV,,,A,7/23/2024 9:27:14 AM,1/28/2025 2:07:31 PM,,,2,,,,,,,
2535255,2023-231790580,2,False,4313,6/28/2023 4:01:00 PM,1601.0,1,1368.0,4313.0,San Jose,43.0,True,True,B,SIDE SWIPE,,Wednesday,,,,,False,False,True,,C,OTHER MOTOR VEHICLE,,2.0,0.0,CLEAR,, NO UNUSUAL CONDITIONS - NO UNUSUAL CONDITIONS,, ,A,DAYLIGHT,,,,,,,A,NO PEDESTRIANS INVOLVED,,A,22450A,,1.0,KEYES ST,LINCO,,,A,,,S 9TH ST,,,A,7/23/2024 9:27:14 AM,1/28/2025 2:07:31 PM,,,2,,,,,,,
2535254,2023-231800639,2,False,4313,6/29/2023 5:08:00 PM,1708.0,4,1368.0,4313.0,San Jose,43.0,True,True,B,SIDE SWIPE,,Thursday,,,,,False,False,False,,G,BICYCLE,,1.0,0.0,CLEAR,, NO UNUSUAL CONDITIONS - NO UNUSUAL CONDITIONS,, ,A,DAYLIGHT,,,,,,,A,NO PEDESTRIANS INVOLVED,,A,,,1.0,CAROL DR,LINCO,,,A,,,CANOAS GARDEN AV,,,D,7/23/2024 9:27:14 AM,1/28/2025 2:07:31 PM,,,2,,,,,,,
2535253,2023-231550487,2,False,4313,6/4/2023 3:01:00 PM,1501.0,V4,1368.0,4313.0,San Jose,43.0,True,True,D,BROADSIDE,,Sunday,,,,,False,False,True,,C,OTHER MOTOR VEHICLE,,1.0,0.0,CLEAR,, NO UNUSUAL CONDITIONS - NO UNUSUAL CONDITIONS,, ,A,DAYLIGHT,37.20456,-121.525648,,,,,A,NO PEDESTRIANS INVOLVED,,A,22450,,2.0,E JULIAN ST,VICTO,,,A,N,12.0,N 12TH ST,F,,A,7/23/2024 9:27:14 AM,1/28/2025 2:07:31 PM,,,2,,,,,,,
2535252,2023-231810285,2,False,4313,6/30/2023 10:46:00 AM,1046.0,L1,1368.0,4313.0,San Jose,43.0,True,True,D,BROADSIDE,,Friday,,,,,False,False,True,,,,,1.0,0.0,CLEAR,, ,, ,A,DAYLIGHT,,,,,,,A,NO PEDESTRIANS INVOLVED,,A,22450,,1.0,MCLAUGHLIN AV,LINCO,,,A,,,LOUPE AV,,,D,7/23/2024 9:27:14 AM,1/28/2025 2:07:31 PM,,,2,,,,,,,
2534054,2023-231390309,2,False,4313,5/19/2023 10:20:00 AM,1020.0,E3,1368.0,4313.0,San Jose,43.0,True,True,C,REAR END,,Friday,,,,,False,False,True,,C,OTHER MOTOR VEHICLE,,2.0,0.0,CLEAR,, NO UNUSUAL CONDITIONS - NO UNUSUAL CONDITIONS,, ,A,DAYLIGHT,,,,,,,A,NO PEDESTRIANS INVOLVED,,A,21703,,1.0,ALMADEN,DE,,,A,,,W SAN FERANDO,,,A,7/23/2024 9:25:45 AM,1/28/2025 2:06:22 PM,,,2,,,,,,,
2532891,2023-231810865,2,False,4313,6/30/2023 9:01:00 PM,2101.0,W1,1368.0,4313.0,San Jose,43.0,True,True,E,HIT OBJECT,,Friday,,,,,False,False,False,,B,PEDESTRIAN,,1.0,0.0,CLEAR,, NO UNUSUAL CONDITIONS - NO UNUSUAL CONDITIONS,, ,B,DUSK-DAWN,,,,,,,E,IN ROAD - INCLUDES SHOULDER,,A,21801,,1.0,PIEDMONT RD,,,,A,,,FIFE WY,,,D,7/23/2024 9:24:21 AM,1/28/2025 2:05:18 PM,,,2,,,,,,,
2532791,2023-231270649,2,False,4313,5/7/2023 5:05:00 PM,1705.0,E4,1368.0,4313.0,San Jose,43.0,True,True,D,BROADSIDE,,Sunday,,,,,False,False,False,,G,BICYCLE,,0.0,0.0,CLEAR,, NO UNUSUAL CONDITIONS - NO UNUSUAL CONDITIONS,, ,A,DAYLIGHT,,,,,,,A,NO PEDESTRIANS INVOLVED,,A,22450A,,1.0,ST JAMES,EDWAR,,,A,,,8TH ST,,,A,7/23/2024 9:24:14 AM,1/28/2025 2:05:13 PM,,,2,,,,,,,
2532777,2023-1360194,2,False,4313,5/16/2023 7:57:00 AM,757.0,K4,1368.0,4313.0,San Jose,43.0,True,True,D,BROADSIDE,,Tuesday,,,,,False,False,True,,C,OTHER MOTOR VEHICLE,,2.0,0.0,CLEAR,, NO UNUSUAL CONDITIONS - NO UNUSUAL CONDITIONS,, ,A,DAYLIGHT,,,,,,,A,NO PEDESTRIANS INVOLVED,,A,23450A,,1.0,S 26TH ST,KING,,,A,,,E SAN FERNANDO ST,,,A,7/23/2024 9:24:13 AM,1/28/2025 2:05:12 PM,,,2,,,,,,,
2532774,2023-231370504,2,False,4313,5/17/2023 2:10:00 PM,1410.0,K6,1368.0,4313.0,San Jose,43.0,True,True,,,,Wednesday,,,,,False,False,True,,,,,1.0,0.0,CLEAR,, NO UNUSUAL CONDITIONS - NO UNUSUAL CONDITIONS,, ,A,DAYLIGHT,,,,,,,A,NO PEDESTRIANS INVOLVED,,A,22350,,1.0,S 4TH ST,CENTR,,,A,,,S 4TH ST 578,,,D,7/23/2024 9:24:12 AM,1/28/2025 2:05:12 PM,,,2,,,,,,,
2532766,2023-231520302,2,False,4313,6/1/2023 12:04:00 PM,1204.0,24,1368.0,4313.0,San Jose,43.0,True,True,D,BROADSIDE,,Thursday,,,,,False,False,True,,C,OTHER MOTOR VEHICLE,,1.0,0.0,CLEAR,, NO UNUSUAL CONDITIONS - NO UNUSUAL CONDITIONS,, ,A,DAYLIGHT,,,,,,,A,NO PEDESTRIANS INVOLVED,,A,21804A,,1.0,E SAN ANTONIO ST,DK,,,A,,,E SAN ANTONIO ST 1300,,,D,7/23/2024 9:24:12 AM,1/28/2025 2:05:12 PM,,,2,,,,,,,
2532685,2023-231980839,2,False,4313,7/17/2023 9:01:00 PM,2101.0,P4,1368.0,4313.0,San Jose,43.0,True,True,D,BROADSIDE,,Monday,,,,,False,False,True,,C,OTHER MOTOR VEHICLE,,3.0,0.0,CLEAR,, NO UNUSUAL CONDITIONS - NO UNUSUAL CONDITIONS,, ,C,DARK-STREET LIGHTS,,,,,,,A,NO PEDESTRIANS INVOLVED,,A,21806,,1.0,QUIMBY RD,FOOTH,,,A,,,E CAPITOL EXPWY,,,A,7/23/2024 9:24:05 AM,1/28/2025 2:05:08 PM,,,2,,,,,,,
2532677,2023-234040204,2,False,4313,7/23/2023 3:43:00 AM,343.0,5,1368.0,4313.0,San Jose,43.0,True,True,D,BROADSIDE,,Sunday,,,,,False,False,True,,C,OTHER MOTOR VEHICLE,,0.0,0.0,CLEAR,, NO UNUSUAL CONDITIONS - NO UNUSUAL CONDITIONS,, ,C,DARK-STREET LIGHTS,,,,,,,A,NO PEDESTRIANS INVOLVED,,A,23152B,,1.0,E CAPITOL EXPWY,LINCO,,,A,,,SENTER RD,,,A,7/23/2024 9:24:04 AM,1/28/2025 2:05:07 PM,,,2,,,,,,,
2532644,2023-231820988,2,False,4313,7/1/2023 10:28:00 PM,2228.0,4,1368.0,4313.0,San Jose,43.0,True,True,G,VEHICLE/PEDESTRAIN,,Saturday,,,,,False,False,False,,G,BICYCLE,,1.0,0.0,CLEAR,, NO UNUSUAL CONDITIONS - NO UNUSUAL CONDITIONS,, ,C,DARK-STREET LIGHTS,,,,,,,A,NO PEDESTRIANS INVOLVED,,A,21658A,,1.0,SANTA CLARA ST,KING,,,A,W,200.0,19TH ST,F,,D,7/23/2024 9:24:02 AM,1/28/2025 2:05:05 PM,,,2,,,,,,,
2532551,23-0761,2,False,4317,6/27/2023 8:59:00 PM,2059.0,,1809.0,4317.0,San Jose State Univ,43.0,True,True,E,HIT OBJECT,,Tuesday,,,,,False,False,True,,I,FIXED OBJECT,,0.0,0.0,CLEAR,, NO UNUSUAL CONDITIONS - NO UNUSUAL CONDITIONS,, ,C,DARK-STREET LIGHTS,37.33674,-121.8824,,,,,A,NO PEDESTRIANS INVOLVED,,B,,,1.0,S 7TH ST,,,,A,W,17.0,ENGINEERING BUILDING,F,,D,7/23/2024 9:23:55 AM,1/28/2025 2:05:00 PM,,,3,,,,,,,
2532060,2023-231720969,2,False,4313,6/21/2023 11:15:00 PM,2315.0,T4,1368.0,4313.0,San Jose,43.0,True,True,E,HIT OBJECT,,Wednesday,,,,,False,False,True,,I,FIXED OBJECT,,2.0,0.0,CLEAR,, NO UNUSUAL CONDITIONS - NO UNUSUAL CONDITIONS,, ,C,DARK-STREET LIGHTS,37.152677,-121.533949,,,,,A,NO PEDESTRIANS INVOLVED,,A,23152A,,1.0,BRANHAM LN,DT,,,A,E,171.0,VIA DE CABALLE,F,,D,7/23/2024 9:23:20 AM,1/28/2025 2:04:34 PM,,,2,,,,,,,
2532059,2023-231700736,2,False,4313,6/19/2023 6:20:00 PM,1820.0,A5,1368.0,4313.0,San Jose,43.0,True,True,G,VEHICLE/PEDESTRAIN,,Monday,,,,,False,False,False,,B,PEDESTRIAN,,1.0,0.0,CLEAR,, NO UNUSUAL CONDITIONS - NO UNUSUAL CONDITIONS,, ,A,DAYLIGHT,,,,,,,F,NOT IN ROAD,,A,21952,,1.0,CAMDEN AV,DA,,,A,E,400.0,TRINIDAD DR,F,,D,7/23/2024 9:23:20 AM,1/28/2025 2:04:34 PM,,,2,,,,,,,
2532058,2023-231560726,2,False,4313,6/5/2023 4:58:00 PM,1658.0,3,1368.0,4313.0,San Jose,43.0,True,True,D,BROADSIDE,,Monday,,,,,False,False,True,,C,OTHER MOTOR VEHICLE,,2.0,0.0,CLEAR,, NO UNUSUAL CONDITIONS - NO UNUSUAL CONDITIONS,, ,A,DAYLIGHT,37.193731,-121.561781,,,,,A,NO PEDESTRIANS INVOLVED,,A,21801,,1.0,FOREST AV,FRANK,,,A,,,CIRO AV,,,D,7/23/2024 9:23:20 AM,1/28/2025 2:04:34 PM,,,2,,,,,,,
2531328,2023-231500265,2,False,4313,5/30/2023 9:50:00 AM,950.0,C3,1368.0,4313.0,San Jose,43.0,True,True,H,OTHER,,Tuesday,,,,,False,False,False,,G,BICYCLE,,1.0,0.0,CLEAR,, NO UNUSUAL CONDITIONS - NO UNUSUAL CONDITIONS,, ,A,DAYLIGHT,,,,,,,A,NO PEDESTRIANS INVOLVED,,A,21960,,1.0,HURAN DR,FOOTH,,,A,,,TULLY RD,,,A,7/23/2024 9:22:28 AM,1/28/2025 2:03:55 PM,,,2,,,,,,,
2531326,2023-231400570,2,False,4313,5/20/2023 4:23:00 PM,1623.0,P3,1368.0,4313.0,San Jose,43.0,True,True,A,HEAD-ON,,Saturday,,,,,False,False,False,,C,OTHER MOTOR VEHICLE,,1.0,0.0,CLEAR,, NO UNUSUAL CONDITIONS - NO UNUSUAL CONDITIONS,, ,A,DAYLIGHT,,,,,,,A,NO PEDESTRIANS INVOLVED,,A,22350,,1.0,E CAPITOL EXPWY,DP,,,A,,,SILVER CREEK RD,,,A,7/23/2024 9:22:28 AM,1/28/2025 2:03:55 PM,,,2,,,,,,,
2531325,2023-231390780,3,False,4313,5/19/2023 6:00:00 PM,1800.0,S4,1368.0,4313.0,San Jose,43.0,True,True,C,REAR END,,Friday,,,,,False,False,True,,C,OTHER MOTOR VEHICLE,,1.0,0.0,CLEAR,, NO UNUSUAL CONDITIONS - NO UNUSUAL CONDITIONS,, ,A,DAYLIGHT,,,,,,,A,NO PEDESTRIANS INVOLVED,,A,22350A,,1.0,WILLOW ST,WESTE,,,A,,,CRESCENT DR,,,D,7/23/2024 9:22:28 AM,7/18/2025 10:08:26 AM,,,2,,,,,,,
2531324,2023-231380639,2,False,4313,5/18/2023 2:55:00 PM,1455.0,A4,1368.0,4313.0,San Jose,43.0,True,True,C,REAR END,,Thursday,,,,,False,False,False,,C,OTHER MOTOR VEHICLE,,2.0,0.0,CLEAR,, NO UNUSUAL CONDITIONS - NO UNUSUAL CONDITIONS,, ,A,DAYLIGHT,,,,,,,A,NO PEDESTRIANS INVOLVED,,A,22350,,1.0,ALMADEN EXPWY,SOUTH,,,A,,,MCABEE RD,,,A,7/23/2024 9:22:28 AM,1/28/2025 2:03:55 PM,,,2,,,,,,,
2531323,2023-231380669,2,False,4313,5/18/2023 3:39:00 PM,1539.0,V3,1368.0,4313.0,San Jose,43.0,True,True,D,BROADSIDE,,Thursday,,,,,False,False,False,,C,OTHER MOTOR VEHICLE,,1.0,0.0,CLEAR,, NO UNUSUAL CONDITIONS - NO UNUSUAL CONDITIONS,, ,A,DAYLIGHT,,,,,,,A,NO PEDESTRIANS INVOLVED,,A,21804A,,1.0,E TAYLOR ST,CENTR,,,A,,,N 6TH ST,,,D,7/23/2024 9:22:28 AM,1/28/2025 2:03:55 PM,,,2,,,,,,,