Collision Id,	Report Number,	Report Version,	Is Preliminary,	NCIC Code,Crash Date Time,	Crash Time Description,	Beat,City Id,	City Code,	City Name,County Code,	City Is Active,	City Is Incorporated,	Collision Type Code,Collision Type Description,	Collision Type Other Desc,	Day Of Week,	DispatchNotified,	HasPhotographs,	HitRun,	IsAttachmentsMailed,	IsDeleted,	IsHighwayRelated,	IsTowAway,	JudicialDistrict,	MotorVehicleInvolvedWithCode,	MotorVehicleInvolvedWithDesc,MotorVehicleInvolvedWithOtherDesc,	NumberInjured,	NumberKilled,Weather 1, Weather 2, Road Condition 1, Road Condition 2, Special Condition,LightingCode, LightingDescription,Latitude,Longitude,MilepostDirection,MilepostDistance,MilepostMarker,MilepostUnitOfMeasure,	PedestrianActionCode,PedestrianActionDesc,PreparedDate,	Primary Collision Factor Code,Primary Collision Factor Violation,PrimaryCollisionFactorIsCited,	PrimaryCollisionPartyNumber,	PrimaryRoad,	ReportingDistrict,	ReportingDistrictCode,ReviewedDate,	RoadwaySurfaceCode,SecondaryDirection,	SecondaryDistance,	SecondaryRoad,	SecondaryUnitOfMeasure,	SketchDesc,	TrafficControlDeviceCode,CreatedDate,	ModifiedDate,IsCountyRoad,IsFreeway,CHP555Version,	IsAdditonalObjectStruck,NotificationDate,	NotificationTimeDescription,	HasDigitalMediaFiles,	EvidenceNumber,	IsLocationReferToNarrative,	IsAOIOneSameAsLocation
2554494,2023-233420233,2,False,4313,12/8/2023 9:00:00 AM,900.0,S1,1368.0,4313.0,San Jose,43.0,True,True,A,HEAD-ON,,Friday,,,F,,False,False,True,,C,OTHER MOTOR VEHICLE,,1.0,0.0,CLEAR,, NO UNUSUAL CONDITIONS - NO UNUSUAL CONDITIONS,, ,A,DAYLIGHT,,,,,,,A,NO PEDESTRIANS INVOLVED,,A,22350,,1.0,FRUITDALE AV,WESTE,,,A,,,DI FIORE DR,,,A,7/23/2024 9:57:14 AM,1/28/2025 2:26:48 PM,,,2,,,,,,,
2554452,2023-233351003,2,False,4313,12/1/2023 11:11:00 PM,2311.0,C2,1368.0,4313.0,San Jose,43.0,True,True,E,HIT OBJECT,,Friday,,,M,,False,False,True,,I,FIXED OBJECT,,0.0,0.0,CLEAR,, NO UNUSUAL CONDITIONS - NO UNUSUAL CONDITIONS,, ,C,DARK-STREET LIGHTS,37.193673,-121.50205,,,,,A,NO PEDESTRIANS INVOLVED,,A,22350,,1.0,CUNNINGHAM AV,FOOTH,,,A,,,PANAMA AV,,,D,7/23/2024 9:57:10 AM,1/28/2025 2:26:45 PM,,,2,,,,,,,
2554422,2023232980298,2,False,4313,10/20/2023 10:00:00 AM,1000.0,A1,1368.0,4313.0,San Jose,43.0,True,True,B,SIDE SWIPE,,Friday,,,,,False,False,True,,E,PARKED MOTOR VEHICLE,,1.0,0.0,CLEAR,, NO UNUSUAL CONDITIONS - NO UNUSUAL CONDITIONS,, ,,,,,,,,,A,NO PEDESTRIANS INVOLVED,,A,22350,,1.0,SAMARITAN DR,SOUTH,,,A,,,SAMARITAN DR 2505,,,D,7/23/2024 9:57:07 AM,1/28/2025 2:26:44 PM,,,2,,,,,,,
2554406,2023-233300065,2,False,4313,11/26/2023 1:08:00 AM,108.0,5,1368.0,4313.0,San Jose,43.0,True,True,B,SIDE SWIPE,,Sunday,,,,,False,False,True,,I,FIXED OBJECT,,1.0,0.0,CLEAR,, NO UNUSUAL CONDITIONS - NO UNUSUAL CONDITIONS,, ,C,DARK-STREET LIGHTS,,,,,,,A,NO PEDESTRIANS INVOLVED,,A,22107,,1.0,CAPITOL EX,MARY,,,A,,,EXCALIBUR DR,,,A,7/23/2024 9:57:05 AM,1/28/2025 2:26:43 PM,,,2,,,,,,,
2554405,2023-233290533,2,False,4313,11/25/2023 4:09:00 PM,1609.0,A4,1368.0,4313.0,San Jose,43.0,True,True,D,BROADSIDE,,Saturday,,,,,False,False,True,,C,OTHER MOTOR VEHICLE,,2.0,0.0,CLEAR,, NO UNUSUAL CONDITIONS - NO UNUSUAL CONDITIONS,, ,A,DAYLIGHT,37.145427,-121.525689,,,,,A,NO PEDESTRIANS INVOLVED,,A,21453A,,1.0,BLOSSOM HILL RD,DISTR,,,A,,,AYRSHIRE DR,,,A,7/23/2024 9:57:05 AM,1/28/2025 2:26:43 PM,,,2,,,,,,,
2554404,2023-233170197,2,False,4313,11/13/2023 8:16:00 AM,816.0,T3,1368.0,4313.0,San Jose,43.0,True,True,C,REAR END,,Monday,,,,,False,False,True,,D,MOTOR VEHICLE ON OTHER ROADWAY,,2.0,0.0,CLOUDY,, NO UNUSUAL CONDITIONS - NO UNUSUAL CONDITIONS,, ,A,DAYLIGHT,37.175235,-121.523733,,,,,A,NO PEDESTRIANS INVOLVED,,A,22350,,1.0,ALMADEN EX,DT,,,A,,,RT 87,,,D,7/23/2024 9:57:05 AM,1/28/2025 2:26:43 PM,,,2,,,,,,,
2554403,2023-233050175,2,False,4313,11/1/2023 7:02:00 AM,702.0,5,1368.0,4313.0,San Jose,43.0,True,True,G,VEHICLE/PEDESTRAIN,,Wednesday,,,,,False,False,False,,B,PEDESTRIAN,,1.0,0.0,CLEAR,, NO UNUSUAL CONDITIONS - NO UNUSUAL CONDITIONS,, ,A,DAYLIGHT,,,,,,,B,CROSSING IN CROSS WALK AT INTERSECTION,,A,21456,,1.0,ALMADEN EXPWY,TOM,,,A,,,FOXWORTHY AV,,,A,7/23/2024 9:57:05 AM,1/28/2025 2:26:42 PM,,,2,,,,,,,
2554402,2023-233280530,2,False,4313,11/24/2023 4:52:00 PM,1652.0,E1,1368.0,4313.0,San Jose,43.0,True,True,G,VEHICLE/PEDESTRAIN,,Friday,,,F,,False,False,False,,B,PEDESTRIAN,,2.0,0.0,CLEAR,, NO UNUSUAL CONDITIONS - NO UNUSUAL CONDITIONS,, ,A,DAYLIGHT,,,,,,,B,CROSSING IN CROSS WALK AT INTERSECTION,,A,21801,,1.0,AUTUMN PY,EDWAR,,,A,,,W JULIAN ST,,,A,7/23/2024 9:57:05 AM,1/28/2025 2:26:42 PM,,,2,,,,,,,
2554401,2023-3310863,2,False,4313,11/27/2023 7:52:00 PM,1952.0,S1,1368.0,4313.0,San Jose,43.0,True,True,G,VEHICLE/PEDESTRAIN,,Monday,,,,,False,False,False,,B,PEDESTRIAN,,1.0,0.0,CLEAR,, NO UNUSUAL CONDITIONS - NO UNUSUAL CONDITIONS,, ,C,DARK-STREET LIGHTS,,,,,,,E,IN ROAD - INCLUDES SHOULDER,,A,21955,,2.0,MERIDIAN AV,DS,,,A,,,MERIDIAN AV 927,,,,7/23/2024 9:57:05 AM,1/28/2025 2:26:42 PM,,,2,,,,,,,
2554400,2023-233100569,2,False,4313,11/6/2023 2:44:00 PM,1444.0,P3,1368.0,4313.0,San Jose,43.0,True,True,,,,Monday,,,,,False,False,True,,D,MOTOR VEHICLE ON OTHER ROADWAY,,1.0,0.0,CLOUDY,, NO UNUSUAL CONDITIONS - NO UNUSUAL CONDITIONS,, ,A,DAYLIGHT,37.182562,-121.483916,,,,,A,NO PEDESTRIANS INVOLVED,,A,21453A,,,SILVER CREEK RD,FOOTH,,,A,,,E CAPITOL EXPWY,,,A,7/23/2024 9:57:04 AM,1/28/2025 2:26:42 PM,,,2,,,,,,,
2554093,2023-232940469,2,False,4313,10/21/2023 2:56:00 PM,1456.0,M5,1368.0,4313.0,San Jose,43.0,True,True,C,REAR END,,Saturday,,,,,False,False,True,,D,MOTOR VEHICLE ON OTHER ROADWAY,,1.0,0.0,CLEAR,, NO UNUSUAL CONDITIONS - NO UNUSUAL CONDITIONS,, ,A,DAYLIGHT,37.212022,-121.501093,,,,,A,NO PEDESTRIANS INVOLVED,,A,21703,,1.0,CAPITOL EXPWY,M,,,A,,,RT 680,,,D,7/23/2024 9:56:33 AM,1/28/2025 2:26:25 PM,,,2,,,,,,,
2554092,2023-232960031,2,False,4313,10/23/2023 12:39:00 AM,39.0,L6,1368.0,4313.0,San Jose,43.0,True,True,A,HEAD-ON,,Monday,,,,,False,False,True,,I,FIXED OBJECT,,1.0,0.0,RAINING,, NO UNUSUAL CONDITIONS - NO UNUSUAL CONDITIONS,, ,C,DARK-STREET LIGHTS,,,,,,,A,NO PEDESTRIANS INVOLVED,,A,22350,,1.0,MCLAUGHLIN,LINCO,,,B,,,RAPOSA DR,,,D,7/23/2024 9:56:33 AM,1/28/2025 2:26:25 PM,,,2,,,,,,,
2554091,2023-232950289,2,False,4313,10/22/2023 7:10:00 AM,710.0,1,1368.0,4313.0,San Jose,43.0,True,True,A,HEAD-ON,,Sunday,,,,,False,False,False,,G,BICYCLE,,1.0,0.0,CLEAR,, NO UNUSUAL CONDITIONS - NO UNUSUAL CONDITIONS,, ,A,DAYLIGHT,,,,,,,,,,A,21453A,,,BRANHAM LN,XRAY,,,A,,,VISTAPARK DR,,,A,7/23/2024 9:56:32 AM,1/28/2025 2:26:24 PM,,,2,,,,,,,
2554090,2023-233040254,2,False,4313,10/31/2023 10:01:00 AM,1001.0,Y1,1368.0,4313.0,San Jose,43.0,True,True,A,HEAD-ON,,Tuesday,,,,,False,False,False,,B,PEDESTRIAN,,1.0,0.0,CLEAR,, NO UNUSUAL CONDITIONS - NO UNUSUAL CONDITIONS,, ,A,DAYLIGHT,37.143961,-121.512276,,,,,E,IN ROAD - INCLUDES SHOULDER,,A,21954A,,1.0,ALLEN AV,DY,,,A,,,ALLEN AV 5866,,,D,7/23/2024 9:56:32 AM,1/28/2025 2:26:24 PM,,,2,,,,,,,
2554089,2023-233020647,2,False,4313,10/29/2023 5:18:00 PM,1718.0,X3,1368.0,4313.0,San Jose,43.0,True,True,D,BROADSIDE,,Sunday,,,,,False,False,True,,I,FIXED OBJECT,,1.0,0.0,CLEAR,, NO UNUSUAL CONDITIONS - NO UNUSUAL CONDITIONS,, ,A,DAYLIGHT,37.171598,-121.49353,,,,,A,NO PEDESTRIANS INVOLVED,,A,21657,,1.0,SYLVANDALE AV,XRAY,,,A,,,VERDI DR,,,A,7/23/2024 9:56:32 AM,1/28/2025 2:26:24 PM,,,2,,,,,,,
2554088,2023-233030705,2,False,4313,10/30/2023 6:10:00 PM,1810.0,M2,1368.0,4313.0,San Jose,43.0,True,True,A,HEAD-ON,,Monday,,,,,False,False,False,,B,PEDESTRIAN,,1.0,0.0,CLEAR,, NO UNUSUAL CONDITIONS - NO UNUSUAL CONDITIONS,, ,B,DUSK-DAWN,,,,,,,D,CROSSING - NOT IN CROSSWALK,,A,21955,,2.0,JOSE FIGUERES AV,FOOTH,,,A,,,JOSE FIGUERES AV 141,,,D,7/23/2024 9:56:32 AM,1/28/2025 2:26:24 PM,,,2,,,,,,,
2554087,2023-232950568,2,False,4313,10/22/2023 3:05:00 PM,1505.0,P1,1368.0,4313.0,San Jose,43.0,True,True,D,BROADSIDE,,Sunday,,,,,False,False,True,,C,OTHER MOTOR VEHICLE,,1.0,0.0,RAINING,, NO UNUSUAL CONDITIONS - NO UNUSUAL CONDITIONS,, ,A,DAYLIGHT,,,,,,,A,NO PEDESTRIANS INVOLVED,,A,21804,,1.0,QUIMBY RD,FOOTH,,,B,,,TULLY RD,,,D,7/23/2024 9:56:32 AM,1/28/2025 2:26:24 PM,,,2,,,,,,,
2554086,2023-232990666,2,False,4313,10/26/2023 4:58:00 PM,1658.0,Y5,1368.0,4313.0,San Jose,43.0,True,True,C,REAR END,,Thursday,,,,,False,False,True,,C,OTHER MOTOR VEHICLE,,3.0,0.0,CLEAR,, ,, ,A,DAYLIGHT,,,,,,,A,NO PEDESTRIANS INVOLVED,,A,22350,,1.0,SANTA TERESA,DISTR,,,A,N,0.2,BAILEY AV,M,,D,7/23/2024 9:56:32 AM,1/28/2025 2:26:24 PM,,,2,,,,,,,
2554085,2023-233040187,2,False,4313,10/31/2023 8:19:00 AM,819.0,K4,1368.0,4313.0,San Jose,43.0,True,True,A,HEAD-ON,,Tuesday,,,,,False,False,True,,C,OTHER MOTOR VEHICLE,,2.0,0.0,CLEAR,, NO UNUSUAL CONDITIONS - NO UNUSUAL CONDITIONS,, ,A,DAYLIGHT,37.21297,-121.521752,,,,,A,NO PEDESTRIANS INVOLVED,,A,21801A,,1.0,E JULIAN ST,KING,,,A,,,N 24TH ST,,,B,7/23/2024 9:56:32 AM,1/28/2025 2:26:24 PM,,,2,,,,,,,
2554084,2023-233030517,2,False,4313,10/30/2023 2:53:00 PM,1453.0,N3,1368.0,4313.0,San Jose,43.0,True,True,C,REAR END,,Monday,,,,,False,False,False,,C,OTHER MOTOR VEHICLE,,1.0,0.0,CLEAR,, NO UNUSUAL CONDITIONS - NO UNUSUAL CONDITIONS,, ,A,DAYLIGHT,,,,,,,A,NO PEDESTRIANS INVOLVED,,A,22350,,1.0,SARATOGA AV,DN,,,A,,,PAYNE AV,,,A,7/23/2024 9:56:32 AM,1/28/2025 2:26:24 PM,,,2,,,,,,,
2554083,2023-233040204,2,False,4313,10/31/2023 8:43:00 AM,843.0,L3,1368.0,4313.0,San Jose,43.0,True,True,D,BROADSIDE,,Tuesday,,,,,False,False,False,,C,OTHER MOTOR VEHICLE,,2.0,0.0,CLEAR,, NO UNUSUAL CONDITIONS - NO UNUSUAL CONDITIONS,, ,A,DAYLIGHT,37.185522,-121.503002,,,,,A,NO PEDESTRIANS INVOLVED,,A,21804A,,,LUCRETIA AV,WESTE,,,A,,,LUCRETIA AV 2278,,,D,7/23/2024 9:56:31 AM,1/28/2025 2:26:24 PM,,,2,,,,,,,
2554082,2023-233040287,2,False,4313,10/31/2023 10:29:00 AM,1029.0,E3,1368.0,4313.0,San Jose,43.0,True,True,A,HEAD-ON,,Tuesday,,,,,False,False,False,,G,BICYCLE,,2.0,0.0,CLEAR,, NO UNUSUAL CONDITIONS - NO UNUSUAL CONDITIONS,, ,A,DAYLIGHT,37.20348,-121.532127,,,,,A,NO PEDESTRIANS INVOLVED,,A,21650,,1.0,W SAN FERNANDO ST,CENTR,,,A,,,S 1ST ST,,,D,7/23/2024 9:56:31 AM,1/28/2025 2:26:24 PM,,,2,,,,,,,
2554081,2023-232910639,2,False,4313,10/18/2023 3:22:00 PM,1522.0,W4,1368.0,4313.0,San Jose,43.0,True,True,C,REAR END,,Wednesday,,,,,False,False,False,,C,OTHER MOTOR VEHICLE,,1.0,0.0,CLEAR,, NO UNUSUAL CONDITIONS - NO UNUSUAL CONDITIONS,, ,A,DAYLIGHT,37.22244,-121.504697,,,,,A,NO PEDESTRIANS INVOLVED,,A,21703,,1.0,N CAPITOL AV,FOOTH,,,A,,,GIANNOTTA WY,,,A,7/23/2024 9:56:31 AM,1/28/2025 2:26:24 PM,,,2,,,,,,,
2554080,2023-233020754,2,False,4313,10/29/2023 6:30:00 PM,1830.0,Y3,1368.0,4313.0,San Jose,43.0,True,True,D,BROADSIDE,,Sunday,,,,,False,False,False,,C,OTHER MOTOR VEHICLE,,1.0,0.0,CLEAR,, NO UNUSUAL CONDITIONS - NO UNUSUAL CONDITIONS,, ,A,DAYLIGHT,,,,,,,A,NO PEDESTRIANS INVOLVED,,A,22350,,1.0,ROEDER RD,YELLO,,,A,,,WHIRLAWAY DR,,,D,7/23/2024 9:56:31 AM,1/28/2025 2:26:24 PM,,,2,,,,,,,
2554079,2023-233030216,2,False,4313,10/30/2023 8:32:00 AM,832.0,1,1368.0,4313.0,San Jose,43.0,True,True,D,BROADSIDE,,Monday,,,,,False,False,True,,C,OTHER MOTOR VEHICLE,,2.0,0.0,CLEAR,, NO UNUSUAL CONDITIONS - NO UNUSUAL CONDITIONS,, ,A,DAYLIGHT,,,,,,,A,NO PEDESTRIANS INVOLVED,,A,21801A,,1.0,ALVIN AV,PAUL,,,A,,,BURDETTE DR,,,A,7/23/2024 9:56:31 AM,1/28/2025 2:26:24 PM,,,2,,,,,,,
2554078,2023-233020726,2,False,4313,10/29/2023 7:04:00 PM,1904.0,5,1368.0,4313.0,San Jose,43.0,True,True,B,SIDE SWIPE,,Sunday,,,,,False,False,False,,C,OTHER MOTOR VEHICLE,,1.0,0.0,CLEAR,, NO UNUSUAL CONDITIONS - NO UNUSUAL CONDITIONS,, ,C,DARK-STREET LIGHTS,,,,,,,A,NO PEDESTRIANS INVOLVED,,A,23543,,1.0,CAPITOL EXPWY,TOM,,,A,,,PEARL AV,,,A,7/23/2024 9:56:31 AM,1/28/2025 2:26:23 PM,,,2,,,,,,,
2554077,2023-23299088,2,False,4313,10/26/2023 5:14:00 AM,514.0,X3,1368.0,4313.0,San Jose,43.0,True,True,A,HEAD-ON,,Thursday,,,,,False,False,True,,C,OTHER MOTOR VEHICLE,,2.0,0.0,CLEAR,, NO UNUSUAL CONDITIONS - NO UNUSUAL CONDITIONS,, ,C,DARK-STREET LIGHTS,37.17295,-121.485163,,,,,A,NO PEDESTRIANS INVOLVED,,A,21460,,1.0,PALISADE DR,SOUTH,,,A,,,HELLYER AV,,,D,7/23/2024 9:56:31 AM,1/28/2025 2:26:23 PM,,,2,,,,,,,
2554076,2023-233000238,2,False,4313,10/27/2023 8:51:00 AM,851.0,L6,1368.0,4313.0,San Jose,43.0,True,True,G,VEHICLE/PEDESTRAIN,,Friday,,,,,False,False,False,,B,PEDESTRIAN,,1.0,0.0,CLEAR,, NO UNUSUAL CONDITIONS - NO UNUSUAL CONDITIONS,, ,A,DAYLIGHT,,,,,,,B,CROSSING IN CROSS WALK AT INTERSECTION,,A,21950,,,TULLY RD,LINCO,,,A,,,GALVESTON AV,,,,7/23/2024 9:56:30 AM,1/28/2025 2:26:23 PM,,,2,,,,,,,
2554075,2023-233010603,2,False,4313,10/28/2023 5:07:00 PM,1707.0,V3,1368.0,4313.0,San Jose,43.0,True,True,D,BROADSIDE,,Saturday,,,,,False,False,True,,C,OTHER MOTOR VEHICLE,,7.0,0.0,CLEAR,, NO UNUSUAL CONDITIONS - NO UNUSUAL CONDITIONS,, ,A,DAYLIGHT,,,,,,,A,NO PEDESTRIANS INVOLVED,,A,21804A,,1.0,N 11TH ST,CENTR,,,A,,,WASHINGTON ST,,,D,7/23/2024 9:56:30 AM,1/28/2025 2:26:23 PM,,,2,,,,,,,
2554074,2023-232930096,2,False,4313,10/20/2023 3:00:00 AM,300.0,L1,1368.0,4313.0,San Jose,43.0,True,True,E,HIT OBJECT,,Friday,,,,,False,False,True,,I,FIXED OBJECT,,3.0,0.0,CLEAR,, NO UNUSUAL CONDITIONS - NO UNUSUAL CONDITIONS,, ,C,DARK-STREET LIGHTS,,,,,,,A,NO PEDESTRIANS INVOLVED,,A,22350,,1.0,S 2ND ST,WESTE,,,A,,,E HUMBOLDT ST,,,A,7/23/2024 9:56:30 AM,1/28/2025 2:26:23 PM,,,2,,,,,,,
2554073,2023-233300707,3,False,4313,11/26/2023 8:13:00 PM,2013.0,F3,1368.0,4313.0,San Jose,43.0,True,True,,,,Sunday,,,F,,False,False,True,,C,OTHER MOTOR VEHICLE,,3.0,0.0,CLEAR,, NO UNUSUAL CONDITIONS - NO UNUSUAL CONDITIONS,, ,C,DARK-STREET LIGHTS,37.192425,-121.553653,,,,,A,NO PEDESTRIANS INVOLVED,,A,21453,,1.0,W SAN CARLOS ST,FRANK,,,A,,,WABASH AV,,,A,7/23/2024 9:56:30 AM,7/18/2025 10:09:04 AM,,,2,,,,,,,
2554072,2023-233150451,2,False,4313,11/11/2023 2:20:00 PM,1420.0,E3,1368.0,4313.0,San Jose,43.0,True,True,D,BROADSIDE,,Saturday,,,,,False,False,False,,C,OTHER MOTOR VEHICLE,,1.0,0.0,CLEAR,, NO UNUSUAL CONDITIONS - NO UNUSUAL CONDITIONS,, ,A,DAYLIGHT,,,,,,,A,NO PEDESTRIANS INVOLVED,,A,22350,,1.0,S KING RD,DE,,,A,,,VIRGINIA AV,,,A,7/23/2024 9:56:30 AM,1/28/2025 2:26:23 PM,,,2,,,,,,,
2554066,2023-233180495,2,False,4313,11/14/2023 2:25:00 PM,1425.0,1,1368.0,4313.0,San Jose,43.0,True,True,,,,Tuesday,,,F,,False,False,True,,C,OTHER MOTOR VEHICLE,,1.0,0.0,CLEAR,, NO UNUSUAL CONDITIONS - NO UNUSUAL CONDITIONS,, ,A,DAYLIGHT,37.19116,-121.515614,,,,,A,NO PEDESTRIANS INVOLVED,,A,22350,,1.0,E ALMA AV,LINCO,,,A,,,S 10TH ST,,,D,7/23/2024 9:56:29 AM,1/28/2025 2:26:23 PM,,,2,,,,,,,
2554065,2023-233190191,2,False,4313,11/15/2023 9:07:00 AM,907.0,F5,1368.0,4313.0,San Jose,43.0,True,True,B,SIDE SWIPE,,Wednesday,,,,,False,False,False,,C,OTHER MOTOR VEHICLE,,1.0,0.0,CLEAR,, NO UNUSUAL CONDITIONS - NO UNUSUAL CONDITIONS,, ,A,DAYLIGHT,37.192452,-121.544965,,,,,A,NO PEDESTRIANS INVOLVED,,A,22100,,,MERIDIAN AV,FRANK,,,A,,,W SAN CARLOS ST,,,A,7/23/2024 9:56:29 AM,1/28/2025 2:26:23 PM,,,2,,,,,,,
2554064,2023-233200609,2,False,4313,11/16/2023 5:36:00 PM,1736.0,4,1368.0,4313.0,San Jose,43.0,True,True,D,BROADSIDE,,Thursday,,,,,False,False,False,,C,OTHER MOTOR VEHICLE,,2.0,0.0,CLEAR,, NO UNUSUAL CONDITIONS - NO UNUSUAL CONDITIONS,, ,C,DARK-STREET LIGHTS,37.16285,-121.543203,,,,,A,NO PEDESTRIANS INVOLVED,,A,22106,,1.0,KIRK RD,TOM,,,B,E,21.0,CITY LIGHT POLE #17K641,F,,D,7/23/2024 9:56:29 AM,1/28/2025 2:26:23 PM,,,2,,,,,,,
2554063,2023-233080592,2,False,4313,11/4/2023 5:40:00 PM,1740.0,V2,1368.0,4313.0,San Jose,43.0,True,True,D,BROADSIDE,,Saturday,,,,,False,False,False,,G,BICYCLE,,1.0,0.0,CLEAR,, NO UNUSUAL CONDITIONS - NO UNUSUAL CONDITIONS,, ,B,DUSK-DAWN,,,,,,,A,NO PEDESTRIANS INVOLVED,,A,22450,,1.0,E HEDDING ST,VICTO,,,A,,,N 17TH ST,,,D,7/23/2024 9:56:29 AM,1/28/2025 2:26:23 PM,,,2,,,,,,,
2554062,2023-233340735,2,False,4313,11/30/2023 6:21:00 PM,1821.0,A3,1368.0,4313.0,San Jose,43.0,True,True,A,HEAD-ON,,Thursday,,,,,False,False,False,,G,BICYCLE,,1.0,0.0,,, NO UNUSUAL CONDITIONS - NO UNUSUAL CONDITIONS,, ,C,DARK-STREET LIGHTS,,,,,,,A,NO PEDESTRIANS INVOLVED,,A,22107,,1.0,CHERRY AV,ADAM,,,A,,,BOURET DR,,,D,7/23/2024 9:56:29 AM,1/28/2025 2:26:23 PM,,,2,,,,,,,
2554061,2023-233120379,2,False,4313,11/8/2023 12:09:00 PM,1209.0,R3,1368.0,4313.0,San Jose,43.0,True,True,D,BROADSIDE,,Wednesday,,,,,False,False,False,,C,OTHER MOTOR VEHICLE,,1.0,0.0,CLEAR,, NO UNUSUAL CONDITIONS - NO UNUSUAL CONDITIONS,, ,A,DAYLIGHT,,,,,,,A,NO PEDESTRIANS INVOLVED,,A,21802,,1.0,742 CHARCOT AV,DISTR,,,A,N,10.0,PARAGONA AV,F,,D,7/23/2024 9:56:28 AM,1/28/2025 2:26:23 PM,,,2,,,,,,,
2554060,2023-233320831,2,False,4313,11/28/2023 8:30:00 PM,2030.0,6,1368.0,4313.0,San Jose,43.0,True,True,A,HEAD-ON,,Tuesday,,,,,False,False,True,,C,OTHER MOTOR VEHICLE,,1.0,0.0,CLEAR,, NO UNUSUAL CONDITIONS - NO UNUSUAL CONDITIONS,, ,C,DARK-STREET LIGHTS,,,,,,,A,NO PEDESTRIANS INVOLVED,,A,23153,,1.0,S TOMAS AQUINO RD,NORA,,,A,N,10.0,BUCKNALL DR,F,,A,7/23/2024 9:56:28 AM,1/28/2025 2:26:23 PM,,,2,,,,,,,
2554059,2023-233340363,2,False,4313,11/30/2023 11:39:00 AM,1139.0,Y2,1368.0,4313.0,San Jose,43.0,True,True,A,HEAD-ON,,Thursday,,,,,False,False,True,,C,OTHER MOTOR VEHICLE,,3.0,0.0,CLEAR,, NO UNUSUAL CONDITIONS - NO UNUSUAL CONDITIONS,, ,A,DAYLIGHT,,,,,,,A,NO PEDESTRIANS INVOLVED,,A,22101,,1.0,BLOSSOM HILL RD,DISTR,,,A,,,SNELL AV,,,A,7/23/2024 9:56:28 AM,1/28/2025 2:26:22 PM,,,2,,,,,,,
2554058,2023-233330731,2,False,4313,11/29/2023 6:03:00 PM,1803.0,S1,1368.0,4313.0,San Jose,43.0,True,True,C,REAR END,,Wednesday,,,F,,False,False,True,,C,OTHER MOTOR VEHICLE,,2.0,0.0,CLEAR,, NO UNUSUAL CONDITIONS - NO UNUSUAL CONDITIONS,, ,C,DARK-STREET LIGHTS,,,,,,,A,NO PEDESTRIANS INVOLVED,,A,22350,,1.0,FRUITDALE AV,WESTE,,,A,E,170.0,DEL MAR AV,F,,A,7/23/2024 9:56:28 AM,1/28/2025 2:26:22 PM,,,2,,,,,,,
2554041,2023-233190720,2,False,4313,11/15/2023 6:59:00 PM,1859.0,M3,1368.0,4313.0,San Jose,43.0,True,True,A,HEAD-ON,,Wednesday,,,,,False,False,False,,B,PEDESTRIAN,,1.0,0.0,RAINING,, NO UNUSUAL CONDITIONS - NO UNUSUAL CONDITIONS,, ,C,DARK-STREET LIGHTS,,,,,,,D,CROSSING - NOT IN CROSSWALK,,A,21954A,,2.0,ALUM ROCK AV,FOOTH,,,B,,,N 33RD ST,,,A,7/23/2024 9:56:26 AM,1/28/2025 2:26:21 PM,,,2,,,,,,,
2554040,2023-233270134,2,False,4313,11/23/2023 5:00:00 AM,500.0,X4,1368.0,4313.0,San Jose,43.0,True,True,C,REAR END,,Thursday,,,,,False,False,True,,C,OTHER MOTOR VEHICLE,,3.0,0.0,CLEAR,, NO UNUSUAL CONDITIONS - NO UNUSUAL CONDITIONS,, ,C,DARK-STREET LIGHTS,,,,,,,A,NO PEDESTRIANS INVOLVED,,A,23152,,1.0,MONTEREY RD,SOUTH,,,A,,,BLOSSOM HILL RD,,,A,7/23/2024 9:56:26 AM,1/28/2025 2:26:21 PM,,,2,,,,,,,
2554039,2023-233220216,2,False,4313,11/18/2023 6:06:00 AM,606.0,2,1368.0,4313.0,San Jose,43.0,True,True,B,SIDE SWIPE,,Saturday,,,,,False,False,True,,C,OTHER MOTOR VEHICLE,,2.0,0.0,CLEAR,, ,, ,B,DUSK-DAWN,,,,,,,A,NO PEDESTRIANS INVOLVED,,D,,,,TULLY RD,P,,,B,,,CAPITOL EXPWY,,,A,7/23/2024 9:56:26 AM,1/28/2025 2:26:21 PM,,,2,,,,,,,
2553997,2023233400263,2,False,4313,12/6/2023 9:47:00 AM,947.0,L6,1368.0,4313.0,San Jose,43.0,True,True,D,BROADSIDE,,Wednesday,,,F,,False,False,True,,C,OTHER MOTOR VEHICLE,,2.0,0.0,CLEAR,, NO UNUSUAL CONDITIONS - NO UNUSUAL CONDITIONS,, ,A,DAYLIGHT,,,,,,,A,NO PEDESTRIANS INVOLVED,,A,21453,,,MCLAUGHLIN AV,WESTE,,,A,,,TULLY RD,,,A,7/23/2024 9:56:22 AM,1/28/2025 2:26:19 PM,,,2,,,,,,,
2553785,2023-233330885,2,False,4313,11/29/2023 9:04:00 PM,2104.0,S5,1368.0,4313.0,San Jose,43.0,True,True,D,BROADSIDE,,Wednesday,,,F,,False,False,True,,C,OTHER MOTOR VEHICLE,,2.0,0.0,CLOUDY,, NO UNUSUAL CONDITIONS - NO UNUSUAL CONDITIONS,, ,C,DARK-STREET LIGHTS,37.192657,-121.525372,,,,,A,NO PEDESTRIANS INVOLVED,,A,21453,,1.0,S 1ST ST,SAM,,,A,,,E VIRGINIA ST,,,A,7/23/2024 9:55:59 AM,1/28/2025 2:26:05 PM,,,2,,,,,,,
2553781,2023-233240809,2,False,4313,11/20/2023 7:50:00 PM,1950.0,DL3,1368.0,4313.0,San Jose,43.0,True,True,C,REAR END,,Monday,,,,,False,False,True,,C,OTHER MOTOR VEHICLE,,1.0,0.0,CLEAR,, NO UNUSUAL CONDITIONS - NO UNUSUAL CONDITIONS,, ,C,DARK-STREET LIGHTS,37.185458,-121.501159,,,,,A,NO PEDESTRIANS INVOLVED,,A,22350,,1.0,TULLY RD,WESTE,,,A,,,MCLAUGHLIN AV,,,D,7/23/2024 9:55:58 AM,1/28/2025 2:26:05 PM,,,2,,,,,,,