Collision Id,	Report Number,	Report Version,	Is Preliminary,	NCIC Code,Crash Date Time,	Crash Time Description,	Beat,City Id,	City Code,	City Name,County Code,	City Is Active,	City Is Incorporated,	Collision Type Code,Collision Type Description,	Collision Type Other Desc,	Day Of Week,	DispatchNotified,	HasPhotographs,	HitRun,	IsAttachmentsMailed,	IsDeleted,	IsHighwayRelated,	IsTowAway,	JudicialDistrict,	MotorVehicleInvolvedWithCode,	MotorVehicleInvolvedWithDesc,MotorVehicleInvolvedWithOtherDesc,	NumberInjured,	NumberKilled,Weather 1, Weather 2, Road Condition 1, Road Condition 2, Special Condition,LightingCode, LightingDescription,Latitude,Longitude,MilepostDirection,MilepostDistance,MilepostMarker,MilepostUnitOfMeasure,	PedestrianActionCode,PedestrianActionDesc,PreparedDate,	Primary Collision Factor Code,Primary Collision Factor Violation,PrimaryCollisionFactorIsCited,	PrimaryCollisionPartyNumber,	PrimaryRoad,	ReportingDistrict,	ReportingDistrictCode,ReviewedDate,	RoadwaySurfaceCode,SecondaryDirection,	SecondaryDistance,	SecondaryRoad,	SecondaryUnitOfMeasure,	SketchDesc,	TrafficControlDeviceCode,CreatedDate,	ModifiedDate,IsCountyRoad,IsFreeway,CHP555Version,	IsAdditonalObjectStruck,NotificationDate,	NotificationTimeDescription,	HasDigitalMediaFiles,	EvidenceNumber,	IsLocationReferToNarrative,	IsAOIOneSameAsLocation
2553778,2023-2329960646,2,False,4313,10/23/2023 3:55:00 PM,1555.0,L4,1368.0,4313.0,San Jose,43.0,True,True,H,OTHER,,Monday,,,,,False,False,False,,G,BICYCLE,,1.0,0.0,CLEAR,, NO UNUSUAL CONDITIONS - NO UNUSUAL CONDITIONS,, ,A,DAYLIGHT,,,,,,,A,NO PEDESTRIANS INVOLVED,,A,21202A,,1.0,MONTEREY RD,WESTE,,,A,,,TULLY RD,,,D,7/23/2024 9:55:58 AM,1/28/2025 2:26:05 PM,,,2,,,,,,,
2553599,2023-232780215,2,False,4313,10/5/2023 8:48:00 AM,848.0,1,1368.0,4313.0,San Jose,43.0,True,True,C,REAR END,,Thursday,,,,,False,False,True,,C,OTHER MOTOR VEHICLE,,2.0,0.0,CLEAR,, NO UNUSUAL CONDITIONS - NO UNUSUAL CONDITIONS,, ,A,DAYLIGHT,,,,,,,A,NO PEDESTRIANS INVOLVED,,A,21453,,1.0,HILLSDALE AV,XRAY,,,A,,,NARVAEZ AV,,,A,7/23/2024 9:55:40 AM,1/28/2025 2:25:55 PM,,,2,,,,,,,
2553598,2023-232770312,2,False,4313,10/4/2023 10:49:00 AM,1049.0,L1,1368.0,4313.0,San Jose,43.0,True,True,D,BROADSIDE,,Wednesday,,,,,False,False,False,,D,MOTOR VEHICLE ON OTHER ROADWAY,,1.0,0.0,CLEAR,, NO UNUSUAL CONDITIONS - NO UNUSUAL CONDITIONS,, ,A,DAYLIGHT,37.192904,-121.524,,,,,A,NO PEDESTRIANS INVOLVED,,A,21453,,1.0,S 11TH ST,DL,,,A,,,KEYES ST,,,A,7/23/2024 9:55:40 AM,1/28/2025 2:25:55 PM,,,2,,,,,,,
2553597,2023-232800272,2,False,4313,10/7/2023 8:40:00 AM,840.0,Y3,1368.0,4313.0,San Jose,43.0,True,True,G,VEHICLE/PEDESTRAIN,,Saturday,,,,,False,False,False,,B,PEDESTRIAN,,1.0,0.0,CLEAR,, NO UNUSUAL CONDITIONS - NO UNUSUAL CONDITIONS,, ,A,DAYLIGHT,37.142782,-121.49237,,,,,E,IN ROAD - INCLUDES SHOULDER,,A,21804,,1.0,CALERO AV,DY,,,A,,,LEAN AV,,,A,7/23/2024 9:55:40 AM,1/28/2025 2:25:54 PM,,,2,,,,,,,
2553596,2023-232900611,2,False,4313,10/17/2023 4:06:00 PM,1606.0,2,1368.0,4313.0,San Jose,43.0,True,True,B,SIDE SWIPE,,Tuesday,,,,,False,False,True,,C,OTHER MOTOR VEHICLE,,1.0,0.0,CLEAR,, NO UNUSUAL CONDITIONS - NO UNUSUAL CONDITIONS,, ,A,DAYLIGHT,,,,,,,A,NO PEDESTRIANS INVOLVED,,A,21453C,,1.0,CAMDEN AV,ADAM,,,A,,,BRANHAM LN,,,A,7/23/2024 9:55:39 AM,1/28/2025 2:25:54 PM,,,2,,,,,,,
2553595,2023-232920222,2,False,4313,10/19/2023 9:00:00 AM,900.0,P4,1368.0,4313.0,San Jose,43.0,True,True,C,REAR END,,Thursday,,,,,False,False,False,,C,OTHER MOTOR VEHICLE,,2.0,0.0,CLEAR,, NO UNUSUAL CONDITIONS - NO UNUSUAL CONDITIONS,, ,A,DAYLIGHT,,,,,,,A,NO PEDESTRIANS INVOLVED,,A,22350,,1.0,NEIMAN BL,FOOTH,,,A,N,14.0,WENDOVER LN,F,,A,7/23/2024 9:55:39 AM,1/28/2025 2:25:55 PM,,,2,,,,,,,
2553594,2023-232920185,2,False,4313,10/19/2023 8:00:00 AM,800.0,P1,1368.0,4313.0,San Jose,43.0,True,True,B,SIDE SWIPE,,Thursday,,,,,False,True,False,,C,OTHER MOTOR VEHICLE,,2.0,0.0,CLEAR,, NO UNUSUAL CONDITIONS - NO UNUSUAL CONDITIONS,, ,A,DAYLIGHT,37.1989,-121.494992,,,,,A,NO PEDESTRIANS INVOLVED,,A,21453A,,1.0,TULLY RD,PAUL,,,A,,,RT 101,,,A,7/23/2024 9:55:39 AM,1/28/2025 2:25:54 PM,,,2,,,,,,,
2553593,2023-232910738,2,False,4313,10/18/2023 5:37:00 PM,1737.0,X1,1368.0,4313.0,San Jose,43.0,True,True,A,HEAD-ON,,Wednesday,,,,,False,False,True,,C,OTHER MOTOR VEHICLE,,1.0,0.0,CLEAR,, NO UNUSUAL CONDITIONS - NO UNUSUAL CONDITIONS,, ,A,DAYLIGHT,,,,,,,A,NO PEDESTRIANS INVOLVED,,A,21543,,1.0,SNELL AV,XRAY,,,A,,,BRANHAM LN,,,A,7/23/2024 9:55:39 AM,1/28/2025 2:25:54 PM,,,2,,,,,,,
2553592,2023-232780616,2,False,4313,10/5/2023 4:49:00 PM,1649.0,C4,1368.0,4313.0,San Jose,43.0,True,True,E,HIT OBJECT,,Thursday,,,,,False,False,True,,I,FIXED OBJECT,,1.0,0.0,CLEAR,, NO UNUSUAL CONDITIONS - NO UNUSUAL CONDITIONS,, ,A,DAYLIGHT,,,,,,,A,NO PEDESTRIANS INVOLVED,,A,22350,,1.0,CAPITOL EXPWY,FOOTH,,,A,S,45.0,TULLY RD,F,,D,7/23/2024 9:55:39 AM,1/28/2025 2:25:54 PM,,,2,,,,,,,
2553572,2023-232720543,2,False,4313,9/29/2023 3:23:00 PM,1523.0,F2,1368.0,4313.0,San Jose,43.0,True,True,A,HEAD-ON,,Friday,,,,,False,False,False,,C,OTHER MOTOR VEHICLE,,1.0,0.0,CLEAR,, NO UNUSUAL CONDITIONS - NO UNUSUAL CONDITIONS,, ,A,DAYLIGHT,,,,,,,A,NO PEDESTRIANS INVOLVED,,A,21453C,,1.0,STEVENS CREEK BL,DF,,,A,W,7.0,BAYWOOD AV,F,,A,7/23/2024 9:55:37 AM,1/28/2025 2:25:53 PM,,,2,,,,,,,
2553560,2023-232080828,2,False,4313,7/27/2023 7:18:00 PM,1918.0,A5,1368.0,4313.0,San Jose,43.0,True,True,B,SIDE SWIPE,,Thursday,,,,,False,False,False,,B,PEDESTRIAN,,1.0,0.0,CLEAR,, NO UNUSUAL CONDITIONS - NO UNUSUAL CONDITIONS,, ,B,DUSK-DAWN,,,,,,,D,CROSSING - NOT IN CROSSWALK,,A,21954,,1.0,CAMDEN AV,SOUTH,,,A,,,SKYFARM DR,,,D,7/23/2024 9:55:36 AM,1/28/2025 2:25:52 PM,,,2,,,,,,,
2553523,2023-232890648,2,False,4313,10/16/2023 4:04:00 PM,1604.0,X1,1368.0,4313.0,San Jose,43.0,True,True,C,REAR END,,Monday,,,,,False,False,True,,C,OTHER MOTOR VEHICLE,,2.0,0.0,CLEAR,, NO UNUSUAL CONDITIONS - NO UNUSUAL CONDITIONS,, ,A,DAYLIGHT,37.162822,-121.511688,,,,,A,NO PEDESTRIANS INVOLVED,,A,21703,,1.0,W CAPITOL EX,SOUTH,,,A,,,COPPERFIELD DR,,,A,7/23/2024 9:55:31 AM,1/28/2025 2:25:50 PM,,,2,,,,,,,
2553522,2023-232910147,2,False,4313,10/18/2023 6:39:00 AM,639.0,Y3,1368.0,4313.0,San Jose,43.0,True,True,C,REAR END,,Wednesday,,,,,False,False,True,,C,OTHER MOTOR VEHICLE,,2.0,0.0,CLEAR,, NO UNUSUAL CONDITIONS - NO UNUSUAL CONDITIONS,, ,A,DAYLIGHT,37.142172,-121.481396,,,,,A,NO PEDESTRIANS INVOLVED,,A,21703,,1.0,COTTLE RD,Y,,,A,,,PALMIA DR,,,A,7/23/2024 9:55:31 AM,1/28/2025 2:25:50 PM,,,2,,,,,,,
2553521,2023-232910206,2,False,4313,10/18/2023 8:20:00 AM,820.0,W2,1368.0,4313.0,San Jose,43.0,True,True,D,BROADSIDE,,Wednesday,,,,,False,False,False,,G,BICYCLE,,1.0,0.0,CLEAR,, NO UNUSUAL CONDITIONS - NO UNUSUAL CONDITIONS,, ,A,DAYLIGHT,37.233596,-121.503791,,,,,A,NO PEDESTRIANS INVOLVED,,A,22107,,1.0,PIEDMONT RD,FOOTH,,,A,,,FLEUR DE LIS CT,,,D,7/23/2024 9:55:31 AM,1/28/2025 2:25:50 PM,,,2,,,,,,,
2553520,2023-232920023,2,False,4313,10/19/2023 12:39:00 AM,39.0,N3,1368.0,4313.0,San Jose,43.0,True,True,A,HEAD-ON,,Thursday,,,,,False,False,True,,I,FIXED OBJECT,,1.0,0.0,CLEAR,, NO UNUSUAL CONDITIONS - NO UNUSUAL CONDITIONS,, ,C,DARK-STREET LIGHTS,,,,,,,A,NO PEDESTRIANS INVOLVED,,A,22107,,1.0,DOYLE RD,DN,,,A,,,DOYLE RD 5039,,,D,7/23/2024 9:55:31 AM,1/28/2025 2:25:50 PM,,,2,,,,,,,
2553464,2023-232830602,2,False,4313,10/10/2023 3:55:00 PM,1555.0,5,1368.0,4313.0,San Jose,43.0,True,True,D,BROADSIDE,,Tuesday,,,,,False,False,True,,C,OTHER MOTOR VEHICLE,,1.0,0.0,CLEAR,, NO UNUSUAL CONDITIONS - NO UNUSUAL CONDITIONS,, ,A,DAYLIGHT,37.23752,-121.522386,,,,,A,NO PEDESTRIANS INVOLVED,,A,22107,,1.0,SIERRA RD,ROBER,,,A,E,128.0,FLICKINGER AV,F,,D,7/23/2024 9:55:24 AM,1/28/2025 2:25:46 PM,,,2,,,,,,,
2553453,2023-232920120,2,False,4313,10/19/2023 5:43:00 AM,543.0,L5,1368.0,4313.0,San Jose,43.0,True,True,A,HEAD-ON,,Thursday,,,,,False,False,True,,D,MOTOR VEHICLE ON OTHER ROADWAY,,1.0,0.0,CLEAR,, NO UNUSUAL CONDITIONS - NO UNUSUAL CONDITIONS,, ,C,DARK-STREET LIGHTS,,,,,,,A,NO PEDESTRIANS INVOLVED,,A,22350,,1.0,CAPITOL EXPWY,WESTE,,,A,,,MONTEREY RD,,,A,7/23/2024 9:55:23 AM,1/28/2025 2:25:45 PM,,,2,,,,,,,
2553451,2023-232890630,2,False,4313,10/16/2023 3:45:00 PM,1545.0,S2,1368.0,4313.0,San Jose,43.0,True,True,G,VEHICLE/PEDESTRAIN,,Monday,,,,,False,False,False,,B,PEDESTRIAN,,1.0,0.0,CLEAR,, NO UNUSUAL CONDITIONS - NO UNUSUAL CONDITIONS,, ,A,DAYLIGHT,,,,,,,B,CROSSING IN CROSS WALK AT INTERSECTION,,A,21456,,1.0,SOUTHWEST EXPWY,DS,,,A,,,FRUITDALE AV,,,A,7/23/2024 9:55:23 AM,1/28/2025 2:25:45 PM,,,2,,,,,,,
2553450,2023-233010587,2,False,4313,10/28/2023 4:51:00 PM,1651.0,Y2,1368.0,4313.0,San Jose,43.0,True,True,A,HEAD-ON,,Saturday,,,,,False,False,True,,C,OTHER MOTOR VEHICLE,,4.0,0.0,CLEAR,, NO UNUSUAL CONDITIONS - NO UNUSUAL CONDITIONS,, ,A,DAYLIGHT,37.14321,-121.513712,,,,,A,NO PEDESTRIANS INVOLVED,,A,21453C,,1.0,SANTA TERESA BL,DISTR,,,A,,,COLEMAN AV,,,A,7/23/2024 9:55:23 AM,1/28/2025 2:25:45 PM,,,2,,,,,,,
2553449,2023-232940938,2,False,4313,10/21/2023 11:18:00 PM,2318.0,X1,1368.0,4313.0,San Jose,43.0,True,True,B,SIDE SWIPE,,Saturday,,,,,False,False,True,,C,OTHER MOTOR VEHICLE,,2.0,0.0,CLEAR,, NO UNUSUAL CONDITIONS - NO UNUSUAL CONDITIONS,, ,C,DARK-STREET LIGHTS,,,,,,,A,NO PEDESTRIANS INVOLVED,,A,22350,,1.0,W CAPITOL EX,SOUTH,,,A,,,SNELL AV,,,A,7/23/2024 9:55:23 AM,1/28/2025 2:25:45 PM,,,2,,,,,,,
2553448,2023-232980958,2,False,4313,10/25/2023 11:50:00 PM,2350.0,T1,1368.0,4313.0,San Jose,43.0,True,True,E,HIT OBJECT,,Wednesday,,,,,False,False,True,,I,FIXED OBJECT,,1.0,0.0,CLEAR,, NO UNUSUAL CONDITIONS - NO UNUSUAL CONDITIONS,, ,C,DARK-STREET LIGHTS,,,,,,,A,NO PEDESTRIANS INVOLVED,,A,22350,,1.0,CAMDEN AV,TOM,,,A,,,BRADFORD WY,,,A,7/23/2024 9:55:22 AM,1/28/2025 2:25:45 PM,,,2,,,,,,,
2553447,2023-232740743,2,False,4313,10/1/2023 8:20:00 PM,2020.0,S5,1368.0,4313.0,San Jose,43.0,True,True,B,SIDE SWIPE,,Sunday,,,,,False,False,False,,C,OTHER MOTOR VEHICLE,,2.0,0.0,CLEAR,, NO UNUSUAL CONDITIONS - NO UNUSUAL CONDITIONS,, ,C,DARK-STREET LIGHTS,37.185599,-121.525221,,,,,A,NO PEDESTRIANS INVOLVED,,A,22100,,1.0,VINE ST,SAM,,,A,,,W HUMBOLDT ST,,,D,7/23/2024 9:55:22 AM,1/28/2025 2:25:45 PM,,,2,,,,,,,
2553446,2023-232750126,2,False,4313,10/2/2023 6:09:00 AM,609.0,1,1368.0,4313.0,San Jose,43.0,True,True,B,SIDE SWIPE,,Monday,,,,,False,False,True,,C,OTHER MOTOR VEHICLE,,3.0,0.0,CLEAR,, NO UNUSUAL CONDITIONS - NO UNUSUAL CONDITIONS,, ,C,DARK-STREET LIGHTS,37.162843,-121.505958,,,,,A,NO PEDESTRIANS INVOLVED,,A,21453A,,,W CAPITOL EX,XRAY,,,A,,,VISTA PARK DR,,,A,7/23/2024 9:55:22 AM,1/28/2025 2:25:45 PM,,,2,,,,,,,
2553445,2023-232750174,2,False,4313,10/2/2023 8:01:00 AM,801.0,Y2,1368.0,4313.0,San Jose,43.0,True,True,D,BROADSIDE,,Monday,,,,,False,False,True,,C,OTHER MOTOR VEHICLE,,1.0,0.0,CLEAR,, NO UNUSUAL CONDITIONS - NO UNUSUAL CONDITIONS,, ,A,DAYLIGHT,,,,,,,A,NO PEDESTRIANS INVOLVED,,A,21453A,,1.0,SNELL AV,DY,,,A,,,BLOSSOM HILL RD,,,A,7/23/2024 9:55:22 AM,1/28/2025 2:25:45 PM,,,2,,,,,,,
2553444,2023-233020738,2,False,4313,10/29/2023 7:18:00 PM,1918.0,A4,1368.0,4313.0,San Jose,43.0,True,True,A,HEAD-ON,,Sunday,,,,,False,False,True,,C,OTHER MOTOR VEHICLE,,2.0,0.0,CLEAR,, NO UNUSUAL CONDITIONS - NO UNUSUAL CONDITIONS,, ,D,DARK-NO STREET LIGHTS,,,,,,,A,NO PEDESTRIANS INVOLVED,,A,22350A,,1.0,BLOSSOM HILL RD,SOUTH,,,A,,,ALMADEN EXPWY,,,A,7/23/2024 9:55:22 AM,1/28/2025 2:25:45 PM,,,2,,,,,,,
2553443,2023-232750653,2,False,4313,10/2/2023 5:49:00 PM,1749.0,1,1368.0,4313.0,San Jose,43.0,True,True,C,REAR END,,Monday,,,,,False,False,True,,C,OTHER MOTOR VEHICLE,,2.0,0.0,CLEAR,, NO UNUSUAL CONDITIONS - NO UNUSUAL CONDITIONS,, ,A,DAYLIGHT,37.235312,-121.54467,,,,,A,NO PEDESTRIANS INVOLVED,,A,22350,,1.0,MONTAGUE EXPWY,ROBER,,,A,E,26.0,OTOOLE AV,F,,D,7/23/2024 9:55:22 AM,1/28/2025 2:25:45 PM,,,2,,,,,,,
2553442,2023-232770145,2,False,4313,10/4/2023 6:30:00 AM,630.0,R1,1368.0,4313.0,San Jose,43.0,True,True,G,VEHICLE/PEDESTRAIN,,Wednesday,,,,,False,False,False,,B,PEDESTRIAN,,1.0,0.0,CLEAR,, NO UNUSUAL CONDITIONS - NO UNUSUAL CONDITIONS,, ,B,DUSK-DAWN,,,,,,,B,CROSSING IN CROSS WALK AT INTERSECTION,,A,21950,,1.0,CADENCE PL,CENTR,,,A,,,MONTAGUE EXPWY,,,A,7/23/2024 9:55:22 AM,1/28/2025 2:25:45 PM,,,2,,,,,,,
2553424,2023-232840319,2,False,4313,10/11/2023 11:15:00 AM,1115.0,Y1,1368.0,4313.0,San Jose,43.0,True,True,A,HEAD-ON,,Wednesday,,,,,False,False,False,,C,OTHER MOTOR VEHICLE,,1.0,0.0,CLEAR,, NO UNUSUAL CONDITIONS - NO UNUSUAL CONDITIONS,, ,A,DAYLIGHT,37.15215,-121.503339,,,,,A,NO PEDESTRIANS INVOLVED,,A,21453,,1.0,BLOSSOM HILL RD,,,,A,,,CHESBRO AV,,,A,7/23/2024 9:55:20 AM,1/28/2025 2:25:44 PM,,,2,,,,,,,
2553423,2023-232820167,2,False,4313,10/9/2023 7:21:00 AM,721.0,X5,1368.0,4313.0,San Jose,43.0,True,True,D,BROADSIDE,,Monday,,,,,False,True,True,,C,OTHER MOTOR VEHICLE,,0.0,0.0,CLOUDY,, ,, ,A,DAYLIGHT,,,,,,,A,NO PEDESTRIANS INVOLVED,,A,21453A,,1.0,BLOSSOM HILL RD,DX,,,A,,,RT 101 ,,,A,7/23/2024 9:55:20 AM,1/28/2025 2:25:44 PM,,,2,,,,,,,
2553422,2023-232840283,2,False,4313,10/11/2023 10:40:00 AM,1040.0,V2,1368.0,4313.0,San Jose,43.0,True,True,B,SIDE SWIPE,,Wednesday,,,,,False,False,True,,C,OTHER MOTOR VEHICLE,,2.0,0.0,CLEAR,, NO UNUSUAL CONDITIONS - NO UNUSUAL CONDITIONS,, ,A,DAYLIGHT,,,,,,,A,NO PEDESTRIANS INVOLVED,,A,21801A,,1.0,N 11TH ST ,DV,,,A,,,MISSION ST,,,A,7/23/2024 9:55:20 AM,1/28/2025 2:25:44 PM,,,2,,,,,,,
2553418,2023-232840511,2,False,4313,10/11/2023 3:15:00 PM,1515.0,S1,1368.0,4313.0,San Jose,43.0,True,True,B,SIDE SWIPE,,Wednesday,,,,,False,False,True,,C,OTHER MOTOR VEHICLE,,3.0,0.0,CLEAR,, NO UNUSUAL CONDITIONS - NO UNUSUAL CONDITIONS,, ,A,DAYLIGHT,,,,,,,A,NO PEDESTRIANS INVOLVED,,A,22107,,1.0,FRUITVALE AV,SAM,,,A,,,DEL MAR AV,,,A,7/23/2024 9:55:19 AM,1/28/2025 2:25:43 PM,,,2,,,,,,,
2553417,2023-232910623,2,False,4313,10/16/2023 3:00:00 PM,1500.0,W1,1368.0,4313.0,San Jose,43.0,True,True,G,VEHICLE/PEDESTRAIN,,Monday,,,F,,False,False,False,,B,PEDESTRIAN,,1.0,0.0,CLEAR,, NO UNUSUAL CONDITIONS - NO UNUSUAL CONDITIONS,, ,A,DAYLIGHT,,,,,,,B,CROSSING IN CROSS WALK AT INTERSECTION,,A,21950,,1.0,HOSTETTER RD,FOOTH,,,A,,,SUN LN,,,A,7/23/2024 9:55:19 AM,1/28/2025 2:25:43 PM,,,2,,,,,,,
2553416,2023-233010975,2,False,4313,10/28/2023 11:17:00 PM,2317.0,S1,1368.0,4313.0,San Jose,43.0,True,True,D,BROADSIDE,,Saturday,,,F,,False,False,True,,C,OTHER MOTOR VEHICLE,,1.0,0.0,CLEAR,, NO UNUSUAL CONDITIONS - NO UNUSUAL CONDITIONS,, ,C,DARK-STREET LIGHTS,,,,,,,A,NO PEDESTRIANS INVOLVED,,A,21453A,,1.0,LEIGH AV,WESTE,,,A,,,FRUITVALE AV,,,A,7/23/2024 9:55:19 AM,1/28/2025 2:25:43 PM,,,2,,,,,,,
2553415,2023-232850607,2,False,4313,10/12/2023 3:09:00 PM,1509.0,C2,1368.0,4313.0,San Jose,43.0,True,True,C,REAR END,,Thursday,,,,,False,False,False,,G,BICYCLE,,1.0,0.0,CLEAR,, NO UNUSUAL CONDITIONS - NO UNUSUAL CONDITIONS,, ,A,DAYLIGHT,,,,,,,A,NO PEDESTRIANS INVOLVED,,A,22107,,1.0,CHRISTOPHER ST,DISTR,,,A,,,S KING RD,,,A,7/23/2024 9:55:19 AM,1/28/2025 2:25:43 PM,,,2,,,,,,,
2553414,2023-232850904,2,False,4313,10/12/2023 8:04:00 PM,2004.0,C4,1368.0,4313.0,San Jose,43.0,True,True,C,REAR END,,Thursday,,,,,False,False,True,,C,OTHER MOTOR VEHICLE,,4.0,0.0,CLEAR,, NO UNUSUAL CONDITIONS - NO UNUSUAL CONDITIONS,, ,C,DARK-STREET LIGHTS,,,,,,,A,NO PEDESTRIANS INVOLVED,,A,22350,,1.0,STORY RD,DC,,,A,,,CAPITOL EXPWY,,,A,7/23/2024 9:55:19 AM,1/28/2025 2:25:43 PM,,,2,,,,,,,
2553413,2023-232840636,2,False,4313,10/11/2023 5:41:00 PM,1741.0,W4,1368.0,4313.0,San Jose,43.0,True,True,C,REAR END,,Wednesday,,,,,False,False,True,,C,OTHER MOTOR VEHICLE,,2.0,0.0,CLEAR,, NO UNUSUAL CONDITIONS - NO UNUSUAL CONDITIONS,, ,A,DAYLIGHT,,,,,,,A,NO PEDESTRIANS INVOLVED,,A,22350,,1.0,N WHITE RD,FOOTH,,,A,,,HYLAND AV,,,A,7/23/2024 9:55:19 AM,1/28/2025 2:25:43 PM,,,2,,,,,,,
2553412,2023-232870355,2,False,4313,10/14/2023 10:47:00 AM,1047.0,L3,1368.0,4313.0,San Jose,43.0,True,True,C,REAR END,,Saturday,,,,,False,False,True,,C,OTHER MOTOR VEHICLE,,1.0,0.0,CLEAR,, NO UNUSUAL CONDITIONS - NO UNUSUAL CONDITIONS,, ,A,DAYLIGHT,,,,,,,A,NO PEDESTRIANS INVOLVED,,A,22350,,1.0,TULLY RD ,LINCO,,,A,,,MCLAUGHLIN AV,,,A,7/23/2024 9:55:19 AM,1/28/2025 2:25:43 PM,,,2,,,,,,,
2553411,2023-232860194,2,False,4313,10/13/2023 8:30:00 AM,830.0,A4,1368.0,4313.0,San Jose,43.0,True,True,G,VEHICLE/PEDESTRAIN,,Friday,,,,,False,False,False,,B,PEDESTRIAN,,1.0,0.0,CLEAR,, NO UNUSUAL CONDITIONS - NO UNUSUAL CONDITIONS,, ,A,DAYLIGHT,,,,,,,D,CROSSING - NOT IN CROSSWALK,,A,22350,,1.0,CALLE ESPERANZA,SOUTH,,,A,,,REDMOND AV,,,D,7/23/2024 9:55:18 AM,1/28/2025 2:25:43 PM,,,2,,,,,,,
2553401,2023-233080849,2,False,4313,11/4/2023 10:19:00 PM,2219.0,L4,1368.0,4313.0,San Jose,43.0,True,True,D,BROADSIDE,,Saturday,,,F,,False,False,True,,C,OTHER MOTOR VEHICLE,,1.0,0.0,CLEAR,, NO UNUSUAL CONDITIONS - NO UNUSUAL CONDITIONS,, ,C,DARK-STREET LIGHTS,,,,,,,A,NO PEDESTRIANS INVOLVED,,A,22450A,,1.0,LITTLE ORCHARD ST,,,,A,,,BARNARD AV,,,D,7/23/2024 9:55:17 AM,1/28/2025 2:25:42 PM,,,2,,,,,,,
2553398,2023-233090092,2,False,4313,11/5/2023 1:20:00 AM,120.0,4,1368.0,4313.0,San Jose,43.0,True,True,G,VEHICLE/PEDESTRAIN,,Sunday,,,F,,False,False,False,,B,PEDESTRIAN,,1.0,0.0,CLEAR,, NO UNUSUAL CONDITIONS - NO UNUSUAL CONDITIONS,, ,A,DAYLIGHT,,,,,,,E,IN ROAD - INCLUDES SHOULDER,,A,21954A,,1.0,MONTEREY RD,,,,A,,,OLD TULLY RD,,,A,7/23/2024 9:55:17 AM,1/28/2025 2:25:42 PM,,,2,,,,,,,
2553391,2023-233060852,2,False,4313,11/2/2023 7:55:00 PM,1955.0,1,1368.0,4313.0,San Jose,43.0,True,True,C,REAR END,,Thursday,,,,,False,False,True,,C,OTHER MOTOR VEHICLE,,3.0,0.0,CLOUDY,, NO UNUSUAL CONDITIONS - NO UNUSUAL CONDITIONS,, ,C,DARK-STREET LIGHTS,,,,,,,A,NO PEDESTRIANS INVOLVED,,A,23153A,,1.0,TULLY RD,,,,A,,,EASTRIDGE LN,,,A,7/23/2024 9:55:16 AM,1/28/2025 2:25:42 PM,,,2,,,,,,,
2553390,2023-233070733,2,False,4313,11/3/2023 5:55:00 PM,1755.0,S4,1368.0,4313.0,San Jose,43.0,True,True,A,HEAD-ON,,Friday,,,F,,False,False,True,,C,OTHER MOTOR VEHICLE,,1.0,0.0,CLEAR,, NO UNUSUAL CONDITIONS - NO UNUSUAL CONDITIONS,, ,A,DAYLIGHT,,,,,,,A,NO PEDESTRIANS INVOLVED,,A,21801A,,1.0,MINNESOTA AV,SAM,,,A,,,CHERRY AV,,,D,7/23/2024 9:55:16 AM,1/28/2025 2:25:42 PM,,,2,,,,,,,
2553387,2023-233061011,2,False,4313,11/2/2023 11:50:00 PM,2350.0,1,1368.0,4313.0,San Jose,43.0,True,True,A,HEAD-ON,,Thursday,,,,,False,False,True,,I,FIXED OBJECT,,1.0,0.0,CLEAR,, NO UNUSUAL CONDITIONS - NO UNUSUAL CONDITIONS,, ,C,DARK-STREET LIGHTS,,,,,,,A,NO PEDESTRIANS INVOLVED,,A,22350,,1.0,CAMDEN AV,ADAM,,,A,S,234.0,CLOVIS AV,F,,D,7/23/2024 9:55:16 AM,1/28/2025 2:25:41 PM,,,2,,,,,,,
2553386,2023-233050857,2,False,4313,11/1/2023 7:36:00 PM,1936.0,5,1368.0,4313.0,San Jose,43.0,True,True,D,BROADSIDE,,Wednesday,,,F,,False,False,True,,C,OTHER MOTOR VEHICLE,,1.0,0.0,CLEAR,, NO UNUSUAL CONDITIONS - NO UNUSUAL CONDITIONS,, ,C,DARK-STREET LIGHTS,,,,,,,A,NO PEDESTRIANS INVOLVED,,A,21453A,,1.0,N KING RD,ROBER,,,A,,,MABURY RD,,,A,7/23/2024 9:55:16 AM,1/28/2025 2:25:41 PM,,,2,,,,,,,
2553385,2023-233190367,2,False,4313,11/14/2023 12:00:00 PM,1200.0,P6,1368.0,4313.0,San Jose,43.0,True,True,C,REAR END,,Tuesday,,,F,,False,False,False,,C,OTHER MOTOR VEHICLE,,1.0,0.0,CLEAR,, NO UNUSUAL CONDITIONS - NO UNUSUAL CONDITIONS,, ,A,DAYLIGHT,,,,,,,A,NO PEDESTRIANS INVOLVED,,A,22350,,1.0,SIERRA RD,PAUL,,,A,,,SIERRAVILLE AV,,,,7/23/2024 9:55:16 AM,1/28/2025 2:25:41 PM,,,2,,,,,,,
2553384,2023-233090087,2,False,4313,11/5/2023 1:19:00 AM,119.0,P3,1368.0,4313.0,San Jose,43.0,True,True,B,SIDE SWIPE,,Sunday,,,,,False,False,True,,E,PARKED MOTOR VEHICLE,,1.0,0.0,CLEAR,, NO UNUSUAL CONDITIONS - NO UNUSUAL CONDITIONS,, ,C,DARK-STREET LIGHTS,,,,,,,A,NO PEDESTRIANS INVOLVED,,A,22350,,1.0,AIDA AV,DP,,,A,,,ENESCO AV,,,D,7/23/2024 9:55:16 AM,1/28/2025 2:25:41 PM,,,2,,,,,,,
2553383,2023-233080645,2,False,4313,11/4/2023 6:39:00 PM,1839.0,4,1368.0,4313.0,San Jose,43.0,True,True,C,REAR END,,Saturday,,,F,,False,False,True,,C,OTHER MOTOR VEHICLE,,1.0,0.0,CLEAR,, NO UNUSUAL CONDITIONS - NO UNUSUAL CONDITIONS,, ,C,DARK-STREET LIGHTS,,,,,,,A,NO PEDESTRIANS INVOLVED,,A,22350A,,1.0,CHYNOWETH AV,,,,A,,,SNELL AV,,,A,7/23/2024 9:55:15 AM,1/28/2025 2:25:41 PM,,,2,,,,,,,
2553382,2023-233140630,2,False,4313,11/10/2023 5:49:00 PM,1749.0,X1,1368.0,4313.0,San Jose,43.0,True,True,D,BROADSIDE,,Friday,,,,,False,False,False,,C,OTHER MOTOR VEHICLE,,2.0,0.0,CLEAR,, NO UNUSUAL CONDITIONS - NO UNUSUAL CONDITIONS,, ,B,DUSK-DAWN,,,,,,,A,NO PEDESTRIANS INVOLVED,,A,21800B,,1.0,NARVAEZ AV,DX,,,A,N,100.0,CAPITAL EXPWY,F,,D,7/23/2024 9:55:15 AM,1/28/2025 2:25:41 PM,,,2,,,,,,,