Collision Id,	Report Number,	Report Version,	Is Preliminary,	NCIC Code,Crash Date Time,	Crash Time Description,	Beat,City Id,	City Code,	City Name,County Code,	City Is Active,	City Is Incorporated,	Collision Type Code,Collision Type Description,	Collision Type Other Desc,	Day Of Week,	DispatchNotified,	HasPhotographs,	HitRun,	IsAttachmentsMailed,	IsDeleted,	IsHighwayRelated,	IsTowAway,	JudicialDistrict,	MotorVehicleInvolvedWithCode,	MotorVehicleInvolvedWithDesc,MotorVehicleInvolvedWithOtherDesc,	NumberInjured,	NumberKilled,Weather 1, Weather 2, Road Condition 1, Road Condition 2, Special Condition,LightingCode, LightingDescription,Latitude,Longitude,MilepostDirection,MilepostDistance,MilepostMarker,MilepostUnitOfMeasure,	PedestrianActionCode,PedestrianActionDesc,PreparedDate,	Primary Collision Factor Code,Primary Collision Factor Violation,PrimaryCollisionFactorIsCited,	PrimaryCollisionPartyNumber,	PrimaryRoad,	ReportingDistrict,	ReportingDistrictCode,ReviewedDate,	RoadwaySurfaceCode,SecondaryDirection,	SecondaryDistance,	SecondaryRoad,	SecondaryUnitOfMeasure,	SketchDesc,	TrafficControlDeviceCode,CreatedDate,	ModifiedDate,IsCountyRoad,IsFreeway,CHP555Version,	IsAdditonalObjectStruck,NotificationDate,	NotificationTimeDescription,	HasDigitalMediaFiles,	EvidenceNumber,	IsLocationReferToNarrative,	IsAOIOneSameAsLocation
2553380,2023-233180441,2,False,4313,11/14/2023 1:19:00 PM,1319.0,Y5,1368.0,4313.0,San Jose,43.0,True,True,F,OVERTURNED,,Tuesday,,,,,False,False,True,,A,NON-COLLISION,,1.0,0.0,CLEAR,, NO UNUSUAL CONDITIONS - NO UNUSUAL CONDITIONS,, ,A,DAYLIGHT,,,,,,,A,NO PEDESTRIANS INVOLVED,,A,21703,,1.0,METCALF RD,,,,A,,,MALECH RD,,,D,7/23/2024 9:55:15 AM,1/28/2025 2:25:41 PM,,,2,,,,,,,
2553341,2023-232670194,2,False,4313,9/24/2023 5:50:00 AM,550.0,K4,1368.0,4313.0,San Jose,43.0,True,True,C,REAR END,,Sunday,,,,,False,False,False,,C,OTHER MOTOR VEHICLE,,1.0,0.0,CLEAR,, NO UNUSUAL CONDITIONS - NO UNUSUAL CONDITIONS,, ,A,DAYLIGHT,,,,,,,A,NO PEDESTRIANS INVOLVED,,A,22350,,1.0,E SANTA CLARA ST,KING,,,A,,,28TH ST,,,A,7/23/2024 9:55:10 AM,1/28/2025 2:25:38 PM,,,2,,,,,,,
2553340,2023-232600247,2,False,4313,9/17/2023 7:20:00 AM,720.0,K4,1368.0,4313.0,San Jose,43.0,True,True,D,BROADSIDE,,Sunday,,,F,,False,False,True,,C,OTHER MOTOR VEHICLE,,1.0,0.0,CLEAR,, NO UNUSUAL CONDITIONS - NO UNUSUAL CONDITIONS,, ,A,DAYLIGHT,,,,,,,A,NO PEDESTRIANS INVOLVED,,A,21453A,,1.0,S 24TH ST,CENTR,,,A,,,E SAN ANTONIO ST,,,A,7/23/2024 9:55:09 AM,1/28/2025 2:25:38 PM,,,2,,,,,,,
2553269,2023-231680827,2,False,4313,6/18/2023 9:23:00 PM,2123.0,1,1368.0,4313.0,San Jose,43.0,True,True,B,SIDE SWIPE,,Sunday,,,F,,False,False,False,,C,OTHER MOTOR VEHICLE,,1.0,0.0,CLEAR,, NO UNUSUAL CONDITIONS - NO UNUSUAL CONDITIONS,, ,C,DARK-STREET LIGHTS,,,,,,,A,NO PEDESTRIANS INVOLVED,,A,22107,,1.0,CAMDEN AV,TOM,,,A,,,S BASCOM AV,,,A,7/23/2024 9:55:00 AM,1/28/2025 2:25:34 PM,,,2,,,,,,,
2553226,2023-232780788,2,False,4313,10/5/2023 7:00:00 PM,1900.0,A4,1368.0,4313.0,San Jose,43.0,True,True,C,REAR END,,Thursday,,,,,False,False,True,,C,OTHER MOTOR VEHICLE,,1.0,0.0,CLOUDY,, NO UNUSUAL CONDITIONS - NO UNUSUAL CONDITIONS,, ,C,DARK-STREET LIGHTS,,,,,,,A,NO PEDESTRIANS INVOLVED,,A,21804A,,1.0,ALMADEN EXPWY,SOUTH,,,A,,,REDMOND AV,,,D,7/23/2024 9:54:56 AM,1/28/2025 2:25:31 PM,,,2,,,,,,,
2553060,23-1064,2,False,4317,9/11/2023 12:00:00 AM,0.0,,1809.0,4317.0,San Jose State Univ,43.0,True,True,B,SIDE SWIPE,,Monday,,,,,False,False,False,,E,PARKED MOTOR VEHICLE,,0.0,0.0,CLEAR,, NO UNUSUAL CONDITIONS - NO UNUSUAL CONDITIONS,, ,A,DAYLIGHT,37.33349,-121.88025,,,,,A,NO PEDESTRIANS INVOLVED,,A,22107,,2.0,S 7TH ST,,,,A,,,E SAN SALVADOR ST,,,D,7/23/2024 9:54:40 AM,1/28/2025 2:25:21 PM,,,2,,,,,,,
2552366,2023-232730061,2,False,4313,9/30/2023 1:10:00 AM,110.0,A1,1368.0,4313.0,San Jose,43.0,True,True,A,HEAD-ON,,Saturday,,,,,False,False,True,,I,FIXED OBJECT,,2.0,0.0,RAINING,, NO UNUSUAL CONDITIONS - NO UNUSUAL CONDITIONS,, ,C,DARK-STREET LIGHTS,,,,,,,A,NO PEDESTRIANS INVOLVED,,A,22350,,1.0,CAMDEN AV,SOUTH,,,B,S,34.0,CAMDEN AV 5009,F,,A,7/23/2024 9:53:33 AM,1/28/2025 2:24:38 PM,,,2,,,,,,,
2552365,2023-232590978,2,False,4313,9/16/2023 11:35:00 PM,2335.0,E1,1368.0,4313.0,San Jose,43.0,True,True,D,BROADSIDE,,Saturday,,,F,,False,False,False,,C,OTHER MOTOR VEHICLE,,1.0,0.0,CLEAR,, NO UNUSUAL CONDITIONS - NO UNUSUAL CONDITIONS,, ,C,DARK-STREET LIGHTS,,,,,,,A,NO PEDESTRIANS INVOLVED,,A,21801A,,1.0,W SAN CARLOS ST,EDWAR,,,A,,,JOSEFA ST,,,A,7/23/2024 9:53:33 AM,1/28/2025 2:24:38 PM,,,2,,,,,,,
2552364,2023-232600561,2,False,4313,9/17/2023 4:20:00 PM,1620.0,C1,1368.0,4313.0,San Jose,43.0,True,True,G,VEHICLE/PEDESTRAIN,,Sunday,,,F,,False,False,False,,B,PEDESTRIAN,,1.0,0.0,CLEAR,, NO UNUSUAL CONDITIONS - NO UNUSUAL CONDITIONS,, ,A,DAYLIGHT,,,,,,,B,CROSSING IN CROSS WALK AT INTERSECTION,,A,22350,,1.0,STORY RD,CHARL,,,A,,,KING RD,,,A,7/23/2024 9:53:33 AM,1/28/2025 2:24:38 PM,,,2,,,,,,,
2552363,2023-232460676,2,False,4313,9/3/2023 6:28:00 PM,1828.0,E1,1368.0,4313.0,San Jose,43.0,True,True,D,BROADSIDE,,Sunday,,,F,,False,False,False,,C,OTHER MOTOR VEHICLE,,2.0,0.0,CLEAR,, NO UNUSUAL CONDITIONS - NO UNUSUAL CONDITIONS,, ,B,DUSK-DAWN,,,,,,,A,NO PEDESTRIANS INVOLVED,,A,21453A,,1.0,W REED ST,DE,,,A,,,ALMADEN BL,,,A,7/23/2024 9:53:33 AM,1/28/2025 2:24:38 PM,,,2,,,,,,,
2552362,2023-232580757,3,False,4313,9/15/2023 6:42:00 PM,1842.0,X5,1368.0,4313.0,San Jose,43.0,True,True,C,REAR END,,Friday,,,F,,False,False,False,,C,OTHER MOTOR VEHICLE,,1.0,0.0,CLEAR,, NO UNUSUAL CONDITIONS - NO UNUSUAL CONDITIONS,, ,A,DAYLIGHT,,,,,,,A,NO PEDESTRIANS INVOLVED,,A,22350,,1.0,MONTEREY RD,XRAY,,,A,,,BLOSSOM HILL RD,,,A,7/23/2024 9:53:33 AM,7/18/2025 10:09:02 AM,,,2,,,,,,,
2552361,2023-232530795,2,False,4313,9/10/2023 7:44:00 PM,1944.0,5,1368.0,4313.0,San Jose,43.0,True,True,B,SIDE SWIPE,,Sunday,,,,,False,False,True,,C,OTHER MOTOR VEHICLE,,2.0,0.0,CLEAR,, NO UNUSUAL CONDITIONS - NO UNUSUAL CONDITIONS,, ,C,DARK-STREET LIGHTS,,,,,,,A,NO PEDESTRIANS INVOLVED,,A,21453A,,1.0,LYNDALE AV,MARY,,,A,,,STORY RD,,,A,7/23/2024 9:53:32 AM,1/28/2025 2:24:38 PM,,,2,,,,,,,
2552360,2023-232460698,2,False,4313,9/3/2023 7:10:00 PM,1910.0,L6,1368.0,4313.0,San Jose,43.0,True,True,G,VEHICLE/PEDESTRAIN,,Sunday,,,F,,False,False,False,,B,PEDESTRIAN,,2.0,0.0,CLEAR,, NO UNUSUAL CONDITIONS - NO UNUSUAL CONDITIONS,, ,A,DAYLIGHT,,,,,,,E,IN ROAD - INCLUDES SHOULDER,,A,20001A,,1.0,SHERLOCK DR,WESTE,,,A,,,WOODMINSTER DR,,,D,7/23/2024 9:53:32 AM,1/28/2025 2:24:38 PM,,,2,,,,,,,
2552302,2023-232270231,2,False,4313,8/15/2023 8:20:00 AM,820.0,M4,1368.0,4313.0,San Jose,43.0,True,True,C,REAR END,,Tuesday,,,,,False,False,False,,C,OTHER MOTOR VEHICLE,,2.0,0.0,CLEAR,, ,, ,A,DAYLIGHT,37.21951,-121.504862,,,,,A,NO PEDESTRIANS INVOLVED,,A,22350,,1.0,E SAN ANTONIO ST,FOOTH,,,A,E,300.0,S SUNSET AV,F,,D,7/23/2024 9:53:26 AM,1/28/2025 2:24:34 PM,,,2,,,,,,,
2552301,2023-232270323,2,False,4313,8/15/2023 10:46:00 AM,1046.0,L5,1368.0,4313.0,San Jose,43.0,True,True,D,BROADSIDE,,Tuesday,,,,,False,False,False,,C,OTHER MOTOR VEHICLE,,1.0,0.0,CLEAR,, ,, ,A,DAYLIGHT,,,,,,,A,NO PEDESTRIANS INVOLVED,,A,21804,,1.0,OLDHAM WY,WESTE,,,A,W,79.0,LONE BLUFF WY,F,,D,7/23/2024 9:53:26 AM,1/28/2025 2:24:34 PM,,,2,,,,,,,
2552300,2023-232250638,2,False,4313,8/13/2023 5:30:00 PM,1730.0,F2,1368.0,4313.0,San Jose,43.0,True,True,D,BROADSIDE,,Sunday,,,,,False,False,True,,E,PARKED MOTOR VEHICLE,,1.0,0.0,CLEAR,, NO UNUSUAL CONDITIONS - NO UNUSUAL CONDITIONS,, ,A,DAYLIGHT,37.194881,-121.563743,,,,,A,NO PEDESTRIANS INVOLVED,,A,22350,,1.0,W HEDDING ST,DF,,,A,,,N MONROE ST,,,A,7/23/2024 9:53:26 AM,1/28/2025 2:24:34 PM,,,2,,,,,,,
2552298,2023-232270656,2,False,4313,8/15/2023 4:17:00 PM,1617.0,N5,1368.0,4313.0,San Jose,43.0,True,True,A,HEAD-ON,,Tuesday,,,,,False,False,False,,C,OTHER MOTOR VEHICLE,,5.0,0.0,CLEAR,, NO UNUSUAL CONDITIONS - NO UNUSUAL CONDITIONS,, ,A,DAYLIGHT,,,,,,,A,NO PEDESTRIANS INVOLVED,,A,22350,,1.0,S WINCHESTER BL,DN,,,A,,,IMPALA DR,,,D,7/23/2024 9:53:26 AM,1/28/2025 2:24:34 PM,,,2,,,,,,,
2552297,2023-232430192,2,False,4313,8/31/2023 7:52:00 AM,752.0,P5,1368.0,4313.0,San Jose,43.0,True,True,D,BROADSIDE,,Thursday,,,,,False,False,True,,C,OTHER MOTOR VEHICLE,,2.0,0.0,CLEAR,, NO UNUSUAL CONDITIONS - NO UNUSUAL CONDITIONS,, ,A,DAYLIGHT,,,,,,,A,NO PEDESTRIANS INVOLVED,,A,21453A,,1.0,ABORN RD,FOOTH,,,A,W,15.0,ALTAMARA AV,F,,A,7/23/2024 9:53:26 AM,1/28/2025 2:24:34 PM,,,2,,,,,,,
2552296,2023-232280809,2,False,4313,8/16/2023 11:15:00 PM,2315.0,P2,1368.0,4313.0,San Jose,43.0,True,True,D,BROADSIDE,,Wednesday,,,F,,False,False,False,,C,OTHER MOTOR VEHICLE,,2.0,0.0,CLEAR,, NO UNUSUAL CONDITIONS - NO UNUSUAL CONDITIONS,, ,C,DARK-STREET LIGHTS,,,,,,,A,NO PEDESTRIANS INVOLVED,,A,21450,,1.0,TULLY RD,PAUL,,,A,,,RUBY AV,,,D,7/23/2024 9:53:26 AM,1/28/2025 2:24:33 PM,,,2,,,,,,,
2552295,2023-232280248,2,False,4313,8/16/2023 9:46:00 AM,946.0,5,1368.0,4313.0,San Jose,43.0,True,True,A,HEAD-ON,,Wednesday,,,,,False,False,True,,C,OTHER MOTOR VEHICLE,,1.0,0.0,CLEAR,, NO UNUSUAL CONDITIONS - NO UNUSUAL CONDITIONS,, ,A,DAYLIGHT,,,,,,,A,NO PEDESTRIANS INVOLVED,,A,221801,,1.0,LINCOLN AV,FRANK,,,A,S,49.0,AUZERAIS AV,F,,A,7/23/2024 9:53:25 AM,1/28/2025 2:24:34 PM,,,2,,,,,,,
2552294,2023-232280629,2,False,4313,8/16/2023 6:47:00 PM,1847.0,L4,1368.0,4313.0,San Jose,43.0,True,True,B,SIDE SWIPE,,Wednesday,,,,,False,False,True,,E,PARKED MOTOR VEHICLE,,1.0,0.0,CLEAR,, NO UNUSUAL CONDITIONS - NO UNUSUAL CONDITIONS,, ,A,DAYLIGHT,,,,,,,A,NO PEDESTRIANS INVOLVED,,A,22350A,,1.0,LEWIS RD ,LINCO,,,A,,,HUNKEN DR,,,D,7/23/2024 9:53:25 AM,1/28/2025 2:24:33 PM,,,2,,,,,,,
2552293,2023-232290158,2,False,4313,8/17/2023 7:25:00 AM,725.0,N6,1368.0,4313.0,San Jose,43.0,True,True,B,SIDE SWIPE,,Thursday,,,,,False,False,False,,C,OTHER MOTOR VEHICLE,,1.0,0.0,CLEAR,, NO UNUSUAL CONDITIONS - NO UNUSUAL CONDITIONS,, ,A,DAYLIGHT,,,,,,,A,NO PEDESTRIANS INVOLVED,,A,22350,,1.0,LAWRENCE EXPWY,NORA,,,A,,,SARATOGA AV,,,A,7/23/2024 9:53:25 AM,1/28/2025 2:24:33 PM,,,2,,,,,,,
2552292,2023-232261041,3,False,4313,8/14/2023 11:50:00 PM,2350.0,P4,1368.0,4313.0,San Jose,43.0,True,True,C,REAR END,,Monday,,,,,False,False,False,,G,BICYCLE,,1.0,0.0,CLEAR,, NO UNUSUAL CONDITIONS - NO UNUSUAL CONDITIONS,, ,C,DARK-STREET LIGHTS,,,,,,,A,NO PEDESTRIANS INVOLVED,,A,22350,,1.0,NIEMAN BL,DP,,,A,,,ABORN RD,,,D,7/23/2024 9:53:25 AM,7/18/2025 10:09:01 AM,,,2,,,,,,,
2552291,2023-232290696,2,False,4313,8/17/2023 6:17:00 PM,1817.0,R3,1368.0,4313.0,San Jose,43.0,True,True,C,REAR END,,Thursday,,,F,,False,False,False,,C,OTHER MOTOR VEHICLE,,1.0,0.0,CLEAR,, NO UNUSUAL CONDITIONS - NO UNUSUAL CONDITIONS,, ,A,DAYLIGHT,,,,,,,A,NO PEDESTRIANS INVOLVED,,A,22350,,1.0,N 1ST ST,CENTR,,,A,,,SONOMA AV,,,A,7/23/2024 9:53:25 AM,1/28/2025 2:24:33 PM,,,2,,,,,,,
2552290,2023-232300450,2,False,4313,8/18/2023 1:00:00 PM,1300.0,F5,1368.0,4313.0,San Jose,43.0,True,True,D,BROADSIDE,,Friday,,,,,False,False,False,,C,OTHER MOTOR VEHICLE,,1.0,0.0,CLEAR,, NO UNUSUAL CONDITIONS - NO UNUSUAL CONDITIONS,, ,A,DAYLIGHT,37.19218,-121.552581,,,,,A,NO PEDESTRIANS INVOLVED,,D,,,,LEIGH AV,FRANK,,,A,,,PARKMOOR AV,,,D,7/23/2024 9:53:25 AM,1/28/2025 2:24:33 PM,,,2,,,,,,,
2552289,2023-232360424,2,False,4313,8/24/2023 1:45:00 PM,1345.0,X2,1368.0,4313.0,San Jose,43.0,True,True,C,REAR END,,Thursday,,,,,False,False,False,,C,OTHER MOTOR VEHICLE,,1.0,0.0,CLEAR,, NO UNUSUAL CONDITIONS - NO UNUSUAL CONDITIONS,, ,A,DAYLIGHT,37.17397,-121.492997,,,,,A,NO PEDESTRIANS INVOLVED,,A,22350,,1.0,SENTER RD,XRAY,,,A,,,SEBASIAN WY,,,A,7/23/2024 9:53:25 AM,1/28/2025 2:24:33 PM,,,2,,,,,,,
2552288,2023-232230636,2,False,4313,8/11/2023 4:45:00 PM,1645.0,4,1368.0,4313.0,San Jose,43.0,True,True,D,BROADSIDE,,Friday,,,,,False,False,False,,C,OTHER MOTOR VEHICLE,,3.0,0.0,CLEAR,, NO UNUSUAL CONDITIONS - NO UNUSUAL CONDITIONS,, ,A,DAYLIGHT,37.22432,-121.531234,,,,,A,NO PEDESTRIANS INVOLVED,,A,22107,,1.0,COMMERCIAL ST,ROBER,,,A,,,COMMERCIAL CT,,,D,7/23/2024 9:53:25 AM,1/28/2025 2:24:33 PM,,,2,,,,,,,
2552287,2023-232320707,2,False,4313,8/20/2023 5:14:00 PM,1714.0,2,1368.0,4313.0,San Jose,43.0,True,True,D,BROADSIDE,,Sunday,,,,,False,False,True,,C,OTHER MOTOR VEHICLE,,1.0,0.0,CLEAR,, NO UNUSUAL CONDITIONS - NO UNUSUAL CONDITIONS,, ,A,DAYLIGHT,,,,,,,A,NO PEDESTRIANS INVOLVED,,A,22450,,1.0,COMMERCIAL ST,VICTO,,,A,,,N 7TH ST,,,D,7/23/2024 9:53:24 AM,1/28/2025 2:24:33 PM,,,2,,,,,,,
2552286,2023-232250324,2,False,4313,8/13/2023 10:28:00 AM,1028.0,N6,1368.0,4313.0,San Jose,43.0,True,True,D,BROADSIDE,,Sunday,,,,,False,False,True,,E,PARKED MOTOR VEHICLE,,1.0,0.0,CLEAR,, NO UNUSUAL CONDITIONS - NO UNUSUAL CONDITIONS,, ,A,DAYLIGHT,37.162389,-121.591639,,,,,A,NO PEDESTRIANS INVOLVED,,A,23123A,,1.0,KINGSTON WY,WESTE,,,A,,,FOREST HILL DR,,,D,7/23/2024 9:53:24 AM,1/28/2025 2:24:33 PM,,,2,,,,,,,
2552285,2023-232250428,2,False,4313,8/13/2023 1:19:00 PM,1319.0,1,1368.0,4313.0,San Jose,43.0,True,True,D,BROADSIDE,,Sunday,,,,,False,False,True,,C,OTHER MOTOR VEHICLE,,1.0,0.0,CLEAR,, NO UNUSUAL CONDITIONS - NO UNUSUAL CONDITIONS,, ,A,DAYLIGHT,,,,,,,A,NO PEDESTRIANS INVOLVED,,A,21801,,1.0,KEYES ST,LINCO,,,,,,S 8TH ST,,,D,7/23/2024 9:53:24 AM,1/28/2025 2:24:33 PM,,,2,,,,,,,
2552284,2023-232240706,2,False,4313,8/12/2023 7:11:00 PM,1911.0,3,1368.0,4313.0,San Jose,43.0,True,True,C,REAR END,,Saturday,,,,,False,False,False,,C,OTHER MOTOR VEHICLE,,1.0,0.0,CLEAR,, NO UNUSUAL CONDITIONS - NO UNUSUAL CONDITIONS,, ,A,DAYLIGHT,37.185718,-121.583356,,,,,A,NO PEDESTRIANS INVOLVED,,A,21703,,1.0,SARATOGA AV,NORA,,,A,,,MOORPARK AV,,,A,7/23/2024 9:53:24 AM,1/28/2025 2:24:33 PM,,,2,,,,,,,
2552283,2023-232240823,2,False,4313,8/12/2023 9:16:00 PM,2116.0,P2,1368.0,4313.0,San Jose,43.0,True,True,G,VEHICLE/PEDESTRAIN,,Saturday,,,,,False,False,False,,G,BICYCLE,,1.0,0.0,CLEAR,, NO UNUSUAL CONDITIONS - NO UNUSUAL CONDITIONS,, ,C,DARK-STREET LIGHTS,,,,,,,A,NO PEDESTRIANS INVOLVED,,A,21202,,1.0,TULLY RD,PAUL,,,A,,,S WHITE RD ,,,A,7/23/2024 9:53:24 AM,1/28/2025 2:24:33 PM,,,2,,,,,,,
2552282,2023-232770832,2,False,4313,10/1/2023 8:39:00 PM,2039.0,Y5,1368.0,4313.0,San Jose,43.0,True,True,G,VEHICLE/PEDESTRAIN,,Sunday,,,,,False,False,False,,B,PEDESTRIAN,,1.0,0.0,CLEAR,, NO UNUSUAL CONDITIONS - NO UNUSUAL CONDITIONS,, ,C,DARK-STREET LIGHTS,,,,,,,B,CROSSING IN CROSS WALK AT INTERSECTION,,A,21456B,,1.0,BERNAL RD,SOUTH,,,A,,,VIA DEL ORO,,,A,7/23/2024 9:53:24 AM,1/28/2025 2:24:33 PM,,,2,,,,,,,
2552281,2023-232740178,2,False,4313,10/1/2023 5:20:00 AM,520.0,R3,1368.0,4313.0,San Jose,43.0,True,True,A,HEAD-ON,,Sunday,,,,,False,False,False,,B,PEDESTRIAN,,1.0,0.0,CLEAR,, NO UNUSUAL CONDITIONS - NO UNUSUAL CONDITIONS,, ,C,DARK-STREET LIGHTS,,,,,,,B,CROSSING IN CROSS WALK AT INTERSECTION,,A,21453,,1.0,E BROKAW   ,ROBER,,,A,,,N 1ST ST,,,A,7/23/2024 9:53:24 AM,1/28/2025 2:24:32 PM,,,2,,,,,,,
2552266,2023-232270666,2,False,4313,8/15/2023 4:25:00 PM,1625.0,2,1368.0,4313.0,San Jose,43.0,True,True,D,BROADSIDE,,Tuesday,,,,,False,False,True,,C,OTHER MOTOR VEHICLE,,3.0,0.0,CLEAR,, NO UNUSUAL CONDITIONS - NO UNUSUAL CONDITIONS,, ,A,DAYLIGHT,,,,,,,A,NO PEDESTRIANS INVOLVED,,A,21453A,,1.0,HOTSTETTER,ROBER,,,A,,,LUNDY,,,A,7/23/2024 9:53:22 AM,1/28/2025 2:24:32 PM,,,2,,,,,,,
2552265,2023-232260737,2,False,4313,8/14/2023 5:42:00 PM,1742.0,1,1368.0,4313.0,San Jose,43.0,True,True,C,REAR END,,Monday,,,,,False,False,True,,C,OTHER MOTOR VEHICLE,,1.0,0.0,CLEAR,, NO UNUSUAL CONDITIONS - NO UNUSUAL CONDITIONS,, ,A,DAYLIGHT,37.235312,-121.54467,,,,,A,NO PEDESTRIANS INVOLVED,,A,22350,,1.0,MONTAGUE EXPWY,ROBER,,,A,E,35.0,OTOOLE,F,,D,7/23/2024 9:53:22 AM,1/28/2025 2:24:32 PM,,,2,,,,,,,
2552264,2023-232300652,2,False,4313,8/18/2023 4:55:00 PM,1655.0,DW,1368.0,4313.0,San Jose,43.0,True,True,D,BROADSIDE,,Friday,,,,,False,False,False,,C,OTHER MOTOR VEHICLE,,1.0,0.0,CLEAR,, NO UNUSUAL CONDITIONS - NO UNUSUAL CONDITIONS,, ,A,DAYLIGHT,,,,,,,A,NO PEDESTRIANS INVOLVED,,A,21658A,,1.0,PIEDMONT RD,DW,,,A,,,PIEDMONT RD 1315,,,A,7/23/2024 9:53:22 AM,1/28/2025 2:24:31 PM,,,2,,,,,,,
2552263,2023-232290588,2,False,4313,8/17/2023 4:21:00 PM,1621.0,F5,1368.0,4313.0,San Jose,43.0,True,True,D,BROADSIDE,,Thursday,,,,,False,False,False,,C,OTHER MOTOR VEHICLE,,1.0,0.0,CLEAR,, NO UNUSUAL CONDITIONS - NO UNUSUAL CONDITIONS,, ,A,DAYLIGHT,37.192408,-121.552991,,,,,A,NO PEDESTRIANS INVOLVED,,A,22107,,1.0,W SAN CARLOS ST,FRANK,,,A,,,CLIFTON AV,,,D,7/23/2024 9:53:22 AM,1/28/2025 2:24:31 PM,,,2,,,,,,,
2552262,2023-232340335,2,False,4313,8/22/2023 10:58:00 AM,1058.0,5,1368.0,4313.0,San Jose,43.0,True,True,D,BROADSIDE,,Tuesday,,,,,False,False,True,,,,,1.0,0.0,CLEAR,, ,, ,A,DAYLIGHT,,,,,,,,,,A,21453A,,1.0,CAPITOL EXPWY,MARY,,,A,,,CAPITOL AV,,,A,7/23/2024 9:53:22 AM,1/28/2025 2:24:31 PM,,,2,,,,,,,
2552261,2023-232300240,2,False,4313,8/18/2023 8:37:00 AM,837.0,N3,1368.0,4313.0,San Jose,43.0,True,True,D,BROADSIDE,,Friday,,,,,False,False,True,,C,OTHER MOTOR VEHICLE,,2.0,0.0,CLEAR,, NO UNUSUAL CONDITIONS - NO UNUSUAL CONDITIONS,, ,A,DAYLIGHT,37.185714,-121.591235,,,,,A,NO PEDESTRIANS INVOLVED,,A,21801,,1.0,MOORPARK AV,NORA,,,A,,,PERIWINKLE LN,,,D,7/23/2024 9:53:21 AM,1/28/2025 2:24:31 PM,,,2,,,,,,,
2552260,2023-232430189,2,False,4313,8/30/2023 8:25:00 AM,825.0,3,1368.0,4313.0,San Jose,43.0,True,True,G,VEHICLE/PEDESTRAIN,,Wednesday,,,F,,False,False,False,,B,PEDESTRIAN,,1.0,0.0,CLEAR,, ,, ,A,DAYLIGHT,,,,,,,E,IN ROAD - INCLUDES SHOULDER,,A,21703,,1.0,DANA AV,FRANK,,,A,,,CALAVERAS AV,,,,7/23/2024 9:53:21 AM,1/28/2025 2:24:31 PM,,,2,,,,,,,
2552259,2023-232401008,2,False,4313,8/28/2023 10:56:00 PM,2256.0,C5,1368.0,4313.0,San Jose,43.0,True,True,G,VEHICLE/PEDESTRAIN,,Monday,,,,,False,False,False,,B,PEDESTRIAN,,2.0,0.0,CLEAR,, NO UNUSUAL CONDITIONS - NO UNUSUAL CONDITIONS,, ,C,DARK-STREET LIGHTS,37.21935,-121.485748,,,,,D,CROSSING - NOT IN CROSSWALK,,A,21954,,1.0,S WHITE RD,FOOTH,,,A,,,WARRINGTON AV,,,,7/23/2024 9:53:21 AM,1/28/2025 2:24:31 PM,,,2,,,,,,,
2552258,2023-232270309,2,False,4313,8/15/2023 10:20:00 AM,1020.0,T5,1368.0,4313.0,San Jose,43.0,True,True,D,BROADSIDE,,Tuesday,,,,,False,True,True,,C,OTHER MOTOR VEHICLE,,1.0,0.0,CLEAR,, NO UNUSUAL CONDITIONS - NO UNUSUAL CONDITIONS,, ,A,DAYLIGHT,37.162869,-121.514937,,,,,A,NO PEDESTRIANS INVOLVED,,D,,,,CAPITOL EXPWY AUTO MALL,TOM,,,A,,,RT 87,,,A,7/23/2024 9:53:21 AM,1/28/2025 2:24:31 PM,,,2,,,,,,,
2552257,2023-232260813,2,False,4313,8/14/2023 7:01:00 PM,1901.0,V2,1368.0,4313.0,San Jose,43.0,True,True,B,SIDE SWIPE,,Monday,,,,,False,False,False,,G,BICYCLE,,1.0,0.0,CLEAR,, NO UNUSUAL CONDITIONS - NO UNUSUAL CONDITIONS,, ,A,DAYLIGHT,,,,,,,A,NO PEDESTRIANS INVOLVED,,A,21209,,1.0,N 13TH ST,VICTO,,,A,,,VESTAL ST,,,D,7/23/2024 9:53:21 AM,1/28/2025 2:24:31 PM,,,2,,,,,,,
2552256,2023-232420884,2,False,4313,8/30/2023 7:30:00 PM,1930.0,V1,1368.0,4313.0,San Jose,43.0,True,True,C,REAR END,,Wednesday,,,,,False,False,False,,C,OTHER MOTOR VEHICLE,,2.0,0.0,CLEAR,, NO UNUSUAL CONDITIONS - NO UNUSUAL CONDITIONS,, ,C,DARK-STREET LIGHTS,,,,,,,A,NO PEDESTRIANS INVOLVED,,A,22106,,1.0,UNIVERSITY AV,DV,,,A,,,CHESTNUT ST,,,A,7/23/2024 9:53:21 AM,1/28/2025 2:24:31 PM,,,2,,,,,,,
2552255,2023-232260068,2,False,4313,8/14/2023 1:52:00 AM,152.0,R3,1368.0,4313.0,San Jose,43.0,True,True,A,HEAD-ON,,Monday,,,,,False,False,True,,I,FIXED OBJECT,,1.0,0.0,CLEAR,, NO UNUSUAL CONDITIONS - NO UNUSUAL CONDITIONS,, ,C,DARK-STREET LIGHTS,,,,,,,A,NO PEDESTRIANS INVOLVED,,A,22107,,1.0,BROKAW RD,ROBER,,,A,,,JUNCTION AV,,,D,7/23/2024 9:53:21 AM,1/28/2025 2:24:31 PM,,,2,,,,,,,
2552244,2023-232240397,2,False,4313,8/12/2023 12:48:00 PM,1248.0,M5,1368.0,4313.0,San Jose,43.0,True,True,,,,Saturday,,,,,False,False,True,,C,OTHER MOTOR VEHICLE,,3.0,0.0,CLEAR,, NO UNUSUAL CONDITIONS - NO UNUSUAL CONDITIONS,, ,A,DAYLIGHT,,,,,,,A,NO PEDESTRIANS INVOLVED,,A,21453A,,1.0,E CAPITOL EXPWY,SANJO,,,A,,,STORY RD,,,A,7/23/2024 9:53:20 AM,1/28/2025 2:24:30 PM,,,2,,,,,,,
2552243,2023-232230602,2,False,4313,8/11/2023 4:08:00 PM,1608.0,R2,1368.0,4313.0,San Jose,43.0,True,True,D,BROADSIDE,,Friday,,,,,False,False,True,,C,OTHER MOTOR VEHICLE,,1.0,0.0,CLEAR,, NO UNUSUAL CONDITIONS - NO UNUSUAL CONDITIONS,, ,A,DAYLIGHT,,,,,,,A,NO PEDESTRIANS INVOLVED,,A,21453A,,1.0,HOSTETTER RD,CENTR,,,A,,,FOUR OAKS RD,,,A,7/23/2024 9:53:20 AM,1/28/2025 2:24:30 PM,,,2,,,,,,,