Collision Id,	Report Number,	Report Version,	Is Preliminary,	NCIC Code,Crash Date Time,	Crash Time Description,	Beat,City Id,	City Code,	City Name,County Code,	City Is Active,	City Is Incorporated,	Collision Type Code,Collision Type Description,	Collision Type Other Desc,	Day Of Week,	DispatchNotified,	HasPhotographs,	HitRun,	IsAttachmentsMailed,	IsDeleted,	IsHighwayRelated,	IsTowAway,	JudicialDistrict,	MotorVehicleInvolvedWithCode,	MotorVehicleInvolvedWithDesc,MotorVehicleInvolvedWithOtherDesc,	NumberInjured,	NumberKilled,Weather 1, Weather 2, Road Condition 1, Road Condition 2, Special Condition,LightingCode, LightingDescription,Latitude,Longitude,MilepostDirection,MilepostDistance,MilepostMarker,MilepostUnitOfMeasure,	PedestrianActionCode,PedestrianActionDesc,PreparedDate,	Primary Collision Factor Code,Primary Collision Factor Violation,PrimaryCollisionFactorIsCited,	PrimaryCollisionPartyNumber,	PrimaryRoad,	ReportingDistrict,	ReportingDistrictCode,ReviewedDate,	RoadwaySurfaceCode,SecondaryDirection,	SecondaryDistance,	SecondaryRoad,	SecondaryUnitOfMeasure,	SketchDesc,	TrafficControlDeviceCode,CreatedDate,	ModifiedDate,IsCountyRoad,IsFreeway,CHP555Version,	IsAdditonalObjectStruck,NotificationDate,	NotificationTimeDescription,	HasDigitalMediaFiles,	EvidenceNumber,	IsLocationReferToNarrative,	IsAOIOneSameAsLocation
2576534,2023-232870612,2,False,4313,10/14/2023 4:08:00 PM,1608.0,3,1368.0,4313.0,San Jose,43.0,True,True,B,SIDE SWIPE,,Saturday,,,F,,False,False,False,,E,PARKED MOTOR VEHICLE,,1.0,0.0,CLEAR,, NO UNUSUAL CONDITIONS - NO UNUSUAL CONDITIONS,, ,A,DAYLIGHT,,,,,,,A,NO PEDESTRIANS INVOLVED,,A,22350A,,1.0,COYOTE RD,X-RAY,,,A,,,SENTER RD,,,D,7/23/2024 2:17:38 PM,1/28/2025 3:22:03 PM,,,2,,,,,,,
2576532,2023-233170645,2,False,4313,11/13/2023 3:40:00 PM,1540.0,V2,1368.0,4313.0,San Jose,43.0,True,True,B,SIDE SWIPE,,Monday,,,F,,False,False,False,,C,OTHER MOTOR VEHICLE,,1.0,0.0,CLEAR,, NO UNUSUAL CONDITIONS - NO UNUSUAL CONDITIONS,, ,A,DAYLIGHT,,,,,,,A,NO PEDESTRIANS INVOLVED,,A,22107,,1.0,E HEDDING ST,DV,,,A,,,N 11TH ST,,,D,7/23/2024 2:17:38 PM,1/28/2025 3:22:03 PM,,,2,,,,,,,
2575009,2023-232920725,2,False,4313,10/19/2023 6:19:00 PM,1819.0,R4,1368.0,4313.0,San Jose,43.0,True,True,D,BROADSIDE,,Thursday,,,,,False,False,True,,C,OTHER MOTOR VEHICLE,,1.0,0.0,CLEAR,, NO UNUSUAL CONDITIONS - NO UNUSUAL CONDITIONS,, ,A,DAYLIGHT,,,,,,,A,NO PEDESTRIANS INVOLVED,,A,21801A,,1.0,OAKLAND RD,ROBER,,,A,,,COMMERCIAL ST,,,D,7/23/2024 2:16:37 PM,1/28/2025 3:21:28 PM,,,2,,,,,,,
2574881,2023-233200741,2,False,4313,11/16/2023 7:29:00 PM,1929.0,Y4,1368.0,4313.0,San Jose,43.0,True,True,A,HEAD-ON,,Thursday,,,,,False,False,True,,C,OTHER MOTOR VEHICLE,,1.0,0.0,CLOUDY,, NO UNUSUAL CONDITIONS - NO UNUSUAL CONDITIONS,, ,C,DARK-STREET LIGHTS,,,,,,,A,NO PEDESTRIANS INVOLVED,,A,23152,,1.0,SANTA TERESA BL,DY,,,A,,,MARTINVALE LN,,,A,7/23/2024 2:16:32 PM,1/28/2025 3:21:26 PM,,,2,,,,,,,
2574879,2023-233190509,2,False,4313,11/15/2023 2:40:00 PM,1440.0,T1,1368.0,4313.0,San Jose,43.0,True,True,A,HEAD-ON,,Wednesday,,,,,False,False,True,,A,NON-COLLISION,,1.0,0.0,CLOUDY,, NO UNUSUAL CONDITIONS - NO UNUSUAL CONDITIONS,, ,A,DAYLIGHT,37.1615,-121.561344,,,,,,,,D,,,,S BASCOM AV,SOUTH,,,A,,,IDA DR,,,D,7/23/2024 2:16:32 PM,1/28/2025 3:21:26 PM,,,2,,,,,,,
2574878,2023-233180195,2,False,4313,11/14/2023 8:31:00 AM,831.0,L4,1368.0,4313.0,San Jose,43.0,True,True,D,BROADSIDE,,Tuesday,,,,,False,False,False,,G,BICYCLE,,1.0,0.0,CLEAR,, NO UNUSUAL CONDITIONS - NO UNUSUAL CONDITIONS,, ,A,DAYLIGHT,,,,,,,A,NO PEDESTRIANS INVOLVED,,A,21804A,,1.0,CURTNER AV,WESTE,,,A,,,STONE AV,,,D,7/23/2024 2:16:32 PM,1/28/2025 3:21:26 PM,,,2,,,,,,,
2574877,2023-233110248,2,False,4313,11/7/2023 8:58:00 AM,858.0,R1,1368.0,4313.0,San Jose,43.0,True,True,A,HEAD-ON,,Tuesday,,,,,False,False,True,,C,OTHER MOTOR VEHICLE,,1.0,0.0,CLEAR,, NO UNUSUAL CONDITIONS - NO UNUSUAL CONDITIONS,, ,A,DAYLIGHT,,,,,,,A,NO PEDESTRIANS INVOLVED,,A,21453A,,1.0,JUNCTION AV,ROBER,,,A,,,TRIMBLE RD,,,A,7/23/2024 2:16:32 PM,1/28/2025 3:21:26 PM,,,2,,,,,,,
2574686,2023-233080266,2,False,4313,11/4/2023 9:59:00 AM,959.0,L2,1368.0,4313.0,San Jose,43.0,True,True,G,VEHICLE/PEDESTRAIN,,Saturday,,,,,False,False,False,,,,,1.0,0.0,CLEAR,, NO UNUSUAL CONDITIONS - NO UNUSUAL CONDITIONS,, ,A,DAYLIGHT,,,,,,,D,CROSSING - NOT IN CROSSWALK,,A,22350,,1.0,ROBERTS AV,LINCO,,,,,,ROBERTS AV 1499,,,D,7/23/2024 2:16:24 PM,1/28/2025 3:21:22 PM,,,2,,,,,,,
2574683,2023-233210772,2,False,4313,11/17/2023 7:41:00 PM,1941.0,S3,1368.0,4313.0,San Jose,43.0,True,True,D,BROADSIDE,,Friday,,,,,False,False,False,,C,OTHER MOTOR VEHICLE,,0.0,0.0,CLOUDY,RAINING, NO UNUSUAL CONDITIONS - NO UNUSUAL CONDITIONS,, ,C,DARK-STREET LIGHTS,,,,,,,A,NO PEDESTRIANS INVOLVED,,A,21801,,1.0,WILLOW ST,DISTR,,,B,,,PREVOST ST,,,D,7/23/2024 2:16:24 PM,1/28/2025 3:21:22 PM,,,2,,,,,,,
2574676,2023-233130041,2,False,4313,11/9/2023 1:10:00 AM,110.0,W2,1368.0,4313.0,San Jose,43.0,True,True,F,OVERTURNED,,Thursday,,,,,False,False,True,,A,NON-COLLISION,,1.0,0.0,CLEAR,, NO UNUSUAL CONDITIONS - NO UNUSUAL CONDITIONS,, ,B,DUSK-DAWN,,,,,,,A,NO PEDESTRIANS INVOLVED,,A,23152,,1.0,N CAPITOL AV,WILLI,,,A,,,BATTAGLIA CIR,,,A,7/23/2024 2:16:24 PM,1/28/2025 3:21:22 PM,,,2,,,,,,,
2574675,2023-233110649,2,False,4313,11/9/2023 5:29:00 PM,1729.0,P4,1368.0,4313.0,San Jose,43.0,True,True,,,,Thursday,,,,,False,False,False,,C,OTHER MOTOR VEHICLE,,1.0,0.0,CLOUDY,, NO UNUSUAL CONDITIONS - NO UNUSUAL CONDITIONS,, ,A,DAYLIGHT,,,,,,,A,NO PEDESTRIANS INVOLVED,,A,22350,,1.0,E CAPITOL EXPWY,FOOTH,,,A,,,NIEMAN BL,,,A,7/23/2024 2:16:24 PM,1/28/2025 3:21:22 PM,,,2,,,,,,,
2574673,2023-233140683,2,False,4313,11/10/2023 6:31:00 PM,1831.0,L1,1368.0,4313.0,San Jose,43.0,True,True,A,HEAD-ON,,Friday,,,,,False,False,True,,C,OTHER MOTOR VEHICLE,,1.0,0.0,CLEAR,, NO UNUSUAL CONDITIONS - NO UNUSUAL CONDITIONS,, ,C,DARK-STREET LIGHTS,,,,,,,A,NO PEDESTRIANS INVOLVED,,A,21651B,,1.0,S 7TH ST,LINCO,,,A,,,KEYES ST,,,A,7/23/2024 2:16:24 PM,1/28/2025 3:21:22 PM,,,2,,,,,,,
2574630,2023-232760470,2,False,4313,10/3/2023 1:26:00 PM,1326.0,P4,1368.0,4313.0,San Jose,43.0,True,True,G,VEHICLE/PEDESTRAIN,,Tuesday,,,,,False,False,False,,B,PEDESTRIAN,,1.0,0.0,CLEAR,, NO UNUSUAL CONDITIONS - NO UNUSUAL CONDITIONS,, ,A,DAYLIGHT,,,,,,,B,CROSSING IN CROSS WALK AT INTERSECTION,,A,21950A,,1.0,SILVER CREEK RD,FOOTH,,,A,,,MARSH MANOR WY,,,A,7/23/2024 2:16:22 PM,1/28/2025 3:21:21 PM,,,2,,,,,,,
2574629,2023-232930662,2,False,4313,10/20/2023 6:08:00 PM,1808.0,3,1368.0,4313.0,San Jose,43.0,True,True,D,BROADSIDE,,Friday,,,,,False,False,True,,C,OTHER MOTOR VEHICLE,,2.0,0.0,CLEAR,, NO UNUSUAL CONDITIONS - NO UNUSUAL CONDITIONS,, ,A,DAYLIGHT,,,,,,,A,NO PEDESTRIANS INVOLVED,,A,21804,,1.0,W SAN FERNANDO ST,EDWAR,,,A,,,S ALMADEN BL,,,D,7/23/2024 2:16:22 PM,1/28/2025 3:21:21 PM,,,2,,,,,,,
2574628,2023-232890548,2,False,4313,10/16/2023 2:15:00 PM,1415.0,C3,1368.0,4313.0,San Jose,43.0,True,True,B,SIDE SWIPE,,Monday,,,,,False,False,False,,B,PEDESTRIAN,,1.0,0.0,CLEAR,, NO UNUSUAL CONDITIONS - NO UNUSUAL CONDITIONS,, ,A,DAYLIGHT,,,,,,,B,CROSSING IN CROSS WALK AT INTERSECTION,,A,21950A,,1.0,STORY RD,CHARL,,,A,,,HOPKINS DR,,,A,7/23/2024 2:16:22 PM,1/28/2025 3:21:21 PM,,,2,,,,,,,
2574627,2023-233040120,2,False,4313,10/31/2023 5:37:00 AM,537.0,T2,1368.0,4313.0,San Jose,43.0,True,True,F,OVERTURNED,,Tuesday,,,,,False,False,True,,I,FIXED OBJECT,,1.0,0.0,CLEAR,, NO UNUSUAL CONDITIONS - NO UNUSUAL CONDITIONS,, ,C,DARK-STREET LIGHTS,,,,,,,A,NO PEDESTRIANS INVOLVED,,A,22350,,1.0,CURTNER AV,TOM,,,A,,,FROBISHER WY,,,D,7/23/2024 2:16:22 PM,1/28/2025 3:21:21 PM,,,2,,,,,,,
2574626,2023-232950336,2,False,4313,10/22/2023 9:00:00 AM,900.0,Y3,1368.0,4313.0,San Jose,43.0,True,True,A,HEAD-ON,,Sunday,,,,,False,False,True,,I,FIXED OBJECT,,1.0,0.0,CLEAR,, NO UNUSUAL CONDITIONS - NO UNUSUAL CONDITIONS,, ,A,DAYLIGHT,,,,,,,A,NO PEDESTRIANS INVOLVED,,A,21658A,,1.0,GREAT OAK PKWY,YELLO,,,A,S,1.0,ENDICOTT BL,F,,D,7/23/2024 2:16:22 PM,1/28/2025 3:21:21 PM,,,2,,,,,,,
2574625,2023-233030530,2,False,4313,10/30/2023 3:07:00 PM,1507.0,L1,1368.0,4313.0,San Jose,43.0,True,True,A,HEAD-ON,,Monday,,,,,False,False,False,,C,OTHER MOTOR VEHICLE,,1.0,0.0,CLEAR,, NO UNUSUAL CONDITIONS - NO UNUSUAL CONDITIONS,, ,A,DAYLIGHT,37.191856,-121.524618,,,,,A,NO PEDESTRIANS INVOLVED,,A,21755,,1.0,S 1ST ST,DL,,,A,,,EDWARDS AV,,,,7/23/2024 2:16:21 PM,1/28/2025 3:21:21 PM,,,2,,,,,,,
2574624,2023-232920193,2,False,4313,10/25/2023 8:30:00 AM,830.0,C2,1368.0,4313.0,San Jose,43.0,True,True,C,REAR END,,Wednesday,,,,,False,False,False,,C,OTHER MOTOR VEHICLE,,1.0,0.0,CLEAR,, NO UNUSUAL CONDITIONS - NO UNUSUAL CONDITIONS,, ,A,DAYLIGHT,,,,,,,A,NO PEDESTRIANS INVOLVED,,A,22350,,1.0,LANAI AV,DISTR,,,A,S,60.0,CUNNINGHAM,F,,D,7/23/2024 2:16:21 PM,1/28/2025 3:21:21 PM,,,2,,,,,,,
2574623,2023-232940926,2,False,4313,10/21/2023 11:09:00 PM,2309.0,A4,1368.0,4313.0,San Jose,43.0,True,True,D,BROADSIDE,,Saturday,,,,,False,False,True,,I,FIXED OBJECT,,3.0,0.0,CLEAR,, NO UNUSUAL CONDITIONS - NO UNUSUAL CONDITIONS,, ,C,DARK-STREET LIGHTS,37.134542,-121.521349,,,,,A,NO PEDESTRIANS INVOLVED,,A,22350,,1.0,ALMADEN EXPWY,ADAM,,,A,,,REDMOND AV,,,A,7/23/2024 2:16:21 PM,1/28/2025 3:21:21 PM,,,2,,,,,,,
2574622,2023-232950432,2,False,4313,10/22/2023 11:41:00 AM,1141.0,L1,1368.0,4313.0,San Jose,43.0,True,True,D,BROADSIDE,,Sunday,,,,,False,False,False,,C,OTHER MOTOR VEHICLE,,2.0,0.0,CLOUDY,, NO UNUSUAL CONDITIONS - NO UNUSUAL CONDITIONS,, ,A,DAYLIGHT,,,,,,,A,NO PEDESTRIANS INVOLVED,,A,21802A,,1.0,10TH ST,DL,,,A,,,MARTHA ST,,,A,7/23/2024 2:16:21 PM,1/28/2025 3:21:21 PM,,,2,,,,,,,
2574621,2023-232930927,2,False,4313,10/20/2023 12:37:00 PM,1237.0,X1,1368.0,4313.0,San Jose,43.0,True,True,D,BROADSIDE,,Friday,,,,,False,False,True,,C,OTHER MOTOR VEHICLE,,4.0,0.0,CLEAR,, NO UNUSUAL CONDITIONS - NO UNUSUAL CONDITIONS,, ,C,DARK-STREET LIGHTS,,,,,,,A,NO PEDESTRIANS INVOLVED,,A,21453,,1.0,SNELL AV,DX,,,A,,,THE WOODS DR,,,A,7/23/2024 2:16:21 PM,1/28/2025 3:21:21 PM,,,2,,,,,,,
2574620,2023-232920778,2,False,4313,10/19/2023 7:08:00 PM,1908.0,S4,1368.0,4313.0,San Jose,43.0,True,True,H,OTHER,,Thursday,,,,,False,False,False,,G,BICYCLE,,1.0,0.0,CLEAR,, NO UNUSUAL CONDITIONS - NO UNUSUAL CONDITIONS,, ,A,DAYLIGHT,37.183045,-121.54404,,,,,E,IN ROAD - INCLUDES SHOULDER,,A,,,2.0,LINCOLN AV,DS,,,A,,,WILLOW ST,,,A,7/23/2024 2:16:21 PM,1/28/2025 3:21:21 PM,,,2,,,,,,,
2574619,2023-232940286,2,False,4313,10/21/2023 9:20:00 AM,920.0,P4,1368.0,4313.0,San Jose,43.0,True,True,D,BROADSIDE,,Saturday,,,,,False,False,False,,G,BICYCLE,,1.0,0.0,CLEAR,, NO UNUSUAL CONDITIONS - NO UNUSUAL CONDITIONS,, ,A,DAYLIGHT,,,,,,,A,NO PEDESTRIANS INVOLVED,,A,21801,,1.0,NIEMAN BL,FOOTH,,,A,,,CHARMGLOW CT,,,D,7/23/2024 2:16:21 PM,1/28/2025 3:21:21 PM,,,2,,,,,,,
2574618,2023-232920373,2,False,4313,10/19/2023 11:58:00 AM,1158.0,R1,1368.0,4313.0,San Jose,43.0,True,True,A,HEAD-ON,,Thursday,,,,,False,False,True,,C,OTHER MOTOR VEHICLE,,2.0,0.0,CLEAR,, ,, ,A,DAYLIGHT,,,,,,,,,,A,21804A,,1.0,JUNCTION AV,DISTR,,,,,,DADO ST,,,A,7/23/2024 2:16:21 PM,1/28/2025 3:21:21 PM,,,2,,,,,,,
2574617,2023-232900608,2,False,4313,10/17/2023 4:03:00 PM,1603.0,L5,1368.0,4313.0,San Jose,43.0,True,True,G,VEHICLE/PEDESTRAIN,,Tuesday,,,,,False,False,False,,B,PEDESTRIAN,,1.0,0.0,CLEAR,, NO UNUSUAL CONDITIONS - NO UNUSUAL CONDITIONS,, ,A,DAYLIGHT,37.173627,-121.495973,,,,,B,CROSSING IN CROSS WALK AT INTERSECTION,,A,21950B,,1.0,E CAPITOL EXPWY,WESTE,,,A,,,SENTER RD,,,A,7/23/2024 2:16:21 PM,1/28/2025 3:21:21 PM,,,2,,,,,,,
2574616,2023-232920168,2,False,4313,10/19/2023 7:40:00 AM,740.0,K3,1368.0,4313.0,San Jose,43.0,True,True,,,,Thursday,,,,,False,False,False,,C,OTHER MOTOR VEHICLE,,1.0,0.0,CLEAR,, NO UNUSUAL CONDITIONS - NO UNUSUAL CONDITIONS,, ,A,DAYLIGHT,,,,,,,A,NO PEDESTRIANS INVOLVED,,A,21453A,,1.0,11TH ST,CENTR,,,A,,,SAN FERNANDO ST,,,A,7/23/2024 2:16:21 PM,1/28/2025 3:21:21 PM,,,2,,,,,,,
2574615,2023-232910638,2,False,4313,10/18/2023 4:00:00 PM,1600.0,M4,1368.0,4313.0,San Jose,43.0,True,True,A,HEAD-ON,,Wednesday,,,,,False,False,True,,D,MOTOR VEHICLE ON OTHER ROADWAY,,1.0,0.0,CLEAR,, NO UNUSUAL CONDITIONS - NO UNUSUAL CONDITIONS,, ,A,DAYLIGHT,,,,,,,A,NO PEDESTRIANS INVOLVED,,A,21802A,,1.0,S JACKSON AV,FOOTH,,,A,,,ALUM ROCK AV,,,B,7/23/2024 2:16:21 PM,1/28/2025 3:21:21 PM,,,2,,,,,,,
2574614,2023-232890445,2,False,4313,10/16/2023 12:35:00 PM,1235.0,X5,1368.0,4313.0,San Jose,43.0,True,True,A,HEAD-ON,,Monday,,,,,False,False,True,,I,FIXED OBJECT,,1.0,0.0,CLOUDY,, NO UNUSUAL CONDITIONS - NO UNUSUAL CONDITIONS,, ,A,DAYLIGHT,37.153691,-121.483668,,,,,A,NO PEDESTRIANS INVOLVED,,A,21658,,1.0,MONTEREY RD,SOUTH,,,A,,,CHYNOWETH AV,,,A,7/23/2024 2:16:21 PM,1/28/2025 3:21:21 PM,,,2,,,,,,,
2574613,2023-232870822,2,False,4313,10/14/2023 7:42:00 PM,1942.0,2,1368.0,4313.0,San Jose,43.0,True,True,A,HEAD-ON,,Saturday,,,,,False,False,False,,B,PEDESTRIAN,,1.0,0.0,CLEAR,, NO UNUSUAL CONDITIONS - NO UNUSUAL CONDITIONS,, ,C,DARK-STREET LIGHTS,,,,,,,D,CROSSING - NOT IN CROSSWALK,,A,21950,,1.0,N MONROE ST,FRANK,,,A,N,2.5,CHERRYSTONE DR,F,,D,7/23/2024 2:16:21 PM,1/28/2025 3:21:21 PM,,,2,,,,,,,
2574612,2023-232870463,2,False,4313,10/14/2023 1:23:00 PM,1323.0,3,1368.0,4313.0,San Jose,43.0,True,True,C,REAR END,,Saturday,,,,,False,False,False,,,,,1.0,0.0,CLEAR,, NO UNUSUAL CONDITIONS - NO UNUSUAL CONDITIONS,, ,A,DAYLIGHT,,,,,,,A,NO PEDESTRIANS INVOLVED,,A,22350,,1.0,CHERRY AV,ADAM,,,A,,,BOURET DR,,,D,7/23/2024 2:16:21 PM,1/28/2025 3:21:21 PM,,,2,,,,,,,
2574611,2023-232870302,2,False,4313,10/14/2023 9:08:00 AM,908.0,X1,1368.0,4313.0,San Jose,43.0,True,True,B,SIDE SWIPE,,Saturday,,,,,False,False,False,,C,OTHER MOTOR VEHICLE,,1.0,0.0,CLEAR,, NO UNUSUAL CONDITIONS - NO UNUSUAL CONDITIONS,, ,A,DAYLIGHT,37.164046,-121.50662,,,,,A,NO PEDESTRIANS INVOLVED,,A,22350,,1.0,MONTEREY RD,DX,,,A,,,SENTER RD,,,A,7/23/2024 2:16:21 PM,1/28/2025 3:21:21 PM,,,2,,,,,,,
2574610,2023-233000203,2,False,4313,10/27/2023 8:13:00 AM,813.0,A3,1368.0,4313.0,San Jose,43.0,True,True,A,HEAD-ON,,Friday,,,,,False,False,True,,C,OTHER MOTOR VEHICLE,,1.0,0.0,CLEAR,, NO UNUSUAL CONDITIONS - NO UNUSUAL CONDITIONS,, ,A,DAYLIGHT,,,,,,,A,NO PEDESTRIANS INVOLVED,,A,21453,,1.0,SANCHEZ DR,ADAM,,,A,,,BLOSSOM HILL RD,,,A,7/23/2024 2:16:21 PM,1/28/2025 3:21:21 PM,,,2,,,,,,,
2574609,2023-232960562,2,False,4313,10/23/2023 2:24:00 PM,1424.0,P1,1368.0,4313.0,San Jose,43.0,True,True,G,VEHICLE/PEDESTRAIN,,Monday,,,,,False,False,False,,,,,1.0,0.0,CLEAR,, NO UNUSUAL CONDITIONS - NO UNUSUAL CONDITIONS,, ,A,DAYLIGHT,,,,,,,D,CROSSING - NOT IN CROSSWALK,,A,21950,,1.0,ALVIN AV,DP,,,A,,,FONTAINE RD,,,D,7/23/2024 2:16:21 PM,1/28/2025 3:21:21 PM,,,2,,,,,,,
2574608,2023-232860700,2,False,4313,10/13/2023 6:09:00 PM,1809.0,T2,1368.0,4313.0,San Jose,43.0,True,True,D,BROADSIDE,,Friday,,,,,False,False,True,,C,OTHER MOTOR VEHICLE,,1.0,0.0,CLEAR,, NO UNUSUAL CONDITIONS - NO UNUSUAL CONDITIONS,, ,C,DARK-STREET LIGHTS,37.165027,-121.552157,,,,,A,NO PEDESTRIANS INVOLVED,,A,21802,,1.0,LEIGH AV,TOM,,,A,,,CRESTMONT DR,,,A,7/23/2024 2:16:21 PM,1/28/2025 3:21:20 PM,,,2,,,,,,,
2574607,2023-232860927,2,False,4313,10/13/2023 9:51:00 PM,2151.0,2,1368.0,4313.0,San Jose,43.0,True,True,G,VEHICLE/PEDESTRAIN,,Friday,,,,,False,False,False,,B,PEDESTRIAN,,1.0,0.0,CLEAR,, NO UNUSUAL CONDITIONS - NO UNUSUAL CONDITIONS,, ,C,DARK-STREET LIGHTS,37.12209,-121.50305,,,,,B,CROSSING IN CROSS WALK AT INTERSECTION,,A,21950,,1.0,E CAPITOL EXPWY,X-RAY,,,A,,,SEVEN TREES BL,,,A,7/23/2024 2:16:21 PM,1/28/2025 3:21:20 PM,,,2,,,,,,,
2574606,2023-232810623,2,False,4313,10/6/2023 4:48:00 PM,1648.0,K2,1368.0,4313.0,San Jose,43.0,True,True,F,OVERTURNED,,Friday,,,,,False,False,False,,,,,1.0,0.0,CLEAR,, OTHER* - OTHER*,, ,A,DAYLIGHT,37.20434,-121.523541,,,,,A,NO PEDESTRIANS INVOLVED,,C,,,,E SAN SALVADOR ST,KING,,,A,,,S 10TH ST,,,D,7/23/2024 2:16:21 PM,1/28/2025 3:21:21 PM,,,2,,,,,,,
2574605,2023-232860445,2,False,4313,10/13/2023 2:00:00 PM,1400.0,4,1368.0,4313.0,San Jose,43.0,True,True,A,HEAD-ON,,Friday,,,,,False,False,False,,C,OTHER MOTOR VEHICLE,,1.0,0.0,CLEAR,, NO UNUSUAL CONDITIONS - NO UNUSUAL CONDITIONS,, ,A,DAYLIGHT,37.22432,-121.531234,,,,,A,NO PEDESTRIANS INVOLVED,,A,22107,,1.0,COMMERCIAL ST,ROBER,,,A,,,COMMERCIAL CT,,,D,7/23/2024 2:16:21 PM,1/28/2025 3:21:20 PM,,,2,,,,,,,
2574604,2023-232810610,2,False,4313,10/8/2023 4:18:00 PM,1618.0,X1,1368.0,4313.0,San Jose,43.0,True,True,D,BROADSIDE,,Sunday,,,,,False,False,True,,C,OTHER MOTOR VEHICLE,,2.0,0.0,CLEAR,, NO UNUSUAL CONDITIONS - NO UNUSUAL CONDITIONS,, ,A,DAYLIGHT,,,,,,,A,NO PEDESTRIANS INVOLVED,,A,21453,,1.0,CAPITOL EXPWY,DX,,,A,,,SNELL AV,,,A,7/23/2024 2:16:21 PM,1/28/2025 3:21:20 PM,,,2,,,,,,,
2574597,2023-232870835,2,False,4313,10/14/2023 8:04:00 PM,2004.0,L1,1368.0,4313.0,San Jose,43.0,True,True,A,HEAD-ON,,Saturday,,,,,False,False,False,,,,,1.0,0.0,CLEAR,, NO UNUSUAL CONDITIONS - NO UNUSUAL CONDITIONS,, ,C,DARK-STREET LIGHTS,,,,,,,A,NO PEDESTRIANS INVOLVED,,A,21650,,1.0,KEYES ST,WESTE,,,A,W,13.0,S 11TH ST,F,,A,7/23/2024 2:16:20 PM,1/28/2025 3:21:20 PM,,,2,,,,,,,
2574596,2023-232870965,2,False,4313,10/14/2023 10:07:00 PM,2207.0,6,1368.0,4313.0,San Jose,43.0,True,True,H,OTHER,,Saturday,,,,,False,False,False,,A,NON-COLLISION,,1.0,0.0,CLEAR,, NO UNUSUAL CONDITIONS - NO UNUSUAL CONDITIONS,, ,C,DARK-STREET LIGHTS,37.194659,-121.524269,,,,,A,NO PEDESTRIANS INVOLVED,,A,22350,,1.0,E REED ST,KING,,,A,,,S 6TH ST,,,D,7/23/2024 2:16:20 PM,1/28/2025 3:21:20 PM,,,2,,,,,,,
2574595,2023-233180201,2,False,4313,11/14/2023 9:03:00 AM,903.0,S5,1368.0,4313.0,San Jose,43.0,True,True,D,BROADSIDE,,Tuesday,,,,,False,False,False,,C,OTHER MOTOR VEHICLE,,1.0,0.0,CLEAR,, NO UNUSUAL CONDITIONS - NO UNUSUAL CONDITIONS,, ,A,DAYLIGHT,37.191779,-121.53846,,,,,A,NO PEDESTRIANS INVOLVED,,A,,,1.0,VIRGINIA ST,SAM,,,A,,,VINE AV,,,A,7/23/2024 2:16:20 PM,1/28/2025 3:21:20 PM,,,2,,,,,,,
2574594,2023-233150603,2,False,4313,11/11/2023 5:55:00 PM,1755.0,2,1368.0,4313.0,San Jose,43.0,True,True,,,,Saturday,,,,,False,False,True,,C,OTHER MOTOR VEHICLE,,1.0,0.0,CLEAR,, NO UNUSUAL CONDITIONS - NO UNUSUAL CONDITIONS,, ,C,DARK-STREET LIGHTS,37.201015,-121.532619,,,,,A,NO PEDESTRIANS INVOLVED,,A,21460,,1.0,SANTA CLARA ST,EDWAR,,,A,,,1ST ST,,,,7/23/2024 2:16:20 PM,1/28/2025 3:21:20 PM,,,2,,,,,,,
2573921,2023-232250180,2,False,4313,8/13/2023 5:14:00 AM,514.0,C6,1368.0,4313.0,San Jose,43.0,True,True,C,REAR END,,Sunday,,,,,False,False,True,,E,PARKED MOTOR VEHICLE,,0.0,1.0,CLEAR,, NO UNUSUAL CONDITIONS - NO UNUSUAL CONDITIONS,, ,C,DARK-STREET LIGHTS,,,,,,,A,NO PEDESTRIANS INVOLVED,,A,,,1.0,STORY RD,CHARL,,,A,,,MORAES CT,,,A,7/23/2024 2:15:55 PM,1/28/2025 3:21:04 PM,,,2,,,,,,,
2573909,2023-231090581,3,False,4313,4/19/2023 4:15:00 PM,1615.0,2,1368.0,4313.0,San Jose,43.0,True,True,D,BROADSIDE,,Wednesday,,,,,False,False,False,,C,OTHER MOTOR VEHICLE,,1.0,1.0,CLEAR,, NO UNUSUAL CONDITIONS - NO UNUSUAL CONDITIONS,, ,A,DAYLIGHT,,,,,,,A,NO PEDESTRIANS INVOLVED,,D,,,,E MISSION ST ,VICTO,,,A,,,N 11TH ST,,,A,7/23/2024 2:15:55 PM,7/18/2025 10:09:43 AM,,,2,,,,,,,
2573875,2023-231990994,2,False,4313,7/18/2023 11:40:00 PM,2340.0,C2,1368.0,4313.0,San Jose,43.0,True,True,G,VEHICLE/PEDESTRAIN,,Tuesday,,,,,False,False,True,,B,PEDESTRIAN,,2.0,1.0,CLEAR,, NO UNUSUAL CONDITIONS - NO UNUSUAL CONDITIONS,, ,D,DARK-NO STREET LIGHTS,,,,,,,D,CROSSING - NOT IN CROSSWALK,,A,21955A,,2.0,KING RD,CHARL,,,A,,,OCALA AV,,,A,7/23/2024 2:15:53 PM,1/28/2025 3:21:03 PM,,,2,,,,,,,
2573873,2023-231630203,2,False,4313,6/12/2023 8:04:00 AM,804.0,M1,1368.0,4313.0,San Jose,43.0,True,True,A,HEAD-ON,,Monday,,,,,False,True,True,,B,PEDESTRIAN,,0.0,1.0,CLEAR,, NO UNUSUAL CONDITIONS - NO UNUSUAL CONDITIONS,, ,A,DAYLIGHT,,,,,,,D,CROSSING - NOT IN CROSSWALK,,A,21950,,2.0,MCKEE RD,DISTR,,,A,W,158.0,RT 680,F,,A,7/23/2024 2:15:53 PM,1/28/2025 3:21:03 PM,,,2,,,,,,,
2573872,2023-231710158,3,False,4313,6/20/2023 5:49:00 AM,549.0,5,1368.0,4313.0,San Jose,43.0,True,True,A,HEAD-ON,,Tuesday,,,,,False,False,True,,B,PEDESTRIAN,,0.0,1.0,CLEAR,, NO UNUSUAL CONDITIONS - NO UNUSUAL CONDITIONS,, ,D,DARK-NO STREET LIGHTS,37.213986,-121.50301,,,,,,,,A,21954,,2.0,S CAPITOL AV,MARY,,,A,N,40.0,ROSE AV,F,,D,7/23/2024 2:15:53 PM,7/18/2025 10:09:42 AM,,,2,,,,,,,