Collision Id,	Report Number,	Report Version,	Is Preliminary,	NCIC Code,Crash Date Time,	Crash Time Description,	Beat,City Id,	City Code,	City Name,County Code,	City Is Active,	City Is Incorporated,	Collision Type Code,Collision Type Description,	Collision Type Other Desc,	Day Of Week,	DispatchNotified,	HasPhotographs,	HitRun,	IsAttachmentsMailed,	IsDeleted,	IsHighwayRelated,	IsTowAway,	JudicialDistrict,	MotorVehicleInvolvedWithCode,	MotorVehicleInvolvedWithDesc,MotorVehicleInvolvedWithOtherDesc,	NumberInjured,	NumberKilled,Weather 1, Weather 2, Road Condition 1, Road Condition 2, Special Condition,LightingCode, LightingDescription,Latitude,Longitude,MilepostDirection,MilepostDistance,MilepostMarker,MilepostUnitOfMeasure,	PedestrianActionCode,PedestrianActionDesc,PreparedDate,	Primary Collision Factor Code,Primary Collision Factor Violation,PrimaryCollisionFactorIsCited,	PrimaryCollisionPartyNumber,	PrimaryRoad,	ReportingDistrict,	ReportingDistrictCode,ReviewedDate,	RoadwaySurfaceCode,SecondaryDirection,	SecondaryDistance,	SecondaryRoad,	SecondaryUnitOfMeasure,	SketchDesc,	TrafficControlDeviceCode,CreatedDate,	ModifiedDate,IsCountyRoad,IsFreeway,CHP555Version,	IsAdditonalObjectStruck,NotificationDate,	NotificationTimeDescription,	HasDigitalMediaFiles,	EvidenceNumber,	IsLocationReferToNarrative,	IsAOIOneSameAsLocation
2582644,2023-233260596,2,False,4313,11/22/2023 3:23:00 PM,1523.0,L4,1368.0,4313.0,San Jose,43.0,True,True,,,,Wednesday,,,,,False,False,True,,C,OTHER MOTOR VEHICLE,,1.0,0.0,CLEAR,, NO UNUSUAL CONDITIONS - NO UNUSUAL CONDITIONS,, ,A,DAYLIGHT,,,,,,,A,NO PEDESTRIANS INVOLVED,,A,21801,,1.0,CURTNER AV,LINCO,,,A,,,MONTEREY RD,,,D,7/23/2024 2:22:19 PM,1/28/2025 3:24:17 PM,,,2,,,,,,,
2582643,2023-233150160,2,False,4313,11/11/2023 5:20:00 AM,520.0,F5,1368.0,4313.0,San Jose,43.0,True,True,A,HEAD-ON,,Saturday,,,,,False,False,True,,E,PARKED MOTOR VEHICLE,,1.0,0.0,CLEAR,, NO UNUSUAL CONDITIONS - NO UNUSUAL CONDITIONS,, ,C,DARK-STREET LIGHTS,37.191791,-121.551682,,,,,A,NO PEDESTRIANS INVOLVED,,A,22350A,,1.0,MENKER AV,FRANK,,,A,,,398 MENKER,,,D,7/23/2024 2:22:19 PM,1/28/2025 3:24:17 PM,,,2,,,,,,,
2582642,2023-233150483,2,False,4313,11/11/2023 3:14:00 PM,1514.0,K3,1368.0,4313.0,San Jose,43.0,True,True,C,REAR END,,Saturday,,,,,False,False,False,,C,OTHER MOTOR VEHICLE,,4.0,0.0,CLEAR,, NO UNUSUAL CONDITIONS - NO UNUSUAL CONDITIONS,, ,A,DAYLIGHT,,,,,,,A,NO PEDESTRIANS INVOLVED,,A,22350,,1.0,E SANTA CLARA ST,CENTR,,,A,,,N 11TH ST,,,A,7/23/2024 2:22:18 PM,1/28/2025 3:24:17 PM,,,2,,,,,,,
2582641,2023-233130633,2,False,4313,11/9/2023 5:54:00 PM,1754.0,N3,1368.0,4313.0,San Jose,43.0,True,True,A,HEAD-ON,,Thursday,,,,,False,False,True,,C,OTHER MOTOR VEHICLE,,2.0,0.0,CLEAR,, NO UNUSUAL CONDITIONS - NO UNUSUAL CONDITIONS,, ,C,DARK-STREET LIGHTS,,,,,,,A,NO PEDESTRIANS INVOLVED,,A,21703,,1.0,PAYNE AV,DN,,,A,W,20.0,LIGHT POLE #14G516,F,,D,7/23/2024 2:22:18 PM,1/28/2025 3:24:17 PM,,,2,,,,,,,
2582640,2023-233270331,2,False,4313,11/23/2023 1:38:00 PM,1338.0,F2,1368.0,4313.0,San Jose,43.0,True,True,D,BROADSIDE,,Thursday,,,,,False,False,True,,C,OTHER MOTOR VEHICLE,,3.0,0.0,CLEAR,, NO UNUSUAL CONDITIONS - NO UNUSUAL CONDITIONS,, ,A,DAYLIGHT,,,,,,,A,NO PEDESTRIANS INVOLVED,,A,21453,,1.0,STEVENS CREEK BL,WESTE,,,A,,,MONROE ST,,,A,7/23/2024 2:22:18 PM,1/28/2025 3:24:17 PM,,,2,,,,,,,
2582639,2023-233150025,2,False,4313,11/11/2023 12:25:00 AM,25.0,X1,1368.0,4313.0,San Jose,43.0,True,True,B,SIDE SWIPE,,Saturday,,,,,False,False,True,,C,OTHER MOTOR VEHICLE,,3.0,0.0,CLEAR,, NO UNUSUAL CONDITIONS - NO UNUSUAL CONDITIONS,, ,C,DARK-STREET LIGHTS,,,,,,,A,NO PEDESTRIANS INVOLVED,,A,21453C,,1.0,MONTEREY RD,SOUTH,,,A,,,SKYWAY DR,,,A,7/23/2024 2:22:18 PM,1/28/2025 3:24:17 PM,,,2,,,,,,,
2582638,2023-233200111,2,False,4313,11/16/2023 5:50:00 AM,550.0,R4,1368.0,4313.0,San Jose,43.0,True,True,D,BROADSIDE,,Thursday,,,,,False,True,False,,C,OTHER MOTOR VEHICLE,,3.0,0.0,CLEAR,, ,, ,A,DAYLIGHT,37.214843,-121.532974,,,,,A,NO PEDESTRIANS INVOLVED,,A,22107,,1.0,OAKLAND RD,ROBER,,,A,,,RT 101,,,A,7/23/2024 2:22:18 PM,1/28/2025 3:24:17 PM,,,2,,,,,,,
2582637,2023-233120579,2,False,4313,11/8/2023 3:56:00 PM,1556.0,P2,1368.0,4313.0,San Jose,43.0,True,True,G,VEHICLE/PEDESTRAIN,,Wednesday,,,,,False,False,False,,G,BICYCLE,,1.0,0.0,CLEAR,, NO UNUSUAL CONDITIONS - NO UNUSUAL CONDITIONS,, ,A,DAYLIGHT,,,,,,,A,NO PEDESTRIANS INVOLVED,,A,22107,,1.0,REMINGTON WY,PAUL,,,A,,,QUIMBY RD,,,A,7/23/2024 2:22:18 PM,1/28/2025 3:24:17 PM,,,2,,,,,,,
2582636,2023-233220393,2,False,4313,11/18/2023 11:31:00 AM,1131.0,R5,1368.0,4313.0,San Jose,43.0,True,True,D,BROADSIDE,,Saturday,,,,,False,False,True,,C,OTHER MOTOR VEHICLE,,1.0,0.0,CLEAR,, NO UNUSUAL CONDITIONS - NO UNUSUAL CONDITIONS,, ,A,DAYLIGHT,,,,,,,A,NO PEDESTRIANS INVOLVED,,A,21453,,1.0,BERRYESSA RD ,ROBER,,,A,,,FLICKERING AV,,,A,7/23/2024 2:22:18 PM,1/28/2025 3:24:17 PM,,,2,,,,,,,
2582635,2023-233070420,2,False,4313,11/3/2023 12:39:00 PM,1239.0,L1,1368.0,4313.0,San Jose,43.0,True,True,A,HEAD-ON,,Friday,,,,,False,False,False,,B,PEDESTRIAN,,1.0,0.0,CLEAR,, NO UNUSUAL CONDITIONS - NO UNUSUAL CONDITIONS,, ,A,DAYLIGHT,,,,,,,A,NO PEDESTRIANS INVOLVED,,A,21800,,1.0,S 3RD ST,LINCO,,,A,,,MARTHA ST,,,D,7/23/2024 2:22:18 PM,1/28/2025 3:24:17 PM,,,2,,,,,,,
2582634,2023-233150373,2,False,4313,11/11/2023 1:20:00 PM,1320.0,S5,1368.0,4313.0,San Jose,43.0,True,True,C,REAR END,,Saturday,,,,,False,False,False,,E,PARKED MOTOR VEHICLE,,1.0,0.0,CLEAR,, NO UNUSUAL CONDITIONS - NO UNUSUAL CONDITIONS,, ,A,DAYLIGHT,,,,,,,A,NO PEDESTRIANS INVOLVED,,A,22350,,1.0,VINE ST,SANJ,,,A,S,120.0,GRANT ST,F,,A,7/23/2024 2:22:18 PM,1/28/2025 3:24:17 PM,,,2,,,,,,,
2582633,2023-3300845,2,False,4313,11/26/2023 10:50:00 PM,2250.0,S1,1368.0,4313.0,San Jose,43.0,True,True,C,REAR END,,Sunday,,,,,False,False,True,,E,PARKED MOTOR VEHICLE,,1.0,0.0,CLEAR,, NO UNUSUAL CONDITIONS - NO UNUSUAL CONDITIONS,, ,C,DARK-STREET LIGHTS,,,,,,,A,NO PEDESTRIANS INVOLVED,,A,22107,,1.0,FRUITDALE AV,DS,,,A,,,COLLEGE DR,,,,7/23/2024 2:22:18 PM,1/28/2025 3:24:17 PM,,,2,,,,,,,
2582632,2023-233200630,2,False,4313,11/16/2023 5:15:00 PM,1715.0,F5,1368.0,4313.0,San Jose,43.0,True,True,D,BROADSIDE,,Thursday,,,,,False,False,True,,C,OTHER MOTOR VEHICLE,,1.0,0.0,CLEAR,, NO UNUSUAL CONDITIONS - NO UNUSUAL CONDITIONS,, ,C,DARK-STREET LIGHTS,,,,,,,A,NO PEDESTRIANS INVOLVED,,A,21800,,1.0,PARKMOOR AV,DF,,,,,,NORTHUP ST,,,A,7/23/2024 2:22:18 PM,1/28/2025 3:24:17 PM,,,2,,,,,,,
2582631,2023-233100203,2,False,4313,11/6/2023 8:46:00 AM,846.0,F4,1368.0,4313.0,San Jose,43.0,True,True,D,BROADSIDE,,Monday,,,,,False,False,False,,C,OTHER MOTOR VEHICLE,,1.0,0.0,CLEAR,, NO UNUSUAL CONDITIONS - NO UNUSUAL CONDITIONS,, ,A,DAYLIGHT,,,,,,,A,NO PEDESTRIANS INVOLVED,,A,22106,,1.0,PACIFIC AV,FRANK,,,A,,,LINCOLN AV,,,D,7/23/2024 2:22:18 PM,1/28/2025 3:24:17 PM,,,2,,,,,,,
2582630,2023-233160220,2,False,4313,11/12/2023 8:11:00 AM,811.0,E4,1368.0,4313.0,San Jose,43.0,True,True,A,HEAD-ON,,Sunday,,,,,False,False,True,,D,MOTOR VEHICLE ON OTHER ROADWAY,,2.0,0.0,CLEAR,, NO UNUSUAL CONDITIONS - NO UNUSUAL CONDITIONS,, ,A,DAYLIGHT,,,,,,,A,NO PEDESTRIANS INVOLVED,,A,21801A,,1.0,S MARKET ST,CENTR,,,A,,,W WILLIAM ST,,,D,7/23/2024 2:22:18 PM,1/28/2025 3:24:17 PM,,,2,,,,,,,
2582629,2023-233110879,2,False,4313,11/7/2023 7:30:00 PM,1930.0,P1,1368.0,4313.0,San Jose,43.0,True,True,C,REAR END,,Tuesday,,,,,False,False,False,,C,OTHER MOTOR VEHICLE,,1.0,0.0,CLEAR,, NO UNUSUAL CONDITIONS - NO UNUSUAL CONDITIONS,, ,C,DARK-STREET LIGHTS,,,,,,,A,NO PEDESTRIANS INVOLVED,,A,21703,,1.0,TULLY RD,PAUL,,,A,,,SEACLIFF AV,,,D,7/23/2024 2:22:18 PM,1/28/2025 3:24:17 PM,,,2,,,,,,,
2582628,2023-233220791,2,False,4313,11/18/2023 7:41:00 PM,1941.0,X1,1368.0,4313.0,San Jose,43.0,True,True,D,BROADSIDE,,Saturday,,,,,False,False,True,,C,OTHER MOTOR VEHICLE,,1.0,0.0,RAINING,, NO UNUSUAL CONDITIONS - NO UNUSUAL CONDITIONS,, ,C,DARK-STREET LIGHTS,,,,,,,A,NO PEDESTRIANS INVOLVED,,A,21453A,,1.0,BRANHAM LN,XRAY,,,B,,,NARVAEZ AV,,,A,7/23/2024 2:22:18 PM,1/28/2025 3:24:17 PM,,,2,,,,,,,
2582626,2023-233300553,2,False,4313,11/26/2023 4:53:00 PM,1653.0,4,1368.0,4313.0,San Jose,43.0,True,True,G,VEHICLE/PEDESTRAIN,,Sunday,,,,,False,False,False,,B,PEDESTRIAN,,1.0,0.0,CLEAR,, NO UNUSUAL CONDITIONS - NO UNUSUAL CONDITIONS,, ,C,DARK-STREET LIGHTS,,,,,,,F,NOT IN ROAD,,A,22106,,1.0,STORY RD,LINCO,,,A,,,STORY RD 1062,,,D,7/23/2024 2:22:18 PM,1/28/2025 3:24:17 PM,,,2,,,,,,,
2581735,2023-233100229,2,False,4313,11/6/2023 9:23:00 AM,923.0,4,1368.0,4313.0,San Jose,43.0,True,True,D,BROADSIDE,,Monday,,,,,False,False,False,,C,OTHER MOTOR VEHICLE,,5.0,0.0,CLOUDY,, NO UNUSUAL CONDITIONS - NO UNUSUAL CONDITIONS,, ,A,DAYLIGHT,,,,,,,A,NO PEDESTRIANS INVOLVED,,A,21804A,,1.0,BRIGADOON WY,PAUL,,,A,N,1.0,LADDIE WY,F,,A,7/23/2024 2:21:34 PM,1/28/2025 3:23:57 PM,,,2,,,,,,,
2581733,2023-233120160,2,False,4313,11/8/2023 7:14:00 AM,714.0,F4,1368.0,4313.0,San Jose,43.0,True,True,C,REAR END,,Wednesday,,,,,False,False,True,,C,OTHER MOTOR VEHICLE,,1.0,0.0,CLEAR,, NO UNUSUAL CONDITIONS - NO UNUSUAL CONDITIONS,, ,A,DAYLIGHT,37.202627,-121.54484,,,,,A,NO PEDESTRIANS INVOLVED,,A,21703,,1.0,STOCKTON AV,FRANK,,,A,,,W TAYLOR ST,,,D,7/23/2024 2:21:34 PM,1/28/2025 3:23:57 PM,,,2,,,,,,,
2581681,2023-233370235,2,False,4313,12/3/2023 7:37:00 AM,737.0,2,1368.0,4313.0,San Jose,43.0,True,True,B,SIDE SWIPE,,Sunday,,,,,False,False,True,,C,OTHER MOTOR VEHICLE,,1.0,0.0,CLEAR,, NO UNUSUAL CONDITIONS - NO UNUSUAL CONDITIONS,, ,A,DAYLIGHT,,,,,,,A,NO PEDESTRIANS INVOLVED,,A,22107,,1.0,E CAPITOL EXPWY,XRAY,,,A,,,MONTEREY RD,,,D,7/23/2024 2:21:31 PM,1/28/2025 3:23:55 PM,,,2,,,,,,,
2581668,2023-233460237,2,False,4313,12/12/2023 8:50:00 AM,850.0,Y4,1368.0,4313.0,San Jose,43.0,True,True,D,BROADSIDE,,Tuesday,,,,,False,False,True,,C,OTHER MOTOR VEHICLE,,2.0,0.0,CLOUDY,, NO UNUSUAL CONDITIONS - NO UNUSUAL CONDITIONS,, ,A,DAYLIGHT,,,,,,,A,NO PEDESTRIANS INVOLVED,,A,21801,,1.0,COTTLE RD,SOUTH,,,A,,,LOS PINOS WY,,,D,7/23/2024 2:21:31 PM,1/28/2025 3:23:55 PM,,,2,,,,,,,
2581666,2023-233350504,2,False,4313,12/1/2023 4:46:00 PM,1646.0,F2,1368.0,4313.0,San Jose,43.0,True,True,A,HEAD-ON,,Friday,,,,,False,False,True,,C,OTHER MOTOR VEHICLE,,4.0,0.0,CLEAR,, NO UNUSUAL CONDITIONS - NO UNUSUAL CONDITIONS,, ,A,DAYLIGHT,,,,,,,A,NO PEDESTRIANS INVOLVED,,A,21801,,1.0,NEWHALL ST,WESTE,,,A,,,MONROE ST,,,A,7/23/2024 2:21:30 PM,1/28/2025 3:23:55 PM,,,2,,,,,,,
2581664,2023-233400621,2,False,4313,12/6/2023 3:59:00 PM,1559.0,X2,1368.0,4313.0,San Jose,43.0,True,True,C,REAR END,,Wednesday,,,,,False,False,False,,C,OTHER MOTOR VEHICLE,,1.0,0.0,CLEAR,CLOUDY, NO UNUSUAL CONDITIONS - NO UNUSUAL CONDITIONS,, ,A,DAYLIGHT,,,,,,,A,NO PEDESTRIANS INVOLVED,,A,22350,,1.0,E CAPITOL EXPWY,DX,,,B,,,SENTER RD,,,,7/23/2024 2:21:30 PM,1/28/2025 3:23:55 PM,,,2,,,,,,,
2581662,2023-233580519,2,False,4313,12/24/2023 5:00:00 PM,1700.0,S5,1368.0,4313.0,San Jose,43.0,True,True,D,BROADSIDE,,Sunday,,,,,False,False,True,,C,OTHER MOTOR VEHICLE,,2.0,0.0,CLEAR,, NO UNUSUAL CONDITIONS - NO UNUSUAL CONDITIONS,, ,C,DARK-STREET LIGHTS,,,,,,,A,NO PEDESTRIANS INVOLVED,,A,21453,,1.0,VINE ST,DS,,,A,,,ALMA AV,,,A,7/23/2024 2:21:30 PM,1/28/2025 3:23:55 PM,,,2,,,,,,,
2581660,2023-233630812,2,False,4313,12/29/2023 10:03:00 PM,2203.0,K3,1368.0,4313.0,San Jose,43.0,True,True,C,REAR END,,Friday,,,,,False,False,True,,C,OTHER MOTOR VEHICLE,,2.0,0.0,RAINING,, NO UNUSUAL CONDITIONS - NO UNUSUAL CONDITIONS,, ,C,DARK-STREET LIGHTS,,,,,,,A,NO PEDESTRIANS INVOLVED,,A,21658A,,1.0,E SANTA CLARA ST,DK,,,B,,,N 11TH ST,,,A,7/23/2024 2:21:30 PM,1/28/2025 3:23:55 PM,,,2,,,,,,,
2581500,2023233250206,2,False,4313,11/21/2023 8:16:00 AM,816.0,Y2,1368.0,4313.0,San Jose,43.0,True,True,D,BROADSIDE,,Tuesday,,,,,False,False,False,,G,BICYCLE,,0.0,0.0,CLEAR,, ,, ,A,DAYLIGHT,,,,,,,A,NO PEDESTRIANS INVOLVED,,A,21453A,,1.0,VTA ACCESS RD,DY,,,A,,,SNELL AV,,,A,7/23/2024 2:21:22 PM,1/28/2025 3:23:51 PM,,,2,,,,,,,
2581466,2023233420434,2,False,4313,12/8/2023 12:02:00 PM,1202.0,R1,1368.0,4313.0,San Jose,43.0,True,True,E,HIT OBJECT,,Friday,,,,,False,False,True,,I,FIXED OBJECT,,0.0,0.0,CLEAR,, NO UNUSUAL CONDITIONS - NO UNUSUAL CONDITIONS,, ,A,DAYLIGHT,,,,,,,A,NO PEDESTRIANS INVOLVED,,D,,,,MONTAGUE EXPWY,ROBER,,,A,,,TRIMBLE RD,,,A,7/23/2024 2:21:21 PM,1/28/2025 3:23:51 PM,,,2,,,,,,,
2581436,223-233590011,2,False,4313,12/25/2023 12:08:00 AM,8.0,T2,1368.0,4313.0,San Jose,43.0,True,True,C,REAR END,,Monday,,,,,False,False,False,,C,OTHER MOTOR VEHICLE,,1.0,0.0,CLEAR,, NO UNUSUAL CONDITIONS - NO UNUSUAL CONDITIONS,, ,C,DARK-STREET LIGHTS,,,,,,,A,NO PEDESTRIANS INVOLVED,,A,23152,,1.0,HILLSDALE,TOM,,,A,,,ROSS,,,A,7/23/2024 2:21:19 PM,1/28/2025 3:23:50 PM,,,2,,,,,,,
2581430,2023-233570223,2,False,4313,12/23/2023 8:39:00 AM,839.0,Y3,1368.0,4313.0,San Jose,43.0,True,True,D,BROADSIDE,,Saturday,,,,,False,False,True,,C,OTHER MOTOR VEHICLE,,1.0,0.0,CLEAR,, NO UNUSUAL CONDITIONS - NO UNUSUAL CONDITIONS,, ,A,DAYLIGHT,,,,,,,A,NO PEDESTRIANS INVOLVED,,A,21453A,,1.0,COTTLE RD,YELLO,,,A,,,SANTA TERESA BL,,,A,7/23/2024 2:21:19 PM,1/28/2025 3:23:50 PM,,,2,,,,,,,
2581429,2023-233400280,2,False,4313,12/6/2023 10:00:00 AM,1000.0,1,1368.0,4313.0,San Jose,43.0,True,True,C,REAR END,,Wednesday,,,,,False,False,False,,C,OTHER MOTOR VEHICLE,,1.0,0.0,CLEAR,, NO UNUSUAL CONDITIONS - NO UNUSUAL CONDITIONS,, ,A,DAYLIGHT,,,,,,,A,NO PEDESTRIANS INVOLVED,,A,22350,,1.0,S JACKSON AV,CHARL,,,A,N,515.0,CINDERELLA LN,F,,A,7/23/2024 2:21:19 PM,1/28/2025 3:23:50 PM,,,2,,,,,,,
2581428,2023-233530769,2,False,4313,12/19/2023 6:33:00 PM,1833.0,W1,1368.0,4313.0,San Jose,43.0,True,True,B,SIDE SWIPE,,Tuesday,,,,,False,False,True,,C,OTHER MOTOR VEHICLE,,2.0,0.0,RAINING,, NO UNUSUAL CONDITIONS - NO UNUSUAL CONDITIONS,, ,C,DARK-STREET LIGHTS,,,,,,,A,NO PEDESTRIANS INVOLVED,,A,22107,,1.0,HOSTETTER RD,FOOTH,,,B,,,AGUA VISTA DR,,,D,7/23/2024 2:21:19 PM,1/28/2025 3:23:50 PM,,,2,,,,,,,
2581427,2023-233570651,2,False,4313,12/23/2023 5:39:00 PM,1739.0,M5,1368.0,4313.0,San Jose,43.0,True,True,C,REAR END,,Saturday,,,,,False,False,True,,C,OTHER MOTOR VEHICLE,,2.0,0.0,CLEAR,, NO UNUSUAL CONDITIONS - NO UNUSUAL CONDITIONS,, ,C,DARK-STREET LIGHTS,,,,,,,A,NO PEDESTRIANS INVOLVED,,A,23123,,1.0,CAPITOL EXPWY,MARY,,,A,S,25.0,680 HWY,F,,,7/23/2024 2:21:19 PM,1/28/2025 3:23:50 PM,,,2,,,,,,,
2581426,2023-233420208,2,False,4313,12/8/2023 7:40:00 AM,740.0,3,1368.0,4313.0,San Jose,43.0,True,True,C,REAR END,,Friday,,,,,False,False,False,,C,OTHER MOTOR VEHICLE,,1.0,0.0,CLEAR,, NO UNUSUAL CONDITIONS - NO UNUSUAL CONDITIONS,, ,A,DAYLIGHT,,,,,,,A,NO PEDESTRIANS INVOLVED,,A,22350,,1.0,SARATOGA AV,NORA,,,B,,,MOORPARK AV,,,D,7/23/2024 2:21:19 PM,1/28/2025 3:23:50 PM,,,2,,,,,,,
2581425,2023-233390782,2,False,4313,12/5/2023 8:10:00 PM,2010.0,4,1368.0,4313.0,San Jose,43.0,True,True,C,REAR END,,Tuesday,,,,,False,False,True,,C,OTHER MOTOR VEHICLE,,2.0,0.0,CLEAR,, NO UNUSUAL CONDITIONS - NO UNUSUAL CONDITIONS,, ,C,DARK-STREET LIGHTS,,,,,,,A,NO PEDESTRIANS INVOLVED,,A,22350,,1.0,BERRYESSA RD,ROBER,,,A,,,SIERRA RD,,,,7/23/2024 2:21:19 PM,1/28/2025 3:23:50 PM,,,2,,,,,,,
2581424,2023-233350727,2,False,4313,12/1/2023 6:01:00 PM,1801.0,R4,1368.0,4313.0,San Jose,43.0,True,True,C,REAR END,,Friday,,,,,False,False,True,,C,OTHER MOTOR VEHICLE,,1.0,0.0,CLEAR,, NO UNUSUAL CONDITIONS - NO UNUSUAL CONDITIONS,, ,C,DARK-STREET LIGHTS,,,,,,,A,NO PEDESTRIANS INVOLVED,,A,21703,,1.0,BERRYESSA RD,CENTR,,,A,,,COMMERCIAL ST,,,D,7/23/2024 2:21:19 PM,1/28/2025 3:23:50 PM,,,2,,,,,,,
2581423,2023-233570272,2,False,4313,12/23/2023 10:00:00 AM,1000.0,DC1,1368.0,4313.0,San Jose,43.0,True,True,C,REAR END,,Saturday,,,,,False,False,False,,C,OTHER MOTOR VEHICLE,,1.0,0.0,CLEAR,, NO UNUSUAL CONDITIONS - NO UNUSUAL CONDITIONS,, ,A,DAYLIGHT,,,,,,,A,NO PEDESTRIANS INVOLVED,,A,22350,,1.0,JACKSON AV,DC,,,A,,,CINDERELLA LN,,,A,7/23/2024 2:21:19 PM,1/28/2025 3:23:50 PM,,,2,,,,,,,
2581422,2023-233610618,2,False,4313,12/27/2023 4:08:00 PM,1608.0,3,1368.0,4313.0,San Jose,43.0,True,True,D,BROADSIDE,,Wednesday,,,,,False,False,False,,G,BICYCLE,,1.0,0.0,CLOUDY,, NO UNUSUAL CONDITIONS - NO UNUSUAL CONDITIONS,, ,A,DAYLIGHT,37.182833,-121.52238,,,,,A,NO PEDESTRIANS INVOLVED,,A,21453A,,1.0,SENTER RD,LINCO,,,A,,,NEEDLES DR,,,A,7/23/2024 2:21:19 PM,1/28/2025 3:23:50 PM,,,2,,,,,,,
2581421,2023-233550587,2,False,4313,12/21/2023 3:54:00 PM,1554.0,R4,1368.0,4313.0,San Jose,43.0,True,True,D,BROADSIDE,,Thursday,,,,,False,False,False,,C,OTHER MOTOR VEHICLE,,1.0,0.0,CLEAR,, NO UNUSUAL CONDITIONS - NO UNUSUAL CONDITIONS,, ,A,DAYLIGHT,,,,,,,A,NO PEDESTRIANS INVOLVED,,A,22107,,1.0,BERRYESSA RD,CENTR,,,A,,,BERRYESSA RD 1055,,,D,7/23/2024 2:21:19 PM,1/28/2025 3:23:50 PM,,,2,,,,,,,
2581420,2023-233610783,2,False,4313,12/27/2023 7:35:00 PM,1935.0,K6,1368.0,4313.0,San Jose,43.0,True,True,A,HEAD-ON,,Wednesday,,,,,False,False,False,,C,OTHER MOTOR VEHICLE,,1.0,0.0,RAINING,, NO UNUSUAL CONDITIONS - NO UNUSUAL CONDITIONS,, ,C,DARK-STREET LIGHTS,,,,,,,A,NO PEDESTRIANS INVOLVED,,A,21451A,,1.0,S 10TH ST,CENTR,,,B,,,E REED ST,,,A,7/23/2024 2:21:19 PM,1/28/2025 3:23:50 PM,,,2,,,,,,,
2581419,2023-233620567,2,False,4313,12/28/2023 3:34:00 PM,1534.0,Y5,1368.0,4313.0,San Jose,43.0,True,True,B,SIDE SWIPE,,Thursday,,,F,,False,False,False,,C,OTHER MOTOR VEHICLE,,2.0,0.0,CLOUDY,, NO UNUSUAL CONDITIONS - NO UNUSUAL CONDITIONS,, ,A,DAYLIGHT,,,,,,,A,NO PEDESTRIANS INVOLVED,,A,22350,,1.0,MONTEREY HWY,YELLO,,,A,,,LIVE OAK AV,,,D,7/23/2024 2:21:19 PM,1/28/2025 3:23:50 PM,,,2,,,,,,,
2581418,2023-233610708,2,False,4313,12/27/2023 6:09:00 PM,1809.0,2,1368.0,4313.0,San Jose,43.0,True,True,D,BROADSIDE,,Wednesday,,,,,False,False,True,,C,OTHER MOTOR VEHICLE,,1.0,0.0,CLOUDY,, NO UNUSUAL CONDITIONS - NO UNUSUAL CONDITIONS,, ,C,DARK-STREET LIGHTS,37.211797,-121.531604,,,,,A,NO PEDESTRIANS INVOLVED,,A,21453A,,1.0,E TAYLOR ST,VICTO,,,B,,,N 13TH ST,,,A,7/23/2024 2:21:19 PM,1/28/2025 3:23:50 PM,,,2,,,,,,,
2581417,2023-233610584,2,False,4313,12/27/2023 3:20:00 PM,1520.0,6,1368.0,4313.0,San Jose,43.0,True,True,D,BROADSIDE,,Wednesday,,,,,False,False,True,,C,OTHER MOTOR VEHICLE,,1.0,0.0,CLOUDY,, NO UNUSUAL CONDITIONS - NO UNUSUAL CONDITIONS,, ,A,DAYLIGHT,,,,,,,A,NO PEDESTRIANS INVOLVED,,A,21804,,1.0,MCLAUGHLIN AV,LINCO,,,A,,,LOUPE AV,,,A,7/23/2024 2:21:18 PM,1/28/2025 3:23:50 PM,,,2,,,,,,,
2581416,2023-233580580,2,False,4313,12/24/2023 6:59:00 PM,1859.0,L4,1368.0,4313.0,San Jose,43.0,True,True,A,HEAD-ON,,Sunday,,,,,False,False,True,,C,OTHER MOTOR VEHICLE,,1.0,0.0,CLEAR,, NO UNUSUAL CONDITIONS - NO UNUSUAL CONDITIONS,, ,C,DARK-STREET LIGHTS,,,,,,,A,NO PEDESTRIANS INVOLVED,,A,22350A,,1.0,CURTNER AV,LINCO,,,A,,,MONTEREY RD,,,D,7/23/2024 2:21:18 PM,1/28/2025 3:23:50 PM,,,2,,,,,,,
2581415,2023-2333580357,2,False,4313,12/24/2023 5:32:00 PM,1732.0,P2,1368.0,4313.0,San Jose,43.0,True,True,D,BROADSIDE,,Sunday,,,,,False,False,True,,C,OTHER MOTOR VEHICLE,,2.0,0.0,CLEAR,, NO UNUSUAL CONDITIONS - NO UNUSUAL CONDITIONS,, ,A,DAYLIGHT,,,,,,,A,NO PEDESTRIANS INVOLVED,,A,23103A,,1.0,QUIMBY RD,PAUL,,,A,,,SAND POINT DR,,,A,7/23/2024 2:21:18 PM,1/28/2025 3:23:50 PM,,,2,,,,,,,
2581414,2023-233580412,2,False,4313,12/24/2023 1:57:00 PM,1357.0,1,1368.0,4313.0,San Jose,43.0,True,True,B,SIDE SWIPE,,Sunday,,,,,False,False,False,,C,OTHER MOTOR VEHICLE,,3.0,0.0,CLEAR,, NO UNUSUAL CONDITIONS - NO UNUSUAL CONDITIONS,, ,A,DAYLIGHT,,,,,,,A,NO PEDESTRIANS INVOLVED,,A,22107,,1.0,ALMADEN EXPWY,TOM,,,A,,,CHERRY AV,,,A,7/23/2024 2:21:18 PM,1/28/2025 3:23:49 PM,,,2,,,,,,,
2581413,2023-233380741,2,False,4313,12/4/2023 5:22:00 PM,1722.0,N4,1368.0,4313.0,San Jose,43.0,True,True,A,HEAD-ON,,Monday,,,,,False,False,False,,B,PEDESTRIAN,,1.0,0.0,CLEAR,, NO UNUSUAL CONDITIONS - NO UNUSUAL CONDITIONS,, ,B,DUSK-DAWN,,,,,,,D,CROSSING - NOT IN CROSSWALK,,A,21955A,,1.0,PAYNE AV,WESTE,,,A,,,BOYNTON AV,,,D,7/23/2024 2:21:18 PM,1/28/2025 3:23:50 PM,,,2,,,,,,,
2581258,2023-233390575,2,False,4313,12/5/2023 4:05:00 PM,1605.0,S2,1368.0,4313.0,San Jose,43.0,True,True,B,SIDE SWIPE,,Tuesday,,,,,False,False,False,,D,MOTOR VEHICLE ON OTHER ROADWAY,,2.0,0.0,CLEAR,, NO UNUSUAL CONDITIONS - NO UNUSUAL CONDITIONS,, ,A,DAYLIGHT,,,,,,,A,NO PEDESTRIANS INVOLVED,,A,22107,,1.0,MERIDIAN AV,DS,,,A,N,41.0,ALTA GLEN DR,F,,A,7/23/2024 2:21:10 PM,1/28/2025 3:23:46 PM,,,2,,,,,,,